date,dailyCases,newDeaths28DaysByDeathDate,dailyFirstDoseByVaccinationDate,dailySecondDoseByVaccinationDate,dailyThirdInjectionByVaccinationDate,VaccineRegisterPopulationByVaccinationDate,newVirusTestsBySpecimenDate,newPCRTestsBySpecimenDate
2021-12-20,71.0,1.0,50.0,84.0,2428.0,138017.0,,
2021-12-19,86.0,0.0,71.0,183.0,1354.0,138017.0,,
2021-12-18,68.0,0.0,40.0,42.0,1009.0,138017.0,2276.0,705.0
2021-12-17,82.0,0.0,36.0,114.0,1507.0,138017.0,2511.0,739.0
2021-12-16,93.0,2.0,30.0,67.0,1801.0,138017.0,2779.0,1113.0
2021-12-15,110.0,1.0,70.0,190.0,1629.0,138017.0,2728.0,1016.0
2021-12-14,102.0,0.0,16.0,37.0,1314.0,138017.0,2411.0,1223.0
2021-12-13,91.0,1.0,34.0,46.0,870.0,138017.0,2440.0,1008.0
2021-12-12,65.0,0.0,26.0,65.0,724.0,138017.0,2184.0,715.0
2021-12-11,66.0,0.0,42.0,53.0,747.0,138017.0,1896.0,917.0
2021-12-10,79.0,2.0,39.0,120.0,1255.0,138017.0,2282.0,1103.0
2021-12-09,82.0,1.0,22.0,55.0,809.0,138017.0,2620.0,1376.0
2021-12-08,93.0,0.0,48.0,112.0,1121.0,138017.0,2331.0,1008.0
2021-12-07,62.0,1.0,27.0,72.0,893.0,138017.0,2062.0,1156.0
2021-12-06,56.0,1.0,10.0,34.0,483.0,138017.0,2235.0,960.0
2021-12-05,51.0,0.0,8.0,22.0,422.0,138017.0,1697.0,589.0
2021-12-04,60.0,1.0,30.0,48.0,482.0,138017.0,1641.0,1063.0
2021-12-03,57.0,1.0,23.0,76.0,1232.0,138017.0,2247.0,1363.0
2021-12-02,55.0,0.0,37.0,64.0,1050.0,138017.0,2075.0,1050.0
2021-12-01,60.0,1.0,18.0,57.0,1149.0,138017.0,2413.0,1218.0
2021-11-30,79.0,1.0,38.0,68.0,1027.0,138017.0,2154.0,1279.0
2021-11-29,76.0,0.0,6.0,14.0,369.0,138017.0,2155.0,962.0
2021-11-28,64.0,0.0,21.0,27.0,658.0,138017.0,1921.0,866.0
2021-11-27,32.0,0.0,49.0,53.0,976.0,138017.0,1393.0,835.0
2021-11-26,64.0,1.0,8.0,41.0,909.0,138017.0,1708.0,906.0
2021-11-25,64.0,1.0,14.0,33.0,762.0,138017.0,1841.0,821.0
2021-11-24,69.0,0.0,13.0,51.0,1225.0,138017.0,2172.0,985.0
2021-11-23,84.0,0.0,23.0,39.0,1012.0,138017.0,2062.0,1177.0
2021-11-22,68.0,2.0,8.0,28.0,614.0,138017.0,2252.0,1061.0
2021-11-21,53.0,2.0,30.0,31.0,615.0,138017.0,1925.0,827.0
2021-11-20,55.0,2.0,30.0,23.0,720.0,138017.0,1429.0,878.0
2021-11-19,50.0,2.0,107.0,21.0,692.0,138017.0,1709.0,889.0
2021-11-18,59.0,1.0,19.0,41.0,816.0,138017.0,1980.0,915.0
2021-11-17,92.0,0.0,122.0,61.0,1194.0,138017.0,2381.0,1177.0
2021-11-16,68.0,0.0,26.0,28.0,863.0,138017.0,1992.0,1094.0
2021-11-15,78.0,2.0,17.0,31.0,476.0,138017.0,1829.0,635.0
2021-11-14,49.0,0.0,42.0,20.0,452.0,138017.0,1902.0,792.0
2021-11-13,73.0,1.0,56.0,31.0,388.0,138017.0,1807.0,1226.0
2021-11-12,84.0,0.0,112.0,56.0,1007.0,138017.0,1649.0,710.0
2021-11-11,79.0,2.0,29.0,38.0,764.0,138017.0,2276.0,1205.0
2021-11-10,72.0,0.0,60.0,67.0,1135.0,138017.0,2046.0,895.0
2021-11-09,109.0,0.0,102.0,36.0,897.0,138017.0,1812.0,910.0
2021-11-08,91.0,1.0,49.0,25.0,510.0,138017.0,2578.0,1193.0
2021-11-07,68.0,0.0,35.0,24.0,623.0,138017.0,1659.0,486.0
2021-11-06,65.0,1.0,73.0,42.0,833.0,138017.0,1601.0,908.0
2021-11-05,81.0,0.0,38.0,46.0,1050.0,138017.0,1971.0,1147.0
2021-11-04,95.0,2.0,34.0,40.0,792.0,138017.0,2286.0,1256.0
2021-11-03,118.0,0.0,43.0,46.0,1051.0,138017.0,2197.0,907.0
2021-11-02,113.0,1.0,46.0,22.0,888.0,138017.0,2006.0,1115.0
2021-11-01,128.0,0.0,17.0,28.0,399.0,138017.0,2391.0,1035.0
2021-10-31,109.0,2.0,52.0,32.0,545.0,138017.0,2244.0,819.0
2021-10-30,94.0,0.0,54.0,50.0,606.0,138017.0,1604.0,944.0
2021-10-29,105.0,0.0,70.0,36.0,669.0,138017.0,1918.0,1060.0
2021-10-28,117.0,0.0,72.0,40.0,909.0,138017.0,1935.0,1076.0
2021-10-27,103.0,1.0,38.0,21.0,639.0,138017.0,2219.0,1142.0
2021-10-26,114.0,1.0,66.0,47.0,711.0,138017.0,1954.0,1124.0
2021-10-25,129.0,0.0,41.0,13.0,467.0,138017.0,1984.0,944.0
2021-10-24,83.0,0.0,13.0,28.0,424.0,138017.0,1603.0,741.0
2021-10-23,73.0,0.0,19.0,43.0,607.0,138017.0,1559.0,958.0
2021-10-22,92.0,1.0,24.0,69.0,1060.0,138017.0,2004.0,1085.0
2021-10-21,97.0,0.0,22.0,61.0,843.0,138017.0,2189.0,1169.0
2021-10-20,103.0,0.0,104.0,52.0,728.0,138017.0,2455.0,1179.0
2021-10-19,104.0,0.0,16.0,52.0,587.0,138017.0,2130.0,1283.0
2021-10-18,113.0,0.0,13.0,48.0,442.0,138017.0,2086.0,909.0
2021-10-17,94.0,0.0,13.0,39.0,340.0,138017.0,1947.0,791.0
2021-10-16,61.0,1.0,7.0,40.0,320.0,138017.0,1422.0,819.0
2021-10-15,73.0,0.0,21.0,65.0,482.0,138017.0,1901.0,1112.0
2021-10-14,92.0,0.0,23.0,84.0,648.0,138017.0,2002.0,995.0
2021-10-13,85.0,0.0,57.0,109.0,740.0,138017.0,2615.0,1444.0
2021-10-12,80.0,0.0,18.0,50.0,597.0,138017.0,1989.0,1144.0
2021-10-11,98.0,0.0,9.0,27.0,243.0,138017.0,2221.0,947.0
2021-10-10,73.0,1.0,21.0,38.0,234.0,138017.0,1832.0,708.0
2021-10-09,55.0,0.0,18.0,66.0,406.0,138017.0,1667.0,997.0
2021-10-08,66.0,0.0,178.0,103.0,901.0,138017.0,2112.0,1184.0
2021-10-07,69.0,0.0,46.0,105.0,740.0,138017.0,2163.0,1134.0
2021-10-06,84.0,0.0,194.0,105.0,871.0,138017.0,2531.0,1362.0
2021-10-05,86.0,0.0,235.0,57.0,524.0,138017.0,2092.0,1206.0
2021-10-04,110.0,0.0,140.0,39.0,258.0,138017.0,2189.0,969.0
2021-10-03,71.0,0.0,12.0,46.0,314.0,138017.0,1989.0,785.0
2021-10-02,58.0,0.0,25.0,111.0,382.0,138017.0,1632.0,1025.0
2021-10-01,46.0,1.0,110.0,70.0,757.0,138017.0,2046.0,1182.0
2021-09-30,55.0,0.0,206.0,102.0,859.0,138017.0,2045.0,1005.0
2021-09-29,78.0,2.0,193.0,57.0,473.0,138017.0,2191.0,979.0
2021-09-28,59.0,0.0,15.0,65.0,558.0,138017.0,2031.0,1125.0
2021-09-27,89.0,0.0,201.0,65.0,287.0,138017.0,2315.0,1023.0
2021-09-26,51.0,1.0,19.0,44.0,95.0,138017.0,2299.0,961.0
2021-09-25,61.0,0.0,25.0,105.0,198.0,138017.0,1516.0,906.0
2021-09-24,58.0,0.0,18.0,68.0,293.0,138017.0,1767.0,881.0
2021-09-23,65.0,1.0,50.0,218.0,195.0,138017.0,2028.0,892.0
2021-09-22,63.0,2.0,36.0,106.0,257.0,138017.0,2031.0,847.0
2021-09-21,68.0,1.0,5.0,19.0,11.0,138017.0,2089.0,1166.0
2021-09-20,74.0,0.0,14.0,39.0,18.0,138017.0,2245.0,865.0
2021-09-19,56.0,1.0,17.0,58.0,0.0,138017.0,2173.0,690.0
2021-09-18,34.0,0.0,33.0,145.0,2.0,138017.0,1546.0,863.0
2021-09-17,74.0,3.0,42.0,148.0,1.0,138017.0,1814.0,946.0
2021-09-16,69.0,1.0,44.0,182.0,0.0,138017.0,2209.0,1028.0
2021-09-15,70.0,0.0,45.0,147.0,0.0,138017.0,2587.0,1226.0
2021-09-14,56.0,0.0,31.0,73.0,0.0,138017.0,2388.0,1174.0
2021-09-13,74.0,0.0,11.0,62.0,0.0,138017.0,3072.0,834.0
2021-09-12,54.0,1.0,14.0,73.0,0.0,138017.0,2094.0,682.0
2021-09-11,65.0,0.0,32.0,263.0,0.0,138017.0,1756.0,1004.0
2021-09-10,81.0,0.0,46.0,193.0,0.0,138017.0,2756.0,930.0
2021-09-09,95.0,0.0,57.0,284.0,0.0,138017.0,3312.0,1049.0
2021-09-08,100.0,0.0,22.0,123.0,0.0,138017.0,3201.0,1140.0
2021-09-07,111.0,0.0,28.0,132.0,0.0,138017.0,2635.0,887.0
2021-09-06,107.0,0.0,11.0,137.0,0.0,138017.0,2707.0,869.0
2021-09-05,80.0,2.0,22.0,142.0,0.0,138017.0,2345.0,1004.0
2021-09-04,93.0,0.0,51.0,310.0,0.0,138017.0,1622.0,941.0
2021-09-03,88.0,1.0,34.0,244.0,0.0,138017.0,2376.0,1263.0
2021-09-02,102.0,1.0,74.0,296.0,0.0,138017.0,1815.0,661.0
2021-09-01,120.0,0.0,61.0,231.0,0.0,138017.0,2530.0,1227.0
2021-08-31,105.0,0.0,19.0,166.0,0.0,138017.0,1901.0,878.0
2021-08-30,75.0,1.0,6.0,91.0,0.0,138017.0,1554.0,667.0
2021-08-29,55.0,1.0,38.0,132.0,1.0,138017.0,1340.0,647.0
2021-08-28,57.0,0.0,73.0,187.0,0.0,138017.0,1456.0,773.0
2021-08-27,82.0,1.0,57.0,335.0,0.0,138017.0,1974.0,1004.0
2021-08-26,86.0,0.0,83.0,324.0,0.0,138017.0,2112.0,744.0
2021-08-25,82.0,0.0,103.0,337.0,0.0,138017.0,2346.0,994.0
2021-08-24,100.0,0.0,26.0,224.0,0.0,138017.0,1848.0,950.0
2021-08-23,66.0,0.0,16.0,133.0,0.0,138017.0,1755.0,745.0
2021-08-22,61.0,0.0,83.0,280.0,0.0,138017.0,1525.0,692.0
2021-08-21,75.0,0.0,99.0,212.0,0.0,138017.0,1581.0,942.0
2021-08-20,76.0,1.0,117.0,344.0,0.0,138017.0,1826.0,949.0
2021-08-19,65.0,0.0,99.0,388.0,0.0,138017.0,1766.0,874.0
2021-08-18,84.0,1.0,123.0,226.0,0.0,138017.0,1748.0,813.0
2021-08-17,61.0,0.0,88.0,149.0,0.0,138017.0,1708.0,841.0
2021-08-16,83.0,0.0,67.0,226.0,1.0,138017.0,1710.0,720.0
2021-08-15,41.0,0.0,153.0,185.0,0.0,138017.0,1545.0,693.0
2021-08-14,60.0,0.0,195.0,371.0,0.0,138017.0,1357.0,723.0
2021-08-13,56.0,0.0,195.0,341.0,0.0,138017.0,1788.0,899.0
2021-08-12,82.0,0.0,128.0,368.0,0.0,138017.0,1841.0,828.0
2021-08-11,71.0,0.0,230.0,274.0,0.0,138017.0,2012.0,985.0
2021-08-10,53.0,0.0,55.0,178.0,0.0,138017.0,1766.0,889.0
2021-08-09,54.0,0.0,18.0,112.0,0.0,138017.0,1692.0,622.0
2021-08-08,38.0,0.0,75.0,242.0,0.0,138017.0,1487.0,589.0
2021-08-07,37.0,1.0,68.0,296.0,0.0,138017.0,1357.0,774.0
2021-08-06,58.0,0.0,79.0,384.0,2.0,138017.0,1936.0,913.0
2021-08-05,69.0,2.0,88.0,239.0,0.0,138017.0,1760.0,811.0
2021-08-04,67.0,0.0,72.0,180.0,0.0,138017.0,2132.0,1044.0
2021-08-03,48.0,1.0,32.0,106.0,0.0,138017.0,1898.0,945.0
2021-08-02,61.0,1.0,18.0,38.0,0.0,138017.0,1756.0,601.0
2021-08-01,50.0,0.0,36.0,139.0,0.0,138017.0,1508.0,579.0
2021-07-31,60.0,0.0,68.0,187.0,0.0,138017.0,1477.0,797.0
2021-07-30,80.0,1.0,77.0,243.0,0.0,138017.0,2125.0,1035.0
2021-07-29,82.0,1.0,110.0,189.0,0.0,138017.0,1834.0,755.0
2021-07-28,74.0,1.0,89.0,323.0,0.0,138017.0,2234.0,917.0
2021-07-27,80.0,0.0,28.0,58.0,0.0,138017.0,2186.0,1048.0
2021-07-26,94.0,1.0,26.0,56.0,0.0,138017.0,2166.0,706.0
2021-07-25,83.0,0.0,40.0,302.0,0.0,138017.0,1861.0,647.0
2021-07-24,90.0,1.0,92.0,353.0,0.0,138017.0,1890.0,1069.0
2021-07-23,96.0,0.0,109.0,509.0,0.0,138017.0,2269.0,1154.0
2021-07-22,115.0,0.0,130.0,361.0,0.0,138017.0,2723.0,1127.0
2021-07-21,159.0,0.0,93.0,553.0,0.0,138017.0,3062.0,1192.0
2021-07-20,155.0,0.0,60.0,90.0,0.0,138017.0,2567.0,1326.0
2021-07-19,214.0,3.0,75.0,126.0,0.0,138017.0,2973.0,1060.0
2021-07-18,156.0,0.0,84.0,349.0,0.0,138017.0,3167.0,1252.0
2021-07-17,167.0,1.0,134.0,535.0,0.0,138017.0,2362.0,1511.0
2021-07-16,232.0,0.0,108.0,1018.0,0.0,138017.0,2930.0,1696.0
2021-07-15,249.0,0.0,119.0,917.0,0.0,138017.0,3335.0,1610.0
2021-07-14,292.0,0.0,129.0,929.0,1.0,138017.0,3491.0,1295.0
2021-07-13,303.0,2.0,106.0,146.0,0.0,138017.0,2893.0,1370.0
2021-07-12,281.0,0.0,76.0,62.0,0.0,138017.0,3173.0,1131.0
2021-07-11,226.0,0.0,98.0,279.0,0.0,138017.0,3267.0,1271.0
2021-07-10,217.0,0.0,315.0,767.0,0.0,138017.0,2879.0,1962.0
2021-07-09,255.0,2.0,122.0,125.0,0.0,138017.0,3103.0,1784.0
2021-07-08,291.0,0.0,327.0,481.0,0.0,138017.0,3194.0,1339.0
2021-07-07,350.0,0.0,290.0,386.0,0.0,138017.0,4159.0,1923.0
2021-07-06,361.0,0.0,201.0,153.0,1.0,138017.0,3535.0,1856.0
2021-07-05,382.0,0.0,234.0,84.0,0.0,138017.0,3267.0,951.0
2021-07-04,257.0,0.0,39.0,62.0,0.0,138017.0,3417.0,1038.0
2021-07-03,201.0,0.0,406.0,439.0,1.0,138017.0,2509.0,1558.0
2021-07-02,219.0,0.0,286.0,140.0,0.0,138017.0,2914.0,1594.0
2021-07-01,213.0,1.0,297.0,284.0,1.0,138017.0,2750.0,923.0
2021-06-30,189.0,0.0,539.0,236.0,0.0,138017.0,3990.0,1713.0
2021-06-29,200.0,0.0,286.0,148.0,0.0,138017.0,2785.0,1447.0
2021-06-28,139.0,0.0,311.0,87.0,0.0,138017.0,2817.0,698.0
2021-06-27,98.0,0.0,443.0,892.0,0.0,138017.0,3066.0,768.0
2021-06-26,102.0,0.0,350.0,902.0,1.0,138017.0,1684.0,980.0
2021-06-25,103.0,0.0,351.0,544.0,0.0,138017.0,2230.0,1050.0
2021-06-24,81.0,0.0,383.0,567.0,0.0,138017.0,2510.0,847.0
2021-06-23,78.0,0.0,215.0,373.0,0.0,138017.0,2902.0,845.0
2021-06-22,51.0,0.0,176.0,186.0,0.0,138017.0,2188.0,1132.0
2021-06-21,57.0,0.0,196.0,146.0,0.0,138017.0,2474.0,562.0
2021-06-20,30.0,0.0,85.0,1090.0,0.0,138017.0,2704.0,577.0
2021-06-19,25.0,0.0,814.0,320.0,0.0,138017.0,1379.0,776.0
2021-06-18,37.0,0.0,348.0,490.0,0.0,138017.0,2090.0,1044.0
2021-06-17,42.0,0.0,406.0,289.0,2.0,138017.0,2239.0,671.0
2021-06-16,31.0,0.0,176.0,144.0,0.0,138017.0,2809.0,940.0
2021-06-15,34.0,0.0,316.0,158.0,0.0,138017.0,1938.0,870.0
2021-06-14,28.0,0.0,267.0,92.0,0.0,138017.0,2199.0,370.0
2021-06-13,22.0,0.0,74.0,106.0,0.0,138017.0,2419.0,485.0
2021-06-12,11.0,0.0,559.0,593.0,0.0,138017.0,1135.0,606.0
2021-06-11,22.0,0.0,265.0,354.0,0.0,138017.0,1695.0,774.0
2021-06-10,15.0,1.0,372.0,344.0,0.0,138017.0,1876.0,472.0
2021-06-09,17.0,0.0,61.0,302.0,0.0,138017.0,2536.0,840.0
2021-06-08,18.0,0.0,117.0,209.0,0.0,138017.0,1836.0,843.0
2021-06-07,27.0,0.0,48.0,204.0,0.0,138017.0,2321.0,504.0
2021-06-06,16.0,0.0,24.0,208.0,0.0,138017.0,2774.0,405.0
2021-06-05,3.0,0.0,38.0,341.0,0.0,138017.0,1093.0,579.0
2021-06-04,10.0,0.0,97.0,567.0,0.0,138017.0,1649.0,732.0
2021-06-03,18.0,0.0,116.0,1034.0,1.0,138017.0,1915.0,780.0
2021-06-02,15.0,0.0,79.0,1242.0,0.0,138017.0,2034.0,787.0
2021-06-01,7.0,0.0,56.0,914.0,0.0,138017.0,1609.0,447.0
2021-05-31,5.0,0.0,36.0,163.0,0.0,138017.0,1627.0,424.0
2021-05-30,4.0,0.0,43.0,1923.0,0.0,138017.0,1393.0,323.0
2021-05-29,12.0,0.0,135.0,1365.0,0.0,138017.0,1227.0,642.0
2021-05-28,3.0,0.0,547.0,552.0,0.0,138017.0,1498.0,654.0
2021-05-27,6.0,0.0,753.0,578.0,0.0,138017.0,2027.0,641.0
2021-05-26,5.0,0.0,1105.0,465.0,0.0,138017.0,2576.0,681.0
2021-05-25,6.0,0.0,35.0,1368.0,0.0,138017.0,1835.0,806.0
2021-05-24,5.0,0.0,38.0,201.0,0.0,138017.0,2345.0,448.0
2021-05-23,7.0,0.0,75.0,1956.0,1.0,138017.0,2724.0,421.0
2021-05-22,2.0,0.0,133.0,1969.0,0.0,138017.0,1045.0,480.0
2021-05-21,2.0,0.0,1016.0,367.0,0.0,138017.0,1606.0,742.0
2021-05-20,1.0,0.0,1426.0,443.0,0.0,138017.0,2044.0,403.0
2021-05-19,2.0,0.0,1230.0,551.0,0.0,138017.0,2744.0,722.0
2021-05-18,5.0,0.0,61.0,1846.0,1.0,138017.0,1699.0,665.0
2021-05-17,6.0,0.0,355.0,1218.0,0.0,138017.0,2375.0,398.0
2021-05-16,1.0,0.0,476.0,504.0,0.0,138017.0,2647.0,368.0
2021-05-15,2.0,0.0,548.0,489.0,0.0,138017.0,1004.0,564.0
2021-05-14,1.0,0.0,422.0,532.0,0.0,138017.0,1476.0,601.0
2021-05-13,5.0,0.0,578.0,823.0,0.0,138017.0,2093.0,516.0
2021-05-12,4.0,0.0,421.0,1149.0,0.0,138017.0,2860.0,681.0
2021-05-11,4.0,0.0,396.0,755.0,0.0,138017.0,1830.0,660.0
2021-05-10,0.0,0.0,33.0,355.0,0.0,138017.0,2459.0,426.0
2021-05-09,9.0,0.0,30.0,816.0,0.0,138017.0,3075.0,388.0
2021-05-08,6.0,0.0,114.0,857.0,0.0,138017.0,1121.0,619.0
2021-05-07,3.0,0.0,111.0,982.0,0.0,138017.0,1838.0,787.0
2021-05-06,1.0,0.0,96.0,1401.0,1.0,138017.0,2284.0,558.0
2021-05-05,3.0,0.0,52.0,1496.0,0.0,138017.0,3366.0,807.0
2021-05-04,1.0,0.0,44.0,1011.0,0.0,138017.0,2226.0,468.0
2021-05-03,6.0,0.0,26.0,118.0,0.0,138017.0,2614.0,383.0
2021-05-02,4.0,0.0,647.0,491.0,0.0,138017.0,1998.0,431.0
2021-05-01,1.0,0.0,43.0,1682.0,0.0,138017.0,1013.0,526.0
2021-04-30,2.0,0.0,37.0,1640.0,0.0,138017.0,1576.0,667.0
2021-04-29,0.0,0.0,44.0,1513.0,0.0,138017.0,2479.0,617.0
2021-04-28,2.0,0.0,52.0,1548.0,0.0,138017.0,3390.0,679.0
2021-04-27,3.0,0.0,381.0,854.0,0.0,138017.0,1867.0,682.0
2021-04-26,5.0,0.0,899.0,199.0,0.0,138017.0,2690.0,429.0
2021-04-25,2.0,0.0,929.0,770.0,0.0,138017.0,3342.0,328.0
2021-04-24,4.0,0.0,115.0,2417.0,0.0,138017.0,1320.0,720.0
2021-04-23,7.0,0.0,129.0,1875.0,0.0,138017.0,1654.0,642.0
2021-04-22,1.0,1.0,620.0,917.0,0.0,138017.0,2431.0,465.0
2021-04-21,6.0,0.0,633.0,1012.0,0.0,138017.0,3541.0,795.0
2021-04-20,4.0,0.0,765.0,1050.0,0.0,138017.0,1753.0,568.0
2021-04-19,6.0,0.0,705.0,509.0,0.0,138017.0,2615.0,362.0
2021-04-18,3.0,0.0,99.0,544.0,0.0,138017.0,4374.0,412.0
2021-04-17,1.0,0.0,103.0,606.0,0.0,138017.0,1042.0,523.0
2021-04-16,3.0,0.0,128.0,1388.0,1.0,138017.0,1444.0,600.0
2021-04-15,6.0,0.0,453.0,379.0,0.0,138017.0,2022.0,434.0
2021-04-14,7.0,1.0,473.0,251.0,0.0,138017.0,2704.0,761.0
2021-04-13,3.0,0.0,33.0,227.0,0.0,138017.0,1609.0,592.0
2021-04-12,5.0,0.0,50.0,452.0,0.0,138017.0,2130.0,419.0
2021-04-11,3.0,0.0,27.0,496.0,0.0,138017.0,2456.0,409.0
2021-04-10,2.0,0.0,190.0,1317.0,1.0,138017.0,1011.0,577.0
2021-04-09,1.0,0.0,186.0,1061.0,0.0,138017.0,1523.0,728.0
2021-04-08,2.0,0.0,104.0,1024.0,0.0,138017.0,2063.0,661.0
2021-04-07,2.0,0.0,85.0,926.0,1.0,138017.0,2961.0,873.0
2021-04-06,3.0,0.0,758.0,229.0,0.0,138017.0,1465.0,479.0
2021-04-05,2.0,0.0,126.0,74.0,0.0,138017.0,1763.0,331.0
2021-04-04,4.0,0.0,99.0,38.0,0.0,138017.0,2037.0,333.0
2021-04-03,3.0,0.0,157.0,1334.0,0.0,138017.0,948.0,469.0
2021-04-02,1.0,0.0,111.0,1008.0,0.0,138017.0,1162.0,687.0
2021-04-01,5.0,0.0,143.0,1146.0,0.0,138017.0,2109.0,578.0
2021-03-31,18.0,0.0,447.0,426.0,0.0,138017.0,3837.0,729.0
2021-03-30,4.0,0.0,440.0,300.0,0.0,138017.0,1458.0,751.0
2021-03-29,10.0,0.0,258.0,433.0,0.0,138017.0,1128.0,472.0
2021-03-28,6.0,0.0,247.0,373.0,0.0,138017.0,6315.0,515.0
2021-03-27,10.0,0.0,1016.0,956.0,1.0,138017.0,1231.0,832.0
2021-03-26,13.0,0.0,1747.0,339.0,0.0,138017.0,1950.0,978.0
2021-03-25,10.0,0.0,1222.0,169.0,0.0,138017.0,2848.0,602.0
2021-03-24,5.0,0.0,722.0,120.0,0.0,138017.0,5105.0,905.0
2021-03-23,4.0,0.0,345.0,123.0,0.0,138017.0,2126.0,847.0
2021-03-22,10.0,1.0,159.0,120.0,0.0,138017.0,2827.0,477.0
2021-03-21,5.0,0.0,755.0,299.0,0.0,138017.0,4836.0,442.0
2021-03-20,15.0,1.0,970.0,816.0,0.0,138017.0,1074.0,656.0
2021-03-19,19.0,0.0,965.0,1010.0,0.0,138017.0,2153.0,803.0
2021-03-18,19.0,0.0,984.0,806.0,0.0,138017.0,4133.0,661.0
2021-03-17,24.0,1.0,1602.0,100.0,0.0,138017.0,4712.0,861.0
2021-03-16,15.0,0.0,1513.0,109.0,0.0,138017.0,4220.0,975.0
2021-03-15,25.0,1.0,225.0,43.0,0.0,138017.0,4205.0,496.0
2021-03-14,15.0,0.0,442.0,3.0,0.0,138017.0,1967.0,346.0
2021-03-13,13.0,1.0,1638.0,21.0,0.0,138017.0,1067.0,692.0
2021-03-12,18.0,0.0,1361.0,122.0,0.0,138017.0,3865.0,685.0
2021-03-11,17.0,0.0,377.0,474.0,1.0,138017.0,4226.0,815.0
2021-03-10,15.0,0.0,268.0,581.0,1.0,138017.0,3885.0,517.0
2021-03-09,15.0,0.0,124.0,645.0,0.0,138017.0,4248.0,701.0
2021-03-08,22.0,0.0,263.0,35.0,0.0,138017.0,4533.0,380.0
2021-03-07,16.0,0.0,840.0,0.0,0.0,138017.0,2115.0,641.0
2021-03-06,9.0,3.0,1212.0,36.0,0.0,138017.0,839.0,260.0
2021-03-05,7.0,1.0,1285.0,278.0,0.0,138017.0,2264.0,660.0
2021-03-04,10.0,0.0,131.0,116.0,0.0,138017.0,2481.0,747.0
2021-03-03,21.0,0.0,110.0,64.0,0.0,138017.0,2149.0,694.0
2021-03-02,16.0,1.0,201.0,83.0,0.0,138017.0,1768.0,723.0
2021-03-01,28.0,0.0,414.0,63.0,0.0,138017.0,2048.0,433.0
2021-02-28,10.0,1.0,453.0,103.0,0.0,138017.0,1362.0,593.0
2021-02-27,13.0,0.0,432.0,164.0,0.0,138017.0,582.0,389.0
2021-02-26,23.0,0.0,613.0,7.0,0.0,138017.0,1437.0,713.0
2021-02-25,35.0,0.0,1103.0,4.0,0.0,138017.0,1962.0,793.0
2021-02-24,29.0,1.0,1131.0,4.0,0.0,138017.0,1605.0,460.0
2021-02-23,34.0,1.0,721.0,1.0,0.0,138017.0,1700.0,757.0
2021-02-22,16.0,0.0,473.0,0.0,0.0,138017.0,1859.0,436.0
2021-02-21,31.0,0.0,703.0,1.0,0.0,138017.0,1431.0,603.0
2021-02-20,14.0,3.0,760.0,2.0,0.0,138017.0,709.0,520.0
2021-02-19,22.0,2.0,1285.0,2.0,0.0,138017.0,1052.0,672.0
2021-02-18,32.0,2.0,1236.0,2.0,1.0,138017.0,1176.0,646.0
2021-02-17,32.0,0.0,778.0,2.0,0.0,138017.0,1060.0,570.0
2021-02-16,40.0,0.0,817.0,1.0,0.0,138017.0,1269.0,893.0
2021-02-15,38.0,4.0,1326.0,0.0,0.0,138017.0,1162.0,455.0
2021-02-14,24.0,0.0,188.0,0.0,0.0,138017.0,804.0,404.0
2021-02-13,29.0,0.0,1764.0,0.0,0.0,138017.0,779.0,597.0
2021-02-12,27.0,1.0,1332.0,0.0,0.0,138017.0,1323.0,691.0
2021-02-11,28.0,1.0,1367.0,1.0,1.0,138017.0,1692.0,599.0
2021-02-10,28.0,1.0,1427.0,2.0,,138017.0,1747.0,807.0
2021-02-09,37.0,0.0,1443.0,2.0,,138017.0,1388.0,719.0
2021-02-08,30.0,1.0,1948.0,0.0,,138017.0,1819.0,503.0
2021-02-07,29.0,1.0,1844.0,0.0,,138017.0,1220.0,400.0
2021-02-06,37.0,3.0,1224.0,1.0,,138017.0,1001.0,813.0
2021-02-05,35.0,2.0,1126.0,1.0,,138017.0,1664.0,985.0
2021-02-04,40.0,1.0,1024.0,0.0,,138017.0,1907.0,767.0
2021-02-03,50.0,1.0,931.0,1.0,,138017.0,1795.0,791.0
2021-02-02,32.0,2.0,961.0,0.0,,138017.0,1369.0,746.0
2021-02-01,35.0,1.0,529.0,0.0,,138017.0,1767.0,468.0
2021-01-31,39.0,2.0,945.0,0.0,,138017.0,1235.0,444.0
2021-01-30,35.0,2.0,1616.0,2.0,,138017.0,884.0,728.0
2021-01-29,36.0,2.0,861.0,0.0,,138017.0,1500.0,837.0
2021-01-28,58.0,1.0,323.0,1.0,,138017.0,1679.0,635.0
2021-01-27,53.0,1.0,305.0,0.0,,138017.0,1871.0,853.0
2021-01-26,47.0,1.0,548.0,0.0,,138017.0,1727.0,1001.0
2021-01-25,62.0,5.0,350.0,0.0,,138017.0,1644.0,507.0
2021-01-24,43.0,2.0,507.0,0.0,,138017.0,958.0,462.0
2021-01-23,40.0,3.0,1488.0,0.0,,138017.0,791.0,651.0
2021-01-22,44.0,1.0,1031.0,0.0,,138017.0,1413.0,878.0
2021-01-21,54.0,3.0,483.0,3.0,,138017.0,1276.0,761.0
2021-01-20,68.0,4.0,607.0,0.0,,138017.0,1211.0,789.0
2021-01-19,69.0,1.0,536.0,0.0,,138017.0,1357.0,917.0
2021-01-18,97.0,4.0,417.0,1.0,,138017.0,1151.0,544.0
2021-01-17,51.0,2.0,441.0,0.0,,138017.0,597.0,449.0
2021-01-16,40.0,3.0,604.0,0.0,,138017.0,1027.0,923.0
2021-01-15,66.0,1.0,637.0,0.0,,138017.0,1157.0,869.0
2021-01-14,62.0,2.0,376.0,1.0,,138017.0,1138.0,852.0
2021-01-13,70.0,1.0,603.0,0.0,,138017.0,963.0,686.0
2021-01-12,55.0,1.0,650.0,0.0,,138017.0,1182.0,934.0
2021-01-11,90.0,3.0,529.0,7.0,,138017.0,1018.0,652.0
2021-01-10,59.0,4.0,556.0,24.0,,138017.0,947.0,862.0
2021-01-09,70.0,4.0,704.0,67.0,,138017.0,1170.0,1112.0
2021-01-08,70.0,0.0,580.0,285.0,,138017.0,1112.0,927.0
2021-01-07,72.0,5.0,641.0,294.0,,138017.0,789.0,683.0
2021-01-06,86.0,0.0,161.0,309.0,,138017.0,983.0,837.0
2021-01-05,111.0,2.0,174.0,11.0,,138017.0,1163.0,1058.0
2021-01-04,148.0,3.0,61.0,5.0,,138017.0,644.0,514.0
2021-01-03,64.0,6.0,8.0,0.0,,138017.0,950.0,911.0
2021-01-02,111.0,3.0,322.0,0.0,,138017.0,765.0,733.0
2021-01-01,68.0,5.0,625.0,0.0,,138017.0,1125.0,1080.0
2020-12-31,108.0,1.0,718.0,1.0,,138017.0,737.0,681.0
2020-12-30,166.0,3.0,762.0,1.0,,138017.0,707.0,636.0
2020-12-29,171.0,3.0,30.0,0.0,,138017.0,799.0,636.0
2020-12-28,79.0,3.0,0.0,0.0,,138017.0,525.0,464.0
2020-12-27,93.0,2.0,1.0,0.0,,138017.0,369.0,358.0
2020-12-26,64.0,4.0,18.0,0.0,,138017.0,315.0,292.0
2020-12-25,21.0,3.0,0.0,0.0,,138017.0,727.0,703.0
2020-12-24,38.0,7.0,303.0,0.0,,138017.0,837.0,801.0
2020-12-23,61.0,5.0,746.0,1.0,,138017.0,663.0,626.0
2020-12-22,71.0,4.0,660.0,,,138017.0,790.0,768.0
2020-12-21,58.0,2.0,328.0,,,138017.0,825.0,804.0
2020-12-20,46.0,4.0,270.0,,,138017.0,871.0,869.0
2020-12-19,49.0,5.0,82.0,,,138017.0,592.0,589.0
2020-12-18,58.0,5.0,298.0,,,138017.0,658.0,638.0
2020-12-17,43.0,3.0,313.0,,,138017.0,421.0,414.0
2020-12-16,75.0,2.0,308.0,,,138017.0,480.0,472.0
2020-12-15,80.0,2.0,17.0,,,138017.0,538.0,533.0
2020-12-14,80.0,5.0,1.0,,,138017.0,428.0,421.0
2020-12-13,50.0,1.0,0.0,,,138017.0,674.0,671.0
2020-12-12,54.0,0.0,0.0,,,138017.0,695.0,689.0
2020-12-11,71.0,1.0,12.0,,,138017.0,693.0,685.0
2020-12-10,75.0,7.0,14.0,,,138017.0,759.0,750.0
2020-12-09,65.0,4.0,13.0,,,138017.0,519.0,492.0
2020-12-08,81.0,2.0,5.0,,,138017.0,610.0,598.0
2020-12-07,96.0,5.0,,,,,555.0,537.0
2020-12-06,39.0,3.0,,,,,607.0,591.0
2020-12-05,41.0,1.0,,,,,711.0,699.0
2020-12-04,43.0,2.0,,,,,586.0,568.0
2020-12-03,53.0,0.0,,,,,720.0,696.0
2020-12-02,32.0,3.0,,,,,583.0,571.0
2020-12-01,48.0,0.0,,,,,555.0,548.0
2020-11-30,64.0,3.0,,,,,489.0,470.0
2020-11-29,30.0,3.0,,,,,512.0,511.0
2020-11-28,40.0,0.0,,,,,784.0,784.0
2020-11-27,57.0,2.0,,,,,511.0,511.0
2020-11-26,51.0,3.0,,,,,528.0,528.0
2020-11-25,45.0,2.0,,,,,875.0,874.0
2020-11-24,53.0,0.0,,,,,477.0,476.0
2020-11-23,77.0,2.0,,,,,514.0,514.0
2020-11-22,51.0,1.0,,,,,731.0,731.0
2020-11-21,57.0,1.0,,,,,693.0,693.0
2020-11-20,63.0,4.0,,,,,753.0,753.0
2020-11-19,64.0,2.0,,,,,776.0,776.0
2020-11-18,104.0,1.0,,,,,847.0,847.0
2020-11-17,92.0,1.0,,,,,894.0,894.0
2020-11-16,81.0,0.0,,,,,514.0,513.0
2020-11-15,67.0,2.0,,,,,495.0,495.0
2020-11-14,60.0,0.0,,,,,856.0,855.0
2020-11-13,72.0,0.0,,,,,929.0,929.0
2020-11-12,104.0,1.0,,,,,700.0,700.0
2020-11-11,106.0,1.0,,,,,794.0,793.0
2020-11-10,90.0,0.0,,,,,797.0,797.0
2020-11-09,123.0,0.0,,,,,772.0,772.0
2020-11-08,71.0,0.0,,,,,480.0,480.0
2020-11-07,79.0,0.0,,,,,689.0,689.0
2020-11-06,76.0,0.0,,,,,848.0,848.0
2020-11-05,79.0,1.0,,,,,776.0,776.0
2020-11-04,68.0,0.0,,,,,795.0,795.0
2020-11-03,102.0,1.0,,,,,749.0,749.0
2020-11-02,90.0,0.0,,,,,411.0,411.0
2020-11-01,39.0,1.0,,,,,780.0,780.0
2020-10-31,44.0,1.0,,,,,550.0,550.0
2020-10-30,72.0,0.0,,,,,551.0,551.0
2020-10-29,48.0,0.0,,,,,542.0,542.0
2020-10-28,56.0,1.0,,,,,456.0,456.0
2020-10-27,57.0,1.0,,,,,445.0,445.0
2020-10-26,61.0,0.0,,,,,698.0,698.0
2020-10-25,42.0,0.0,,,,,754.0,754.0
2020-10-24,26.0,1.0,,,,,420.0,420.0
2020-10-23,40.0,3.0,,,,,418.0,418.0
2020-10-22,47.0,0.0,,,,,569.0,569.0
2020-10-21,59.0,1.0,,,,,626.0,626.0
2020-10-20,73.0,0.0,,,,,595.0,595.0
2020-10-19,63.0,1.0,,,,,727.0,727.0
2020-10-18,36.0,0.0,,,,,644.0,644.0
2020-10-17,33.0,0.0,,,,,551.0,551.0
2020-10-16,48.0,1.0,,,,,592.0,592.0
2020-10-15,61.0,2.0,,,,,674.0,674.0
2020-10-14,52.0,0.0,,,,,559.0,559.0
2020-10-13,49.0,0.0,,,,,598.0,598.0
2020-10-12,66.0,1.0,,,,,669.0,669.0
2020-10-11,35.0,0.0,,,,,666.0,666.0
2020-10-10,39.0,3.0,,,,,711.0,711.0
2020-10-09,44.0,1.0,,,,,616.0,616.0
2020-10-08,65.0,0.0,,,,,652.0,652.0
2020-10-07,54.0,0.0,,,,,601.0,601.0
2020-10-06,59.0,0.0,,,,,634.0,634.0
2020-10-05,59.0,0.0,,,,,697.0,697.0
2020-10-04,49.0,1.0,,,,,449.0,449.0
2020-10-03,58.0,0.0,,,,,985.0,985.0
2020-10-02,64.0,3.0,,,,,680.0,680.0
2020-10-01,57.0,1.0,,,,,897.0,897.0
2020-09-30,71.0,0.0,,,,,651.0,651.0
2020-09-29,45.0,1.0,,,,,776.0,776.0
2020-09-28,56.0,0.0,,,,,1023.0,1023.0
2020-09-27,42.0,3.0,,,,,412.0,412.0
2020-09-26,48.0,3.0,,,,,369.0,369.0
2020-09-25,43.0,2.0,,,,,664.0,664.0
2020-09-24,59.0,0.0,,,,,689.0,689.0
2020-09-23,46.0,2.0,,,,,631.0,631.0
2020-09-22,41.0,0.0,,,,,606.0,606.0
2020-09-21,41.0,4.0,,,,,786.0,786.0
2020-09-20,61.0,2.0,,,,,526.0,526.0
2020-09-19,49.0,0.0,,,,,748.0,748.0
2020-09-18,44.0,1.0,,,,,928.0,928.0
2020-09-17,42.0,2.0,,,,,651.0,651.0
2020-09-16,29.0,1.0,,,,,642.0,642.0
2020-09-15,56.0,0.0,,,,,690.0,690.0
2020-09-14,19.0,0.0,,,,,459.0,459.0
2020-09-13,15.0,0.0,,,,,406.0,406.0
2020-09-12,18.0,0.0,,,,,433.0,433.0
2020-09-11,31.0,0.0,,,,,765.0,765.0
2020-09-10,27.0,0.0,,,,,490.0,490.0
2020-09-09,25.0,0.0,,,,,394.0,394.0
2020-09-08,17.0,0.0,,,,,608.0,608.0
2020-09-07,15.0,0.0,,,,,606.0,606.0
2020-09-06,12.0,0.0,,,,,380.0,380.0
2020-09-05,21.0,0.0,,,,,457.0,457.0
2020-09-04,13.0,0.0,,,,,380.0,380.0
2020-09-03,12.0,0.0,,,,,351.0,351.0
2020-09-02,10.0,0.0,,,,,418.0,418.0
2020-09-01,9.0,0.0,,,,,708.0,708.0
2020-08-31,15.0,0.0,,,,,544.0,544.0
2020-08-30,7.0,0.0,,,,,627.0,627.0
2020-08-29,12.0,0.0,,,,,572.0,572.0
2020-08-28,15.0,0.0,,,,,505.0,505.0
2020-08-27,8.0,0.0,,,,,287.0,287.0
2020-08-26,13.0,0.0,,,,,520.0,520.0
2020-08-25,8.0,0.0,,,,,393.0,393.0
2020-08-24,6.0,0.0,,,,,429.0,429.0
2020-08-23,1.0,0.0,,,,,284.0,284.0
2020-08-22,2.0,0.0,,,,,274.0,274.0
2020-08-21,1.0,0.0,,,,,354.0,354.0
2020-08-20,4.0,0.0,,,,,386.0,386.0
2020-08-19,7.0,0.0,,,,,299.0,299.0
2020-08-18,3.0,0.0,,,,,296.0,296.0
2020-08-17,1.0,0.0,,,,,353.0,353.0
2020-08-16,0.0,0.0,,,,,362.0,362.0
2020-08-15,0.0,0.0,,,,,214.0,214.0
2020-08-14,0.0,0.0,,,,,335.0,335.0
2020-08-13,0.0,0.0,,,,,251.0,251.0
2020-08-12,2.0,0.0,,,,,252.0,252.0
2020-08-11,1.0,0.0,,,,,208.0,208.0
2020-08-10,1.0,0.0,,,,,143.0,143.0
2020-08-09,3.0,0.0,,,,,219.0,219.0
2020-08-08,0.0,0.0,,,,,315.0,315.0
2020-08-07,1.0,0.0,,,,,217.0,217.0
2020-08-06,0.0,0.0,,,,,263.0,263.0
2020-08-05,2.0,0.0,,,,,227.0,227.0
2020-08-04,0.0,0.0,,,,,294.0,294.0
2020-08-03,0.0,0.0,,,,,122.0,122.0
2020-08-02,0.0,0.0,,,,,143.0,143.0
2020-08-01,0.0,0.0,,,,,136.0,136.0
2020-07-31,0.0,0.0,,,,,167.0,167.0
2020-07-30,1.0,0.0,,,,,231.0,231.0
2020-07-29,1.0,0.0,,,,,194.0,194.0
2020-07-28,0.0,0.0,,,,,162.0,162.0
2020-07-27,1.0,0.0,,,,,117.0,117.0
2020-07-26,0.0,0.0,,,,,83.0,83.0
2020-07-25,0.0,0.0,,,,,171.0,171.0
2020-07-24,0.0,0.0,,,,,146.0,146.0
2020-07-23,1.0,0.0,,,,,179.0,179.0
2020-07-22,0.0,0.0,,,,,127.0,127.0
2020-07-21,1.0,0.0,,,,,182.0,182.0
2020-07-20,2.0,0.0,,,,,127.0,127.0
2020-07-19,0.0,0.0,,,,,109.0,109.0
2020-07-18,0.0,0.0,,,,,153.0,153.0
2020-07-17,0.0,0.0,,,,,218.0,218.0
2020-07-16,0.0,0.0,,,,,167.0,167.0
2020-07-15,0.0,0.0,,,,,282.0,282.0
2020-07-14,0.0,0.0,,,,,153.0,153.0
2020-07-13,1.0,0.0,,,,,200.0,200.0
2020-07-12,0.0,0.0,,,,,180.0,180.0
2020-07-11,0.0,0.0,,,,,198.0,198.0
2020-07-10,1.0,0.0,,,,,187.0,187.0
2020-07-09,1.0,0.0,,,,,193.0,193.0
2020-07-08,2.0,0.0,,,,,248.0,248.0
2020-07-07,0.0,0.0,,,,,132.0,132.0
2020-07-06,0.0,0.0,,,,,173.0,173.0
2020-07-05,0.0,0.0,,,,,177.0,177.0
2020-07-04,1.0,0.0,,,,,146.0,146.0
2020-07-03,1.0,0.0,,,,,195.0,195.0
2020-07-02,0.0,0.0,,,,,110.0,110.0
2020-07-01,0.0,0.0,,,,,227.0,227.0
2020-06-30,0.0,0.0,,,,,170.0,170.0
2020-06-29,0.0,0.0,,,,,146.0,146.0
2020-06-28,1.0,0.0,,,,,186.0,186.0
2020-06-27,1.0,0.0,,,,,98.0,98.0
2020-06-26,0.0,0.0,,,,,153.0,153.0
2020-06-25,0.0,0.0,,,,,76.0,76.0
2020-06-24,1.0,0.0,,,,,93.0,93.0
2020-06-23,0.0,0.0,,,,,175.0,175.0
2020-06-22,0.0,0.0,,,,,160.0,160.0
2020-06-21,0.0,1.0,,,,,72.0,72.0
2020-06-20,0.0,0.0,,,,,112.0,112.0
2020-06-19,0.0,0.0,,,,,144.0,144.0
2020-06-18,0.0,0.0,,,,,143.0,143.0
2020-06-17,0.0,0.0,,,,,147.0,147.0
2020-06-16,0.0,0.0,,,,,148.0,148.0
2020-06-15,0.0,0.0,,,,,130.0,130.0
2020-06-14,0.0,0.0,,,,,121.0,121.0
2020-06-13,2.0,0.0,,,,,154.0,154.0
2020-06-12,1.0,0.0,,,,,129.0,129.0
2020-06-11,0.0,0.0,,,,,148.0,148.0
2020-06-10,2.0,0.0,,,,,126.0,126.0
2020-06-09,1.0,0.0,,,,,164.0,164.0
2020-06-08,1.0,0.0,,,,,124.0,124.0
2020-06-07,0.0,0.0,,,,,152.0,152.0
2020-06-06,2.0,0.0,,,,,164.0,164.0
2020-06-05,0.0,0.0,,,,,118.0,118.0
2020-06-04,3.0,0.0,,,,,162.0,162.0
2020-06-03,1.0,0.0,,,,,142.0,142.0
2020-06-02,1.0,1.0,,,,,226.0,226.0
2020-06-01,3.0,0.0,,,,,174.0,174.0
2020-05-31,1.0,1.0,,,,,99.0,99.0
2020-05-30,3.0,0.0,,,,,139.0,139.0
2020-05-29,2.0,0.0,,,,,142.0,142.0
2020-05-28,1.0,0.0,,,,,162.0,162.0
2020-05-27,10.0,1.0,,,,,96.0,96.0
2020-05-26,4.0,1.0,,,,,122.0,122.0
2020-05-25,2.0,1.0,,,,,111.0,111.0
2020-05-24,4.0,2.0,,,,,179.0,179.0
2020-05-23,3.0,1.0,,,,,181.0,181.0
2020-05-22,7.0,2.0,,,,,281.0,281.0
2020-05-21,7.0,2.0,,,,,153.0,153.0
2020-05-20,12.0,3.0,,,,,119.0,119.0
2020-05-19,2.0,2.0,,,,,101.0,101.0
2020-05-18,11.0,1.0,,,,,112.0,112.0
2020-05-17,7.0,7.0,,,,,164.0,164.0
2020-05-16,5.0,5.0,,,,,130.0,130.0
2020-05-15,11.0,1.0,,,,,186.0,186.0
2020-05-14,2.0,0.0,,,,,157.0,157.0
2020-05-13,15.0,2.0,,,,,165.0,165.0
2020-05-12,30.0,3.0,,,,,198.0,198.0
2020-05-11,14.0,0.0,,,,,149.0,149.0
2020-05-10,12.0,2.0,,,,,120.0,120.0
2020-05-09,7.0,0.0,,,,,99.0,99.0
2020-05-08,17.0,4.0,,,,,167.0,167.0
2020-05-07,9.0,4.0,,,,,189.0,189.0
2020-05-06,15.0,1.0,,,,,121.0,121.0
2020-05-05,13.0,1.0,,,,,110.0,110.0
2020-05-04,10.0,1.0,,,,,194.0,194.0
2020-05-03,13.0,4.0,,,,,175.0,175.0
2020-05-02,5.0,6.0,,,,,125.0,125.0
2020-05-01,15.0,2.0,,,,,154.0,154.0
2020-04-30,27.0,2.0,,,,,208.0,208.0
2020-04-29,25.0,1.0,,,,,201.0,201.0
2020-04-28,24.0,3.0,,,,,206.0,206.0
2020-04-27,27.0,2.0,,,,,93.0,93.0
2020-04-26,11.0,2.0,,,,,33.0,33.0
2020-04-25,16.0,6.0,,,,,30.0,30.0
2020-04-24,32.0,3.0,,,,,89.0,89.0
2020-04-23,22.0,3.0,,,,,62.0,62.0
2020-04-22,28.0,2.0,,,,,69.0,69.0
2020-04-21,19.0,3.0,,,,,73.0,73.0
2020-04-20,26.0,2.0,,,,,94.0,94.0
2020-04-19,15.0,3.0,,,,,28.0,28.0
2020-04-18,16.0,3.0,,,,,57.0,57.0
2020-04-17,26.0,3.0,,,,,81.0,81.0
2020-04-16,31.0,0.0,,,,,91.0,91.0
2020-04-15,26.0,1.0,,,,,73.0,73.0
2020-04-14,27.0,3.0,,,,,60.0,60.0
2020-04-13,16.0,3.0,,,,,54.0,54.0
2020-04-12,9.0,1.0,,,,,42.0,42.0
2020-04-11,11.0,3.0,,,,,40.0,40.0
2020-04-10,18.0,3.0,,,,,40.0,40.0
2020-04-09,12.0,2.0,,,,,43.0,43.0
2020-04-08,19.0,4.0,,,,,51.0,51.0
2020-04-07,19.0,1.0,,,,,49.0,49.0
2020-04-06,23.0,2.0,,,,,45.0,45.0
2020-04-05,15.0,2.0,,,,,33.0,33.0
2020-04-04,12.0,7.0,,,,,45.0,45.0
2020-04-03,19.0,2.0,,,,,44.0,44.0
2020-04-02,13.0,3.0,,,,,31.0,31.0
2020-04-01,9.0,0.0,,,,,59.0,59.0
2020-03-31,13.0,0.0,,,,,42.0,42.0
2020-03-30,14.0,1.0,,,,,59.0,59.0
2020-03-29,5.0,1.0,,,,,30.0,30.0
2020-03-28,1.0,0.0,,,,,8.0,8.0
2020-03-27,7.0,0.0,,,,,39.0,39.0
2020-03-26,2.0,0.0,,,,,24.0,24.0
2020-03-25,4.0,0.0,,,,,31.0,31.0
2020-03-24,5.0,1.0,,,,,48.0,48.0
2020-03-23,2.0,1.0,,,,,29.0,29.0
2020-03-22,0.0,1.0,,,,,0.0,0.0
2020-03-21,2.0,,,,,,16.0,16.0
2020-03-20,2.0,,,,,,22.0,22.0
2020-03-19,1.0,,,,,,21.0,21.0
2020-03-18,1.0,,,,,,16.0,16.0
2020-03-17,0.0,,,,,,7.0,7.0
2020-03-16,1.0,,,,,,32.0,32.0
2020-03-15,1.0,,,,,,10.0,10.0
2020-03-14,,,,,,,1.0,1.0
2020-03-13,,,,,,,3.0,3.0
2020-03-12,,,,,,,1.0,1.0
2020-03-11,,,,,,,1.0,1.0
2020-03-10,,,,,,,1.0,1.0
2020-03-09,,,,,,,0.0,0.0
2020-03-08,,,,,,,0.0,0.0
2020-03-07,,,,,,,0.0,0.0
2020-03-06,,,,,,,0.0,0.0
2020-03-05,,,,,,,0.0,0.0
2020-03-04,,,,,,,0.0,0.0
2020-03-03,,,,,,,2.0,2.0
2020-03-02,,,,,,,4.0,4.0
2020-03-01,,,,,,,0.0,0.0
2020-02-29,,,,,,,0.0,0.0
2020-02-28,,,,,,,2.0,2.0
2020-02-27,,,,,,,0.0,0.0
2020-02-26,,,,,,,0.0,0.0
2020-02-25,,,,,,,0.0,0.0
2020-02-24,,,,,,,0.0,0.0
2020-02-23,,,,,,,0.0,0.0
2020-02-22,,,,,,,0.0,0.0
2020-02-21,,,,,,,0.0,0.0
2020-02-20,,,,,,,0.0,0.0
2020-02-19,,,,,,,0.0,0.0
2020-02-18,,,,,,,0.0,0.0
2020-02-17,,,,,,,0.0,0.0
2020-02-16,,,,,,,0.0,0.0
2020-02-15,,,,,,,0.0,0.0
2020-02-14,,,,,,,0.0,0.0
2020-02-13,,,,,,,0.0,0.0
2020-02-12,,,,,,,0.0,0.0
2020-02-11,,,,,,,1.0,1.0
2020-02-10,,,,,,,0.0,0.0
2020-02-09,,,,,,,3.0,3.0
