year,ltla,ppln_ltla,total_trust_patients,patients_from_ltla_to_trust,total_patients_of_ltla,tfp_ltla,etc_ltla,sex,ag,ags_ppln_ltla,agsf_ppln_ltla,tfp_ltla_ags,ltla_frac_tp,ags_ltla_frac_tp
2012,E06000017,32677,120085,27,12517,0.0021570663897099943,70.48645841655349,female,12-15,966,0.029562077302077914,6.376736335832097e-05,0.0002248407378107174,6.646759271816661e-06
2012,E06000017,32677,120085,27,12517,0.0021570663897099943,70.48645841655349,male,12-15,1126,0.03445848762126266,7.432924548806358e-05,0.0002248407378107174,7.74767178060617e-06
2012,E06000042,208763,120085,2760,89101,0.030976083321174845,6466.660082378424,female,12-15,6205,0.02972269990371857,0.000920692828747862,0.022983719865095557,0.0006831382082213703
2012,E06000042,208763,120085,2760,89101,0.030976083321174845,6466.660082378424,male,12-15,6449,0.030891489392277368,0.0009568973493303726,0.022983719865095557,0.000710001338407674
2012,E06000055,135579,120085,240,62653,0.003830622635787592,519.351986337446,female,12-15,3804,0.028057442524284736,0.00010747747443583446,0.001998584336095266,5.60751651399287e-05
2012,E06000055,135579,120085,240,62653,0.003830622635787592,519.351986337446,male,12-15,4308,0.03177483238554643,0.0001217173921844308,0.001998584336095266,6.350468228780567e-05
2012,E06000056,221430,120085,121,96230,0.001257404135924348,278.42699781772836,female,12-15,6008,0.02713272817594725,3.411680462734716e-05,0.0010076196027813632,2.733946878702267e-05
2012,E06000056,221430,120085,121,96230,0.001257404135924348,278.42699781772836,male,12-15,6455,0.029151424829517228,3.665512214872269e-05,0.0010076196027813632,2.9373547107228917e-05
2012,E06000060,433892,120085,156,166677,0.0009359419715977609,406.0977339404957,female,12-15,12857,0.029631797774561413,2.7733643231109154e-05,0.0012990798184619229,3.849407047367765e-05
2012,E06000060,433892,120085,156,166677,0.0009359419715977609,406.0977339404957,male,12-15,13592,0.03132576770256193,2.9319100785349276e-05,0.0012990798184619229,4.069467262022452e-05
2012,E07000131,74470,120085,232,26368,0.008798543689320388,655.2275485436893,female,12-15,2084,0.02798442325768766,0.0002462221706531985,0.0019319648582254237,5.406492231155879e-05
2012,E07000131,74470,120085,232,26368,0.008798543689320388,655.2275485436893,male,12-15,2319,0.03114005639854975,0.00027398714671054086,0.0019319648582254237,6.0161494645155865e-05
2012,E07000150,52826,120085,1319,24662,0.05348309139566945,2825.2977860676347,female,12-15,1605,0.030382766062166357,0.0016249642541560872,0.010983886413790231,0.00033372085136359596
2012,E07000150,52826,120085,1319,24662,0.05348309139566945,2825.2977860676347,male,12-15,1474,0.02790292658917957,0.0014923347729757462,0.010983886413790231,0.0003064825762678757
2012,E07000151,67368,120085,18024,27299,0.6602439649804022,44479.31543279973,female,12-15,1811,0.0268821992637454,0.01774880982928851,0.15009368364075446,0.004034848311860325
2012,E07000151,67368,120085,18024,27299,0.6602439649804022,44479.31543279973,male,12-15,2064,0.030637691485571786,0.020228350904280223,0.15009368364075446,0.004598523973318448
2012,E07000152,74954,120085,2656,32112,0.08271051320378675,6199.483806676632,female,12-15,2230,0.029751580969661393,0.0024607685306247094,0.02211766665278761,0.0006580355502803902
2012,E07000152,74954,120085,2656,32112,0.08271051320378675,6199.483806676632,male,12-15,2479,0.03307361848600475,0.0027355359584837016,0.02211766665278761,0.000731511268674927
2012,E07000153,80321,120085,2123,35712,0.059447804659498206,4774.907118055556,female,12-15,2237,0.02785074887015849,0.0016556658784539222,0.017679143939709374,0.0004923773981042301
2012,E07000153,80321,120085,2123,35712,0.059447804659498206,4774.907118055556,male,12-15,2253,0.028049949577321,0.0016675079231813531,0.017679143939709374,0.0004958990960790481
2012,E07000154,180013,120085,70823,79325,0.8928206744405925,160719.3280680744,female,12-15,4734,0.026298100692727748,0.0234794879969878,0.5897739101469792,0.015509933674989027
2012,E07000154,180013,120085,70823,79325,0.8928206744405925,160719.3280680744,male,12-15,4970,0.02760911711931916,0.02464999056717984,0.5897739101469792,0.016283136959166764
2012,E07000155,74001,120085,13896,28010,0.4961085326669047,36712.52752588361,female,12-15,2124,0.02870231483358333,0.014239463296232558,0.11571803305991589,0.00332137541680871
2012,E07000155,74001,120085,13896,28010,0.4961085326669047,36712.52752588361,male,12-15,2325,0.03141849434467102,0.015586983127938183,0.11571803305991589,0.0036356863672694214
2012,E07000156,64476,120085,7442,29694,0.25062302148582205,16159.169933319863,female,12-15,1851,0.028708356597803835,0.007194975072434032,0.0619727692884207,0.0017791363600854074
2012,E07000156,64476,120085,7442,29694,0.25062302148582205,16159.169933319863,male,12-15,1873,0.029049568831813387,0.007280490713489433,0.0619727692884207,0.0018002822271420678
2012,E07000177,121341,120085,23,45207,0.0005087707655893999,61.73475346738337,female,12-15,3464,0.02854764671463067,1.4524208074778363e-05,0.00019153099887579632,5.467759290806557e-06
2012,E07000177,121341,120085,23,45207,0.0005087707655893999,61.73475346738337,male,12-15,3491,0.028770160127244707,1.4637416394067917e-05,0.00019153099887579632,5.510377506987786e-06
2012,E07000220,86402,120085,199,33339,0.005968985272503675,515.7322655148625,female,12-15,2441,0.02825166084118423,0.00016863374748479746,0.0016571595120123245,4.681750849311456e-05
2012,E07000220,86402,120085,199,33339,0.005968985272503675,515.7322655148625,male,12-15,2600,0.030091896020925442,0.00017961808417061589,0.0016571595120123245,4.9867071725562415e-05
2012,E07000221,106066,120085,44,45612,0.0009646584232219592,102.31746031746032,female,12-15,2652,0.025003299832179963,2.41196437914566e-05,0.0003664071282841321,9.161387289136182e-06
2012,E07000221,106066,120085,44,45612,0.0009646584232219592,102.31746031746032,male,12-15,2907,0.027407463277581885,2.643884030986589e-05,0.0003664071282841321,1.0042289913091585e-05
2012,E06000017,32677,120085,27,12517,0.0021570663897099943,70.48645841655349,female,16-17,590,0.01805551305199376,3.894694035342586e-05,0.0002248407378107174,4.059614876161315e-06
2012,E06000017,32677,120085,27,12517,0.0021570663897099943,70.48645841655349,male,16-17,708,0.02166661566239251,4.673632842411103e-05,0.0002248407378107174,4.871537851393577e-06
2012,E06000042,208763,120085,2760,89101,0.030976083321174845,6466.660082378424,female,16-17,2972,0.01423623918031452,0.00044098293102959644,0.022983719865095557,0.0003272017332528465
2012,E06000042,208763,120085,2760,89101,0.030976083321174845,6466.660082378424,male,16-17,3313,0.015869670391783986,0.0004915802323354822,0.022983719865095557,0.0003647440586361644
2012,E06000055,135579,120085,240,62653,0.003830622635787592,519.351986337446,female,16-17,1963,0.01447864344773158,5.546221932637829e-05,0.001998584336095266,2.8936790002544693e-05
2012,E06000055,135579,120085,240,62653,0.003830622635787592,519.351986337446,male,16-17,2251,0.016602866225595408,6.359931518271907e-05,0.001998584336095266,3.318222837276012e-05
2012,E06000056,221430,120085,121,96230,0.001257404135924348,278.42699781772836,female,16-17,3151,0.014230230772704692,1.789315102875681e-05,0.0010076196027813632,1.4338659478679833e-05
2012,E06000056,221430,120085,121,96230,0.001257404135924348,278.42699781772836,male,16-17,3364,0.01519216005058032,1.9102684881224342e-05,0.0010076196027813632,1.5307918275556635e-05
2012,E06000060,433892,120085,156,166677,0.0009359419715977609,406.0977339404957,female,16-17,6623,0.015264167119928462,1.428637466902356e-05,0.0012990798184619229,1.982937145112912e-05
2012,E06000060,433892,120085,156,166677,0.0009359419715977609,406.0977339404957,male,16-17,6697,0.015434716473223751,1.4445998967001478e-05,0.0012990798184619229,2.005092867404676e-05
2012,E07000131,74470,120085,232,26368,0.008798543689320388,655.2275485436893,female,16-17,1119,0.01502618504095609,0.00013220854556666463,0.0019319648582254237,2.9030061452319716e-05
2012,E07000131,74470,120085,232,26368,0.008798543689320388,655.2275485436893,male,16-17,1246,0.016731569759634753,0.0001472134475210582,0.0019319648582254237,3.232480479856154e-05
2012,E07000150,52826,120085,1319,24662,0.05348309139566945,2825.2977860676347,female,16-17,738,0.013970393366902662,0.0007471798252755093,0.010983886413790231,0.0001534492138980273
2012,E07000150,52826,120085,1319,24662,0.05348309139566945,2825.2977860676347,male,16-17,792,0.014992617271797978,0.0008018515198078637,0.010983886413790231,0.00016467720515885858
2012,E07000151,67368,120085,18024,27299,0.6602439649804022,44479.31543279973,female,16-17,948,0.014071962949768436,0.009290928613012428,0.15009368364075446,0.0021121127551869613
2012,E07000151,67368,120085,18024,27299,0.6602439649804022,44479.31543279973,male,16-17,1090,0.016179788623678897,0.010682607793442558,0.15009368364075446,0.0024284840750567385
2012,E07000152,74954,120085,2656,32112,0.08271051320378675,6199.483806676632,female,16-17,1155,0.015409451130026416,0.0012745236111531566,0.02211766665278761,0.0003408211033963456
2012,E07000152,74954,120085,2656,32112,0.08271051320378675,6199.483806676632,male,16-17,1329,0.017730874936627797,0.0014665297655606449,0.02211766665278761,0.0003921655813106002
2012,E07000153,80321,120085,2123,35712,0.059447804659498206,4774.907118055556,female,16-17,1117,0.01390669936878276,0.0008267227475337645,0.017679143939709374,0.0002458585398669759
2012,E07000153,80321,120085,2123,35712,0.059447804659498206,4774.907118055556,male,16-17,1165,0.01450430149027029,0.000862248881716057,0.017679143939709374,0.00025642363379142964
2012,E07000154,180013,120085,70823,79325,0.8928206744405925,160719.3280680744,female,16-17,2437,0.013537911150861327,0.012086926964228828,0.5897739101469792,0.007984306794665877
2012,E07000154,180013,120085,70823,79325,0.8928206744405925,160719.3280680744,male,16-17,2590,0.01438784976640576,0.012845769732192312,0.5897739101469792,0.008485578415340426
2012,E07000155,74001,120085,13896,28010,0.4961085326669047,36712.52752588361,female,16-17,1021,0.01379711084985338,0.00684486441876339,0.11571803305991589,0.0015965745294546575
2012,E07000155,74001,120085,13896,28010,0.4961085326669047,36712.52752588361,male,16-17,1131,0.015283577248956095,0.007582313082880896,0.11571803305991589,0.0017685854973684798
2012,E07000156,64476,120085,7442,29694,0.25062302148582205,16159.169933319863,female,16-17,886,0.013741547242384763,0.0034439480897766354,0.0619727692884207,0.0008516017369182446
2012,E07000156,64476,120085,7442,29694,0.25062302148582205,16159.169933319863,male,16-17,1010,0.015664743470438613,0.0039259453393616275,0.0619727692884207,0.0009707875330557868
2012,E07000177,121341,120085,23,45207,0.0005087707655893999,61.73475346738337,female,16-17,1773,0.014611714094988503,7.434012966680726e-06,0.00019153099887579632,2.7985961959007e-06
2012,E07000177,121341,120085,23,45207,0.0005087707655893999,61.73475346738337,male,16-17,1685,0.013886485194616823,7.065037703811068e-06,0.00019153099887579632,2.659692380198917e-06
2012,E07000220,86402,120085,199,33339,0.005968985272503675,515.7322655148625,female,16-17,1293,0.01496493136732946,8.932545493561783e-05,0.0016571595120123245,2.4799278361981615e-05
2012,E07000220,86402,120085,199,33339,0.005968985272503675,515.7322655148625,male,16-17,1380,0.015971852503414274,9.533575236748074e-05,0.0016571595120123245,2.646790730049082e-05
2012,E07000221,106066,120085,44,45612,0.0009646584232219592,102.31746031746032,female,16-17,1462,0.013783870420304338,1.3296726705546587e-05,0.0003664071282841321,5.050508377344306e-06
2012,E07000221,106066,120085,44,45612,0.0009646584232219592,102.31746031746032,male,16-17,1468,0.013840438971960854,1.3351296035391511e-05,0.0003664071282841321,5.071235497907962e-06
2012,E06000017,32677,120085,27,12517,0.0021570663897099943,70.48645841655349,female,18-24,1182,0.036172231232977324,7.80259042334735e-05,0.0002248407378107174,8.132991158682499e-06
2012,E06000017,32677,120085,27,12517,0.0021570663897099943,70.48645841655349,male,18-24,1469,0.044955167243014967,9.69712803036993e-05,0.0002248407378107174,1.010775297132368e-05
2012,E06000042,208763,120085,2760,89101,0.030976083321174845,6466.660082378424,female,18-24,9511,0.045558839449519314,0.0014112344068043378,0.022983719865095557,0.0010471116032866163
2012,E06000042,208763,120085,2760,89101,0.030976083321174845,6466.660082378424,male,18-24,9504,0.04552530860353607,0.0014101957525253313,0.022983719865095557,0.0010463409397156976
2012,E06000055,135579,120085,240,62653,0.003830622635787592,519.351986337446,female,18-24,6876,0.050715818821498906,0.0001942731635701361,0.001998584336095266,0.00010135984108889318
2012,E06000055,135579,120085,240,62653,0.003830622635787592,519.351986337446,male,18-24,6932,0.05112886213941687,0.00019585537665331348,0.001998584336095266,0.00010218534299421285
2012,E06000056,221430,120085,121,96230,0.001257404135924348,278.42699781772836,female,18-24,9249,0.041769407939303616,5.252102629799166e-05,0.0010076196027813632,4.208767423621383e-05
2012,E06000056,221430,120085,121,96230,0.001257404135924348,278.42699781772836,male,18-24,10183,0.04598744524228876,5.782480384824836e-05,0.0010076196027813632,4.6337851307964695e-05
2012,E06000060,433892,120085,156,166677,0.0009359419715977609,406.0977339404957,female,18-24,18512,0.04266499497570824,3.9931959515772935e-05,0.0012990798184619229,5.542523392772191e-05
2012,E06000060,433892,120085,156,166677,0.0009359419715977609,406.0977339404957,male,18-24,19045,0.04389341126363242,4.1081685878235495e-05,0.0012990798184619229,5.702104473603413e-05
2012,E07000131,74470,120085,232,26368,0.008798543689320388,655.2275485436893,female,18-24,2687,0.03608164361487847,0.00031746591772799626,0.0019319648582254237,6.970846749095895e-05
2012,E07000131,74470,120085,232,26368,0.008798543689320388,655.2275485436893,male,18-24,2917,0.039170135625083924,0.00034464014961390585,0.0019319648582254237,7.567532551958588e-05
2012,E07000150,52826,120085,1319,24662,0.05348309139566945,2825.2977860676347,female,18-24,2693,0.050978684738575704,0.002726497655104264,0.010983886413790231,0.0005599440826929371
2012,E07000150,52826,120085,1319,24662,0.05348309139566945,2825.2977860676347,male,18-24,2646,0.05008897133987052,0.002678913032085363,0.010983886413790231,0.000550171571780732
2012,E07000151,67368,120085,18024,27299,0.6602439649804022,44479.31543279973,female,18-24,2649,0.039321339508371925,0.025961677105348017,0.15009368364075446,0.005901884692500275
2012,E07000151,67368,120085,18024,27299,0.6602439649804022,44479.31543279973,male,18-24,2912,0.043225270157938485,0.028539223756426358,0.15009368364075446,0.006487840024371763
2012,E07000152,74954,120085,2656,32112,0.08271051320378675,6199.483806676632,female,18-24,2878,0.038396883421832055,0.003175825933245701,0.02211766665278761,0.0008492494680300283
2012,E07000152,74954,120085,2656,32112,0.08271051320378675,6199.483806676632,male,18-24,3165,0.04222589855111135,0.003492525739653455,0.02211766665278761,0.0009339383482679082
2012,E07000153,80321,120085,2123,35712,0.059447804659498206,4774.907118055556,female,18-24,3502,0.04360005478019447,0.0025919275397164217,0.017679143939709374,0.0007708116442382718
2012,E07000153,80321,120085,2123,35712,0.059447804659498206,4774.907118055556,male,18-24,3698,0.04604026344293522,0.0027369925876274495,0.017679143939709374,0.0008139524444297913
2012,E07000154,180013,120085,70823,79325,0.8928206744405925,160719.3280680744,female,18-24,10572,0.058729091787815324,0.05243454733928074,0.5897739101469792,0.03463688610308069
2012,E07000154,180013,120085,70823,79325,0.8928206744405925,160719.3280680744,male,18-24,10263,0.05701254909367657,0.05090198253339371,0.5897739101469792,0.033624514006424244
2012,E07000155,74001,120085,13896,28010,0.4961085326669047,36712.52752588361,female,18-24,2526,0.034134673855758704,0.016934502959643806,0.11571803305991589,0.003949997317730132
2012,E07000155,74001,120085,13896,28010,0.4961085326669047,36712.52752588361,male,18-24,2904,0.03924271293631167,0.019468644732702142,0.11571803305991589,0.004541089552924903
2012,E07000156,64476,120085,7442,29694,0.25062302148582205,16159.169933319863,female,18-24,2689,0.041705440784167755,0.010452343581726154,0.0619727692884207,0.0025846016597891198
2012,E07000156,64476,120085,7442,29694,0.25062302148582205,16159.169933319863,male,18-24,2873,0.04455921583224766,0.011167565306916788,0.0619727692884207,0.0027614580024448274
2012,E07000177,121341,120085,23,45207,0.0005087707655893999,61.73475346738337,female,18-24,4831,0.03981341838290438,2.0255903351401347e-05,0.00019153099887579632,7.625503791537667e-06
2012,E07000177,121341,120085,23,45207,0.0005087707655893999,61.73475346738337,male,18-24,5583,0.04601082898608055,2.3408964688651153e-05,0.00019153099887579632,8.81250003480745e-06
2012,E07000220,86402,120085,199,33339,0.005968985272503675,515.7322655148625,female,18-24,3483,0.040311566861878194,0.00024061914891009811,0.0016571595120123245,6.680269646928226e-05
2012,E07000220,86402,120085,199,33339,0.005968985272503675,515.7322655148625,male,18-24,3707,0.042904099442142546,0.000256093937700182,0.0016571595120123245,7.109893649486919e-05
2012,E07000221,106066,120085,44,45612,0.0009646584232219592,102.31746031746032,female,18-24,3661,0.03451624460241736,3.329638609371139e-05,0.0003664071282841321,1.264699806392442e-05
2012,E07000221,106066,120085,44,45612,0.0009646584232219592,102.31746031746032,male,18-24,3721,0.03508193011898252,3.384207939216064e-05,0.0003664071282841321,1.2854269269560987e-05
2012,E06000017,32677,120085,27,12517,0.0021570663897099943,70.48645841655349,female,25-29,784,0.023992410564005265,5.1753222435738764e-05,0.0002248407378107174,5.394471293068594e-06
2012,E06000017,32677,120085,27,12517,0.0021570663897099943,70.48645841655349,male,25-29,1063,0.03253052605808367,7.017050439947743e-05,0.0002248407378107174,7.314187480270301e-06
2012,E06000042,208763,120085,2760,89101,0.030976083321174845,6466.660082378424,female,25-29,9609,0.04602827129328473,0.0014257755667104282,0.022983719865095557,0.0010579008932794759
2012,E06000042,208763,120085,2760,89101,0.030976083321174845,6466.660082378424,male,25-29,9400,0.04502713603464215,0.0013947643175229497,0.022983719865095557,0.0010348910809477648
2012,E06000055,135579,120085,240,62653,0.003830622635787592,519.351986337446,female,25-29,5089,0.03753531151579522,0.00014378361393374385,0.001998584336095266,7.501748564592459e-05
2012,E06000055,135579,120085,240,62653,0.003830622635787592,519.351986337446,male,25-29,4695,0.03462925674330095,0.00013265161474138875,0.001998584336095266,6.920949009778265e-05
2012,E06000056,221430,120085,121,96230,0.001257404135924348,278.42699781772836,female,25-29,7551,0.034101070315675386,4.2878826854377236e-05,0.0010076196027813632,3.4360906925900166e-05
2012,E06000056,221430,120085,121,96230,0.001257404135924348,278.42699781772836,male,25-29,7464,0.0337081696247121,4.238479190055246e-05,0.0010076196027813632,3.3965012487739213e-05
2012,E06000060,433892,120085,156,166677,0.0009359419715977609,406.0977339404957,female,25-29,13882,0.031994136789800225,2.994465546661408e-05,0.0012990798184619229,4.15629374127396e-05
2012,E06000060,433892,120085,156,166677,0.0009359419715977609,406.0977339404957,male,25-29,13178,0.030371613212504495,2.8426067550716064e-05,0.0012990798184619229,3.945514977849608e-05
2012,E07000131,74470,120085,232,26368,0.008798543689320388,655.2275485436893,female,25-29,1914,0.025701624815361892,0.00022613686882448265,0.0019319648582254237,4.965463594257367e-05
2012,E07000131,74470,120085,232,26368,0.008798543689320388,655.2275485436893,male,25-29,1889,0.025365919162078688,0.00022318314796731855,0.0019319648582254237,4.900606441772291e-05
2012,E07000150,52826,120085,1319,24662,0.05348309139566945,2825.2977860676347,female,25-29,2518,0.04766592208382236,0.00254932086726793,0.010983886413790231,0.0005235570739772802
2012,E07000150,52826,120085,1319,24662,0.05348309139566945,2825.2977860676347,male,25-29,2300,0.04353916631961534,0.00232860921156324,0.010983886413790231,0.00047822925740577616
2012,E07000151,67368,120085,18024,27299,0.6602439649804022,44479.31543279973,female,25-29,1698,0.02520484503028144,0.016641346819509604,0.15009368364075446,0.0037830880361893046
2012,E07000151,67368,120085,18024,27299,0.6602439649804022,44479.31543279973,male,25-29,1927,0.028604085025531408,0.018885674511893404,0.15009368364075446,0.004293292488655353
2012,E07000152,74954,120085,2656,32112,0.08271051320378675,6199.483806676632,female,25-29,2197,0.029311310937374924,0.002424353570306048,0.02211766665278761,0.0006482978044690661
2012,E07000152,74954,120085,2656,32112,0.08271051320378675,6199.483806676632,male,25-29,2016,0.02689649651786429,0.0022246230303764186,0.02211766665278761,0.000594887744109985
2012,E07000153,80321,120085,2123,35712,0.059447804659498206,4774.907118055556,female,25-29,2911,0.03624207865937924,0.002154512012596946,0.017679143939709374,0.000640728925293435
2012,E07000153,80321,120085,2123,35712,0.059447804659498206,4774.907118055556,male,25-29,2784,0.03466092304627681,0.002060515782572963,0.017679143939709374,0.0006127754476183177
2012,E07000154,180013,120085,70823,79325,0.8928206744405925,160719.3280680744,female,25-29,8544,0.047463238766089114,0.04237616084627456,0.5897739101469792,0.027992579915316063
2012,E07000154,180013,120085,70823,79325,0.8928206744405925,160719.3280680744,male,25-29,8124,0.0451300739391044,0.040293063051864995,0.5897739101469792,0.026616540172287886
2012,E07000155,74001,120085,13896,28010,0.4961085326669047,36712.52752588361,female,25-29,1831,0.024742908879609737,0.012275168218174114,0.11571803305991589,0.002863200747729166
2012,E07000155,74001,120085,13896,28010,0.4961085326669047,36712.52752588361,male,25-29,1790,0.02418886231267145,0.012000300988821223,0.11571803305991589,0.0027990875687794684
2012,E07000156,64476,120085,7442,29694,0.25062302148582205,16159.169933319863,female,25-29,2375,0.03683541162603139,0.009231802159389966,0.0619727692884207,0.0022827924663440533
2012,E07000156,64476,120085,7442,29694,0.25062302148582205,16159.169933319863,male,25-29,2177,0.03376450151994541,0.00846216138989135,0.0619727692884207,0.002092479662834107
2012,E07000177,121341,120085,23,45207,0.0005087707655893999,61.73475346738337,female,25-29,4741,0.03907170700752425,1.987854228710283e-05,0.00019153099887579632,7.48344307093357e-06
2012,E07000177,121341,120085,23,45207,0.0005087707655893999,61.73475346738337,male,25-29,4815,0.0396815585828368,2.01888169399705e-05,0.00019153099887579632,7.600248552319161e-06
2012,E07000220,86402,120085,199,33339,0.005968985272503675,515.7322655148625,female,25-29,3276,0.03791578898636606,0.00022631878605497603,0.0016571595120123245,6.283251037420865e-05
2012,E07000220,86402,120085,199,33339,0.005968985272503675,515.7322655148625,male,25-29,3062,0.035438994467720655,0.0002115348360501638,0.0016571595120123245,5.872806677833543e-05
2012,E07000221,106066,120085,44,45612,0.0009646584232219592,102.31746031746032,female,25-29,2644,0.024927875096637943,2.40468846849967e-05,0.0003664071282841321,9.13375112838464e-06
2012,E07000221,106066,120085,44,45612,0.0009646584232219592,102.31746031746032,male,25-29,2683,0.025295570682405295,2.440158532898871e-05,0.0003664071282841321,9.268477412048408e-06
2012,E06000017,32677,120085,27,12517,0.0021570663897099943,70.48645841655349,female,30-34,865,0.02647121828809254,5.7100175263920956e-05,0.0002248407378107174,5.951808250643283e-06
2012,E06000017,32677,120085,27,12517,0.0021570663897099943,70.48645841655349,male,30-34,941,0.028797013189705296,6.211706927554869e-05,0.0002248407378107174,6.4747416923183e-06
2012,E06000042,208763,120085,2760,89101,0.030976083321174845,6466.660082378424,female,30-34,10614,0.05084234275230764,0.0015748966453392114,0.022983719865095557,0.0011685461631042102
2012,E06000042,208763,120085,2760,89101,0.030976083321174845,6466.660082378424,male,30-34,10569,0.05062678731384393,0.0015682195821170271,0.022983719865095557,0.0011635918972911624
2012,E06000055,135579,120085,240,62653,0.003830622635787592,519.351986337446,female,30-34,5615,0.0414149683948104,0.00015864511539358844,0.001998584336095266,8.277130711374857e-05
2012,E06000055,135579,120085,240,62653,0.003830622635787592,519.351986337446,male,30-34,5129,0.0378303424571652,0.0001449137661360134,0.001998584336095266,7.560712986401006e-05
2012,E06000056,221430,120085,121,96230,0.001257404135924348,278.42699781772836,female,30-34,8634,0.03899200650318385,4.902871024509245e-05,0.0010076196027813632,3.928911010438644e-05
2012,E06000056,221430,120085,121,96230,0.001257404135924348,278.42699781772836,male,30-34,7745,0.034977193695524544,4.398046801577959e-05,0.0010076196027813632,3.5243706017891246e-05
2012,E06000060,433892,120085,156,166677,0.0009359419715977609,406.0977339404957,female,30-34,15555,0.03584993500686807,3.355345885197969e-05,0.0012990798184619229,4.6571927060593906e-05
2012,E06000060,433892,120085,156,166677,0.0009359419715977609,406.0977339404957,male,30-34,14630,0.03371806809067694,3.1558155127255725e-05,0.0012990798184619229,4.380246177412336e-05
2012,E07000131,74470,120085,232,26368,0.008798543689320388,655.2275485436893,female,30-34,2128,0.028575265207466095,0.00025142071936180724,0.0019319648582254237,5.520640819529611e-05
2012,E07000131,74470,120085,232,26368,0.008798543689320388,655.2275485436893,male,30-34,2071,0.027809856317980396,0.00024468623580747314,0.0019319648582254237,5.37276651186364e-05
2012,E07000150,52826,120085,1319,24662,0.05348309139566945,2825.2977860676347,female,30-34,2257,0.042725173210161664,0.0022850743436948844,0.010983886413790231,0.00046928844954992907
2012,E07000150,52826,120085,1319,24662,0.05348309139566945,2825.2977860676347,male,30-34,2352,0.0445235300798849,0.0023812560285203224,0.010983886413790231,0.0004890413971384284
2012,E07000151,67368,120085,18024,27299,0.6602439649804022,44479.31543279973,female,30-34,1918,0.028470490440565252,0.018797469493415438,0.15009368364075446,0.004273240785283325
2012,E07000151,67368,120085,18024,27299,0.6602439649804022,44479.31543279973,male,30-34,1940,0.028797054981593635,0.019013081760806023,0.15009368364075446,0.0043222560601927276
2012,E07000152,74954,120085,2656,32112,0.08271051320378675,6199.483806676632,female,30-34,2492,0.03324705819569336,0.0027498812458819624,0.02211766665278761,0.0007353473503581761
2012,E07000152,74954,120085,2656,32112,0.08271051320378675,6199.483806676632,male,30-34,2294,0.030605438001974544,0.002531391483969992,0.02211766665278761,0.000676920875490231
2012,E07000153,80321,120085,2123,35712,0.059447804659498206,4774.907118055556,female,30-34,3043,0.03788548449346995,0.00225220888159825,0.017679143939709374,0.0006697829335856828
2012,E07000153,80321,120085,2123,35712,0.059447804659498206,4774.907118055556,male,30-34,3054,0.03802243497964418,0.0022603502873483586,0.017679143939709374,0.0006722041009433701
2012,E07000154,180013,120085,70823,79325,0.8928206744405925,160719.3280680744,female,30-34,8299,0.04610222595034803,0.04116102046620232,0.5897739101469792,0.027189890065216295
2012,E07000154,180013,120085,70823,79325,0.8928206744405925,160719.3280680744,male,30-34,8464,0.047018826418092026,0.041979380314006075,0.5897739101469792,0.02773047710712022
2012,E07000155,74001,120085,13896,28010,0.4961085326669047,36712.52752588361,female,30-34,2324,0.03140498101377008,0.015580279049173475,0.11571803305991589,0.003634122631197477
2012,E07000155,74001,120085,13896,28010,0.4961085326669047,36712.52752588361,male,30-34,2001,0.027040175132768476,0.013414861608173893,0.11571803305991589,0.0031290358799596183
2012,E07000156,64476,120085,7442,29694,0.25062302148582205,16159.169933319863,female,30-34,2396,0.03716111421304051,0.009313430725851939,0.0619727692884207,0.002302977157625411
2012,E07000156,64476,120085,7442,29694,0.25062302148582205,16159.169933319863,male,30-34,2288,0.03548607233699361,0.008893626669761784,0.0619727692884207,0.002199170173892713
2012,E07000177,121341,120085,23,45207,0.0005087707655893999,61.73475346738337,female,30-34,4989,0.041115533908571714,2.091838166428096e-05,0.00019153099887579632,7.874899278820414e-06
2012,E07000177,121341,120085,23,45207,0.0005087707655893999,61.73475346738337,male,30-34,5085,0.04190669270897718,2.132090013286604e-05,0.00019153099887579632,8.02643071413145e-06
2012,E07000220,86402,120085,199,33339,0.005968985272503675,515.7322655148625,female,30-34,3281,0.037973658017175525,0.0002266642054476118,0.0016571595120123245,6.292840858906549e-05
2012,E07000220,86402,120085,199,33339,0.005968985272503675,515.7322655148625,male,30-34,3185,0.036862572625633666,0.00022003215310900448,0.0016571595120123245,6.108716286381395e-05
2012,E07000221,106066,120085,44,45612,0.0009646584232219592,102.31746031746032,female,30-34,2879,0.02714347670318481,2.6184183437256242e-05,0.0003664071282841321,9.945563350461187e-06
2012,E07000221,106066,120085,44,45612,0.0009646584232219592,102.31746031746032,male,30-34,2738,0.02581411573925669,2.4901804185900517e-05,0.0003664071282841321,9.458476017215259e-06
2012,E06000017,32677,120085,27,12517,0.0021570663897099943,70.48645841655349,female,35-39,910,0.027848333690363252,6.007070461291106e-05,0.0002248407378107174,6.261439893740333e-06
2012,E06000017,32677,120085,27,12517,0.0021570663897099943,70.48645841655349,male,35-39,1032,0.03158184655874162,6.812413973683979e-05,0.0002248407378107174,7.100885681692333e-06
2012,E06000042,208763,120085,2760,89101,0.030976083321174845,6466.660082378424,female,35-39,9929,0.04756110996680446,0.0014732569051792944,0.022983719865095557,0.001093131227950038
2012,E06000042,208763,120085,2760,89101,0.030976083321174845,6466.660082378424,male,35-39,9988,0.04784372709723466,0.0014820112769594915,0.022983719865095557,0.0010996268209049228
2012,E06000055,135579,120085,240,62653,0.003830622635787592,519.351986337446,female,35-39,5246,0.03869330796067238,0.00014821946132765183,0.001998584336095266,7.733183920191008e-05
2012,E06000055,135579,120085,240,62653,0.003830622635787592,519.351986337446,male,35-39,5114,0.03771970585415146,0.00014448995906016232,0.001998584336095266,7.5386013282228e-05
2012,E06000056,221430,120085,121,96230,0.001257404135924348,278.42699781772836,female,35-39,8868,0.0400487738788782,5.035749391400044e-05,0.0010076196027813632,4.035392962771589e-05
2012,E06000056,221430,120085,121,96230,0.001257404135924348,278.42699781772836,male,35-39,8534,0.03854039651357088,4.846085397632834e-05,0.0010076196027813632,3.8834059026040526e-05
2012,E06000060,433892,120085,156,166677,0.0009359419715977609,406.0977339404957,female,35-39,16686,0.038456574447097436,3.5993122108912445e-05,0.0012990798184619229,4.995815975140276e-05
2012,E06000060,433892,120085,156,166677,0.0009359419715977609,406.0977339404957,male,35-39,16297,0.03756003798180192,3.5154016001974474e-05,0.0012990798184619229,4.879348732282217e-05
2012,E07000131,74470,120085,232,26368,0.008798543689320388,655.2275485436893,female,35-39,2667,0.03581307909225191,0.000315102941042265,0.0019319648582254237,6.918961027107835e-05
2012,E07000131,74470,120085,232,26368,0.008798543689320388,655.2275485436893,male,35-39,2471,0.033181146770511614,0.00029194576952209855,0.0019319648582254237,6.410480951624845e-05
2012,E07000150,52826,120085,1319,24662,0.05348309139566945,2825.2977860676347,female,35-39,1996,0.03778442433650096,0.0020208278201218383,0.010983886413790231,0.0004150198251225779
2012,E07000150,52826,120085,1319,24662,0.05348309139566945,2825.2977860676347,male,35-39,2053,0.03886343845833491,0.0020785368310171012,0.010983886413790231,0.00042687159367567763
2012,E07000151,67368,120085,18024,27299,0.6602439649804022,44479.31543279973,female,35-39,2411,0.0357885049281558,0.02362914439448625,0.15009368364075446,0.005371628536662199
2012,E07000151,67368,120085,18024,27299,0.6602439649804022,44479.31543279973,male,35-39,2308,0.034259589122432016,0.022619686960793972,0.15009368364075446,0.0051421479314045435
2012,E07000152,74954,120085,2656,32112,0.08271051320378675,6199.483806676632,female,35-39,2883,0.03846359100248152,0.0031813433514758013,0.02211766665278761,0.0008507248840620471
2012,E07000152,74954,120085,2656,32112,0.08271051320378675,6199.483806676632,male,35-39,2650,0.035355017744216455,0.00292423166195313,0.02211766665278761,0.0007819704969699705
2012,E07000153,80321,120085,2123,35712,0.059447804659498206,4774.907118055556,female,35-39,3271,0.040724094570535725,0.0024209580189641393,0.017679143939709374,0.0007199671297268381
2012,E07000153,80321,120085,2123,35712,0.059447804659498206,4774.907118055556,male,35-39,3146,0.039167839045828615,0.0023284420445310863,0.017679143939709374,0.0006924538642985731
2012,E07000154,180013,120085,70823,79325,0.8928206744405925,160719.3280680744,female,35-39,7409,0.04115813857888041,0.03674683704471538,0.5897739101469792,0.024273996324037535
2012,E07000154,180013,120085,70823,79325,0.8928206744405925,160719.3280680744,male,35-39,7807,0.04336909001016593,0.03872082019275111,0.5897739101469792,0.025577957794811854
2012,E07000155,74001,120085,13896,28010,0.4961085326669047,36712.52752588361,female,35-39,2929,0.03958054620883501,0.019636246701819755,0.11571803305991589,0.0045801829547234985
2012,E07000155,74001,120085,13896,28010,0.4961085326669047,36712.52752588361,male,35-39,2563,0.034634667099093255,0.017182553873937877,0.11571803305991589,0.004007855552392054
2012,E07000156,64476,120085,7442,29694,0.25062302148582205,16159.169933319863,female,35-39,2546,0.03948756126310565,0.009896491914866043,0.0619727692884207,0.0024471535239208248
2012,E07000156,64476,120085,7442,29694,0.25062302148582205,16159.169933319863,male,35-39,2422,0.037564365035051804,0.009414494665281051,0.0619727692884207,0.0023279677277832827
2012,E07000177,121341,120085,23,45207,0.0005087707655893999,61.73475346738337,female,35-39,4929,0.04062105965831829,2.0666807621415282e-05,0.00019153099887579632,7.780192131751015e-06
2012,E07000177,121341,120085,23,45207,0.0005087707655893999,61.73475346738337,male,35-39,4671,0.038494820382228595,1.9585039237092877e-05,0.00019153099887579632,7.372951399352606e-06
2012,E07000220,86402,120085,199,33339,0.005968985272503675,515.7322655148625,female,35-39,3288,0.03805467466030879,0.00022714779259730194,0.0016571595120123245,6.306266608986508e-05
2012,E07000220,86402,120085,199,33339,0.005968985272503675,515.7322655148625,male,35-39,3346,0.03872595541769867,0.00023115465755187722,0.0016571595120123245,6.417508538220456e-05
2012,E07000221,106066,120085,44,45612,0.0009646584232219592,102.31746031746032,female,35-39,3531,0.03329059264985952,3.211405061373803e-05,0.0003664071282841321,1.2197910451711862e-05
2012,E07000221,106066,120085,44,45612,0.0009646584232219592,102.31746031746032,male,35-39,3129,0.029500499688872965,2.8457905514128092e-05,0.0003664071282841321,1.0809193373946875e-05
2012,E06000017,32677,120085,27,12517,0.0021570663897099943,70.48645841655349,female,40-44,1300,0.039783333843376074,8.581529230415867e-05,0.0002248407378107174,8.94491413391476e-06
2012,E06000017,32677,120085,27,12517,0.0021570663897099943,70.48645841655349,male,40-44,1262,0.0386204363925697,8.33068452983448e-05,0.0002248407378107174,8.683447413077252e-06
2012,E06000042,208763,120085,2760,89101,0.030976083321174845,6466.660082378424,female,40-44,9599,0.04598037008473724,0.0014242917748832759,0.022983719865095557,0.0010567999453210207
2012,E06000042,208763,120085,2760,89101,0.030976083321174845,6466.660082378424,male,40-44,9430,0.04517083966028463,0.001399215693004406,0.022983719865095557,0.0010381939248231302
2012,E06000055,135579,120085,240,62653,0.003830622635787592,519.351986337446,female,40-44,5869,0.043288414872509756,0.00016582158187800013,0.001998584336095266,8.651554789859136e-05
2012,E06000055,135579,120085,240,62653,0.003830622635787592,519.351986337446,male,40-44,5795,0.0427426076309753,0.00016373080030380145,0.001998584336095266,8.542470609513322e-05
2012,E06000056,221430,120085,121,96230,0.001257404135924348,278.42699781772836,female,40-44,10153,0.045851962245404866,5.7654446967619126e-05,0.0010076196027813632,4.6201335984460916e-05
2012,E06000056,221430,120085,121,96230,0.001257404135924348,278.42699781772836,male,40-44,9891,0.044668744072618886,5.616666354345719e-05,0.0010076196027813632,4.500910215919461e-05
2012,E06000060,433892,120085,156,166677,0.0009359419715977609,406.0977339404957,female,40-44,19947,0.045972269597042585,4.302737664547984e-05,0.0012990798184619229,5.9721647642408655e-05
2012,E06000060,433892,120085,156,166677,0.0009359419715977609,406.0977339404957,male,40-44,18918,0.04360071169784186,4.080773606954367e-05,0.0012990798184619229,5.6640804637243045e-05
2012,E07000131,74470,120085,232,26368,0.008798543689320388,655.2275485436893,female,40-44,3559,0.04779105680139654,0.0004204917012258797,0.0019319648582254237,9.233064227775323e-05
2012,E07000131,74470,120085,232,26368,0.008798543689320388,655.2275485436893,male,40-44,3402,0.04568282529877803,0.00040194233424288925,0.0019319648582254237,8.82576131016905e-05
2012,E07000150,52826,120085,1319,24662,0.05348309139566945,2825.2977860676347,female,40-44,2316,0.04384204747662136,0.0023448082321654196,0.010983886413790231,0.00048155606963120766
2012,E07000150,52826,120085,1319,24662,0.05348309139566945,2825.2977860676347,male,40-44,2283,0.04321735509029644,0.002311397752173425,0.010983886413790231,0.0004746945194162552
2012,E07000151,67368,120085,18024,27299,0.6602439649804022,44479.31543279973,female,40-44,3230,0.047945612160076,0.03165580107598116,0.15009368364075446,0.007196333543516757
2012,E07000151,67368,120085,18024,27299,0.6602439649804022,44479.31543279973,male,40-44,2951,0.04380418002612516,0.028921445503164212,0.15009368364075446,0.006574730738983885
2012,E07000152,74954,120085,2656,32112,0.08271051320378675,6199.483806676632,female,40-44,3572,0.0476558956159778,0.003941643583583615,0.02211766665278761,0.0010540372132742395
2012,E07000152,74954,120085,2656,32112,0.08271051320378675,6199.483806676632,male,40-44,3426,0.04570803426101342,0.003780534971264688,0.02211766665278761,0.00101095506513929
2012,E07000153,80321,120085,2123,35712,0.059447804659498206,4774.907118055556,female,40-44,3816,0.047509368658258735,0.0028243276674922517,0.017679143939709374,0.0008399249669940734
2012,E07000153,80321,120085,2123,35712,0.059447804659498206,4774.907118055556,male,40-44,3712,0.04621456406170242,0.0027473543767639517,0.017679143939709374,0.000817033930157757
2012,E07000154,180013,120085,70823,79325,0.8928206744405925,160719.3280680744,female,40-44,7532,0.04184142256392594,0.037356887113078184,0.5897739101469792,0.024676979391638643
2012,E07000154,180013,120085,70823,79325,0.8928206744405925,160719.3280680744,male,40-44,7675,0.04263580963597074,0.03806613231450811,0.5897739101469792,0.025145488161288716
2012,E07000155,74001,120085,13896,28010,0.4961085326669047,36712.52752588361,female,40-44,3751,0.050688504209402574,0.025146999446406932,0.11571803305991589,0.005865574005861332
2012,E07000155,74001,120085,13896,28010,0.4961085326669047,36712.52752588361,male,40-44,3418,0.04618856501939163,0.022914541217760303,0.11571803305991589,0.005344849893904035
2012,E07000156,64476,120085,7442,29694,0.25062302148582205,16159.169933319863,female,40-44,2891,0.044838389478255476,0.011237532649598479,0.0619727692884207,0.002778759166400277
2012,E07000156,64476,120085,7442,29694,0.25062302148582205,16159.169933319863,male,40-44,2843,0.04409392642223463,0.011050953069113965,0.0619727692884207,0.0027326227291857444
2012,E07000177,121341,120085,23,45207,0.0005087707655893999,61.73475346738337,female,40-44,5517,0.04546690731080179,2.3132233241498907e-05,0.00019153099887579632,8.708322173031112e-06
2012,E07000177,121341,120085,23,45207,0.0005087707655893999,61.73475346738337,male,40-44,5415,0.04462630108537098,2.2704557368627263e-05,0.00019153099887579632,8.547320023013138e-06
2012,E07000220,86402,120085,199,33339,0.005968985272503675,515.7322655148625,female,40-44,3748,0.043378625494780214,0.00025892637671979553,0.0016571595120123245,7.188530185669535e-05
2012,E07000220,86402,120085,199,33339,0.005968985272503675,515.7322655148625,male,40-44,3880,0.04490636790815027,0.00026804544868538064,0.0016571595120123245,7.441701472891622e-05
2012,E07000221,106066,120085,44,45612,0.0009646584232219592,102.31746031746032,female,40-44,4631,0.04366149378688741,4.211842775197418e-05,0.0003664071282841321,1.599788255504889e-05
2012,E07000221,106066,120085,44,45612,0.0009646584232219592,102.31746031746032,male,40-44,4164,0.03925857484962193,3.787111491237756e-05,0.0003664071282841321,1.4384621671177625e-05
2012,E06000017,32677,120085,27,12517,0.0021570663897099943,70.48645841655349,female,45-49,1366,0.04180310310003978,9.017206868267748e-05,0.0002248407378107174,9.399040543790433e-06
2012,E06000017,32677,120085,27,12517,0.0021570663897099943,70.48645841655349,male,45-49,1375,0.04207852618049392,9.07661745524755e-05,0.0002248407378107174,9.460966872409843e-06
2012,E06000042,208763,120085,2760,89101,0.030976083321174845,6466.660082378424,female,45-49,9242,0.04427029693959179,0.001371320406653947,0.022983719865095557,0.001017496103204175
2012,E06000042,208763,120085,2760,89101,0.030976083321174845,6466.660082378424,male,45-49,9236,0.04424155621446329,0.0013704301315576556,0.022983719865095557,0.0010168355344291017
2012,E06000055,135579,120085,240,62653,0.003830622635787592,519.351986337446,female,45-49,6099,0.04498484278538712,0.00017231995704105005,0.001998584336095266,8.990600215258284e-05
2012,E06000055,135579,120085,240,62653,0.003830622635787592,519.351986337446,male,45-49,5946,0.04385634943464696,0.00016799712486736902,0.001998584336095266,8.76506130184059e-05
2012,E06000056,221430,120085,121,96230,0.001257404135924348,278.42699781772836,female,45-49,10659,0.048137108792846495,6.0527799687565474e-05,0.0010076196027813632,4.850389444089125e-05
2012,E06000056,221430,120085,121,96230,0.001257404135924348,278.42699781772836,male,45-49,10564,0.047708079302714174,5.998833623223958e-05,0.0010076196027813632,4.807159591646263e-05
2012,E06000060,433892,120085,156,166677,0.0009359419715977609,406.0977339404957,female,45-49,20608,0.04749569017174781,4.445320990174204e-05,0.0012990798184619229,6.170069256603788e-05
2012,E06000060,433892,120085,156,166677,0.0009359419715977609,406.0977339404957,male,45-49,20549,0.047359711633309674,4.432594188038127e-05,0.0012990798184619229,6.152404559100894e-05
2012,E07000131,74470,120085,232,26368,0.008798543689320388,655.2275485436893,female,45-49,3811,0.051174969786491206,0.0004502652074660937,0.0019319648582254237,9.886824324824882e-05
2012,E07000131,74470,120085,232,26368,0.008798543689320388,655.2275485436893,male,45-49,3680,0.04941587216328723,0.0004347877101745539,0.0019319648582254237,9.546972845803088e-05
2012,E07000150,52826,120085,1319,24662,0.05348309139566945,2825.2977860676347,female,45-49,2461,0.046586907961988416,0.0024916118563726676,0.010983886413790231,0.0005117053054241805
2012,E07000150,52826,120085,1319,24662,0.05348309139566945,2825.2977860676347,male,45-49,2458,0.04653011774504979,0.002488574540009759,0.010983886413790231,0.0005110815281319122
2012,E07000151,67368,120085,18024,27299,0.6602439649804022,44479.31543279973,female,45-49,3345,0.049652654079088,0.032782865200977396,0.15009368364075446,0.0074525497532704505
2012,E07000151,67368,120085,18024,27299,0.6602439649804022,44479.31543279973,male,45-49,3338,0.04954874717966987,0.032714261297716755,0.15009368364075446,0.007436953983981094
2012,E07000152,74954,120085,2656,32112,0.08271051320378675,6199.483806676632,female,45-49,3432,0.04578808335779278,0.0037871558731408083,0.02211766665278761,0.0010127255643777127
2012,E07000152,74954,120085,2656,32112,0.08271051320378675,6199.483806676632,male,45-49,3592,0.04792272593857566,0.003963713256504016,0.02211766665278761,0.0010599388774023147
2012,E07000153,80321,120085,2123,35712,0.059447804659498206,4774.907118055556,female,45-49,3643,0.045355511012064094,0.002696285558876906,0.017679143939709374,0.0008018466076413547
2012,E07000153,80321,120085,2123,35712,0.059447804659498206,4774.907118055556,male,45-49,3655,0.04550491154243597,0.002705167092422479,0.017679143939709374,0.0008044878811224681
2012,E07000154,180013,120085,70823,79325,0.8928206744405925,160719.3280680744,female,45-49,7703,0.042791353957769715,0.038205005500802074,0.5897739101469792,0.025237224144157258
2012,E07000154,180013,120085,70823,79325,0.8928206744405925,160719.3280680744,male,45-49,7653,0.04251359624027153,0.037957017668134266,0.5897739101469792,0.025073409889034858
2012,E07000155,74001,120085,13896,28010,0.4961085326669047,36712.52752588361,female,45-49,3868,0.05226956392481183,0.02593137666187737,0.11571803305991589,0.006048531126278762
2012,E07000155,74001,120085,13896,28010,0.4961085326669047,36712.52752588361,male,45-49,3630,0.049053391170389586,0.024335805915877674,0.11571803305991589,0.005676361941156128
2012,E07000156,64476,120085,7442,29694,0.25062302148582205,16159.169933319863,female,45-49,2840,0.044047397481233326,0.011039291845333685,0.0619727692884207,0.002729739201859836
2012,E07000156,64476,120085,7442,29694,0.25062302148582205,16159.169933319863,male,45-49,2939,0.04558285253427632,0.011424112230082991,0.0619727692884207,0.002824895603614809
2012,E07000177,121341,120085,23,45207,0.0005087707655893999,61.73475346738337,female,45-49,5691,0.0469008826365367,2.386179796580937e-05,0.00019153099887579632,8.982972899532366e-06
2012,E07000177,121341,120085,23,45207,0.0005087707655893999,61.73475346738337,male,45-49,5636,0.046447614573804405,2.3631188426515836e-05,0.00019153099887579632,8.896158014718752e-06
2012,E07000220,86402,120085,199,33339,0.005968985272503675,515.7322655148625,female,45-49,3947,0.0456818129209972,0.00027267406854670036,0.0016571595120123245,7.570205080799801e-05
2012,E07000220,86402,120085,199,33339,0.005968985272503675,515.7322655148625,male,45-49,3934,0.04553135344089257,0.0002717759781258473,0.0016571595120123245,7.545271544937021e-05
2012,E07000221,106066,120085,44,45612,0.0009646584232219592,102.31746031746032,female,45-49,4919,0.04637678426640016,4.4737755584530546e-05,0.0003664071282841321,1.6992784342104404e-05
2012,E07000221,106066,120085,44,45612,0.0009646584232219592,102.31746031746032,male,45-49,4691,0.04422717930345257,4.266412105042342e-05,0.0003664071282841321,1.6205153760685457e-05
2012,E06000017,32677,120085,27,12517,0.0021570663897099943,70.48645841655349,female,50-54,1287,0.039385500504942314,8.495713938111707e-05,0.0002248407378107174,8.855464992575613e-06
2012,E06000017,32677,120085,27,12517,0.0021570663897099943,70.48645841655349,male,50-54,1294,0.03959971845640665,8.541922172429332e-05,0.0002248407378107174,8.903629914835155e-06
2012,E06000042,208763,120085,2760,89101,0.030976083321174845,6466.660082378424,female,50-54,8154,0.039058645449624695,0.0012098838558598014,0.022983719865095557,0.0008977129653242633
2012,E06000042,208763,120085,2760,89101,0.030976083321174845,6466.660082378424,male,50-54,8137,0.03897721339509396,0.0012073614097536428,0.022983719865095557,0.0008958413537948897
2012,E06000055,135579,120085,240,62653,0.003830622635787592,519.351986337446,female,50-54,5406,0.03987343172615228,0.00015274007013673003,0.001998584336095266,7.969041607425197e-05
2012,E06000055,135579,120085,240,62653,0.003830622635787592,519.351986337446,male,50-54,5272,0.03888507807256286,0.00014895406025912706,0.001998584336095266,7.771510794366564e-05
2012,E06000056,221430,120085,121,96230,0.001257404135924348,278.42699781772836,female,50-54,9452,0.04268617621821795,5.367377452358279e-05,0.0010076196027813632,4.301142792525604e-05
2012,E06000056,221430,120085,121,96230,0.001257404135924348,278.42699781772836,male,50-54,9561,0.043178431106896085,5.429273785653566e-05,0.0010076196027813632,4.350743360065309e-05
2012,E06000060,433892,120085,156,166677,0.0009359419715977609,406.0977339404957,female,50-54,18339,0.04226627824435574,3.955878379212186e-05,0.0012990798184619229,5.4907269068738774e-05
2012,E06000060,433892,120085,156,166677,0.0009359419715977609,406.0977339404957,male,50-54,18454,0.04253132115826058,3.980684857951998e-05,0.0012990798184619229,5.5251580969218897e-05
2012,E07000131,74470,120085,232,26368,0.008798543689320388,655.2275485436893,female,50-54,3184,0.04275547200214851,0.00037618588836841834,0.0019319648582254237,8.260206940499192e-05
2012,E07000131,74470,120085,232,26368,0.008798543689320388,655.2275485436893,male,50-54,3311,0.044460856720827176,0.0003911907903228119,0.0019319648582254237,8.589681275123375e-05
2012,E07000150,52826,120085,1319,24662,0.05348309139566945,2825.2977860676347,female,50-54,2191,0.04147578843751183,0.0022182533837108954,0.010983886413790231,0.0004555653491200242
2012,E07000150,52826,120085,1319,24662,0.05348309139566945,2825.2977860676347,male,50-54,2177,0.041210767425131564,0.002204079240683989,0.010983886413790231,0.00045265438842277163
2012,E07000151,67368,120085,18024,27299,0.6602439649804022,44479.31543279973,female,50-54,3012,0.044709654435340224,0.029519279517292652,0.15009368364075446,0.0067106367285054095
2012,E07000151,67368,120085,18024,27299,0.6602439649804022,44479.31543279973,male,50-54,3025,0.04490262439140245,0.029646686766205268,0.15009368364075446,0.006739600300042783
2012,E07000152,74954,120085,2656,32112,0.08271051320378675,6199.483806676632,female,50-54,3107,0.04145209061557755,0.003428523688184292,0.02211766665278761,0.0009168235222964898
2012,E07000152,74954,120085,2656,32112,0.08271051320378675,6199.483806676632,male,50-54,3084,0.04114523574459002,0.0034031435643258313,0.02211766665278761,0.0009100366085492034
2012,E07000153,80321,120085,2123,35712,0.059447804659498206,4774.907118055556,female,50-54,3003,0.03738748272556368,0.0022226037697796732,0.017679143939709374,0.000660978688648638
2012,E07000153,80321,120085,2123,35712,0.059447804659498206,4774.907118055556,male,50-54,3096,0.03854533683594577,0.0022914356547578648,0.017679143939709374,0.0006814485581272671
2012,E07000154,180013,120085,70823,79325,0.8928206744405925,160719.3280680744,female,50-54,6701,0.03722508929910617,0.03323532933413926,0.5897739101469792,0.02195438647150432
2012,E07000154,180013,120085,70823,79325,0.8928206744405925,160719.3280680744,male,50-54,6473,0.035958514107314474,0.03210450481717407,0.5897739101469792,0.021207393468146173
2012,E07000155,74001,120085,13896,28010,0.4961085326669047,36712.52752588361,female,50-54,3331,0.04501290523101039,0.022331286365231004,0.11571803305991589,0.005208804855644921
2012,E07000155,74001,120085,13896,28010,0.4961085326669047,36712.52752588361,male,50-54,3300,0.04459399197308145,0.022123459923525164,0.11571803305991589,0.0051603290374146625
2012,E07000156,64476,120085,7442,29694,0.25062302148582205,16159.169933319863,female,50-54,2577,0.03996836032011911,0.01001699122726229,0.0619727692884207,0.0024769499729552103
2012,E07000156,64476,120085,7442,29694,0.25062302148582205,16159.169933319863,male,50-54,2427,0.03764191327005397,0.009433930038248186,0.0619727692884207,0.0023327736066597964
2012,E07000177,121341,120085,23,45207,0.0005087707655893999,61.73475346738337,female,50-54,4887,0.0402749276831409,2.049070579140931e-05,0.00019153099887579632,7.713897128802438e-06
2012,E07000177,121341,120085,23,45207,0.0005087707655893999,61.73475346738337,male,50-54,4823,0.03974748848287059,2.0222360145685925e-05,0.00019153099887579632,7.612876171928414e-06
2012,E07000220,86402,120085,199,33339,0.005968985272503675,515.7322655148625,female,50-54,3316,0.03837874123284183,0.0002290821411960624,0.0016571595120123245,6.359969609306345e-05
2012,E07000220,86402,120085,199,33339,0.005968985272503675,515.7322655148625,male,50-54,3569,0.04130691419180112,0.0002465603624634339,0.0016571595120123245,6.84521457648201e-05
2012,E07000221,106066,120085,44,45612,0.0009646584232219592,102.31746031746032,female,50-54,4632,0.04367092187883016,4.2127522640281664e-05,0.0003664071282841321,1.6001337075142834e-05
2012,E07000221,106066,120085,44,45612,0.0009646584232219592,102.31746031746032,male,50-54,4436,0.04182301585805065,4.0344924532014136e-05,0.0003664071282841321,1.5324251136730055e-05
2012,E06000017,32677,120085,27,12517,0.0021570663897099943,70.48645841655349,female,55-59,1178,0.036049820974997704,7.776185718022993e-05,0.0002248407378107174,8.10546834596276e-06
2012,E06000017,32677,120085,27,12517,0.0021570663897099943,70.48645841655349,male,55-59,1143,0.03497873121767604,7.545144546434874e-05,0.0002248407378107174,7.864643734665055e-06
2012,E06000042,208763,120085,2760,89101,0.030976083321174845,6466.660082378424,female,55-59,7313,0.035030153810780645,0.0010850969631963118,0.022983719865095557,0.000805123242018192
2012,E06000042,208763,120085,2760,89101,0.030976083321174845,6466.660082378424,male,55-59,6969,0.03338235223674693,0.0010340545243422805,0.022983719865095557,0.0007672506322473375
2012,E06000055,135579,120085,240,62653,0.003830622635787592,519.351986337446,female,55-59,4531,0.03341962988368405,0.00012801799071208357,0.001998584336095266,6.67919488036322e-05
2012,E06000055,135579,120085,240,62653,0.003830622635787592,519.351986337446,male,55-59,4600,0.03392855825754726,0.00012996750326099856,0.001998584336095266,6.780908507982964e-05
2012,E06000056,221430,120085,121,96230,0.001257404135924348,278.42699781772836,female,55-59,7965,0.03597073567267308,4.522975180706061e-05,0.0010076196027813632,3.624481839025226e-05
2012,E06000056,221430,120085,121,96230,0.001257404135924348,278.42699781772836,male,55-59,7931,0.03581718827620467,4.503668067568082e-05,0.0010076196027813632,3.6090101023614646e-05
2012,E06000060,433892,120085,156,166677,0.0009359419715977609,406.0977339404957,female,55-59,15618,0.03599513242926811,3.36893552137717e-05,0.0012990798184619229,4.676055010172649e-05
2012,E06000060,433892,120085,156,166677,0.0009359419715977609,406.0977339404957,male,55-59,15647,0.03606196933799194,3.375191068189818e-05,0.0012990798184619229,4.6847376580978e-05
2012,E07000131,74470,120085,232,26368,0.008798543689320388,655.2275485436893,female,55-59,2838,0.03810930576070901,0.0003353063917052674,0.0019319648582254237,7.362583950105751e-05
2012,E07000131,74470,120085,232,26368,0.008798543689320388,655.2275485436893,male,55-59,2774,0.037249899288304016,0.00032774486631092733,0.0019319648582254237,7.196549639743957e-05
2012,E07000150,52826,120085,1319,24662,0.05348309139566945,2825.2977860676347,female,55-59,1853,0.035077423995759666,0.001876049073489863,0.010983886413790231,0.000385286440857784
2012,E07000150,52826,120085,1319,24662,0.05348309139566945,2825.2977860676347,male,55-59,1804,0.03414985045242873,0.0018264395728956895,0.010983886413790231,0.0003750980784174001
2012,E07000151,67368,120085,18024,27299,0.6602439649804022,44479.31543279973,female,55-59,2574,0.03820805130032063,0.025226635284698304,0.15009368364075446,0.005734787164400041
2012,E07000151,67368,120085,18024,27299,0.6602439649804022,44479.31543279973,male,55-59,2653,0.039380714879467996,0.02600087933578267,0.15009368364075446,0.005910796560665621
2012,E07000152,74954,120085,2656,32112,0.08271051320378675,6199.483806676632,female,55-59,2647,0.035314993195826774,0.0029209212110150695,0.02211766665278761,0.0007810852473507592
2012,E07000152,74954,120085,2656,32112,0.08271051320378675,6199.483806676632,male,55-59,2704,0.036075459615230676,0.0029838197788382126,0.02211766665278761,0.0007979049901157737
2012,E07000153,80321,120085,2123,35712,0.059447804659498206,4774.907118055556,female,55-59,2734,0.03403842083639397,0.002023509392799742,0.017679143939709374,0.0006017701414470117
2012,E07000153,80321,120085,2123,35712,0.059447804659498206,4774.907118055556,male,55-59,2686,0.03344081871490644,0.0019879832586174495,0.017679143939709374,0.000591205047522558
2012,E07000154,180013,120085,70823,79325,0.8928206744405925,160719.3280680744,female,55-59,5722,0.0317865931904918,0.028379727570503634,0.5897739101469792,0.01874690335620769
2012,E07000154,180013,120085,70823,79325,0.8928206744405925,160719.3280680744,male,55-59,5508,0.030597790159599583,0.027318339646685424,0.5897739101469792,0.018045778344283808
2012,E07000155,74001,120085,13896,28010,0.4961085326669047,36712.52752588361,female,55-59,2781,0.037580573235496816,0.018644043044643475,0.11571803305991589,0.004348750016075811
2012,E07000155,74001,120085,13896,28010,0.4961085326669047,36712.52752588361,male,55-59,2918,0.03943189956892475,0.019562501835408006,0.11571803305991589,0.004562981857932117
2012,E07000156,64476,120085,7442,29694,0.25062302148582205,16159.169933319863,female,55-59,2315,0.035904832806005336,0.008998577683784323,0.0619727692884207,0.0022251219198258874
2012,E07000156,64476,120085,7442,29694,0.25062302148582205,16159.169933319863,male,55-59,2299,0.035656678453998385,0.008936384490289485,0.0619727692884207,0.002209743107421043
2012,E07000177,121341,120085,23,45207,0.0005087707655893999,61.73475346738337,female,55-59,4080,0.033624249017232426,1.710703491486597e-05,0.00019153099887579632,6.440086000719039e-06
2012,E07000177,121341,120085,23,45207,0.0005087707655893999,61.73475346738337,male,55-59,4123,0.033978622229914046,1.728732964558637e-05,0.00019153099887579632,6.507959456118775e-06
2012,E07000220,86402,120085,199,33339,0.005968985272503675,515.7322655148625,female,55-59,2845,0.03292747853058957,0.00019654363440977006,0.0016571595120123245,5.45660842535481e-05
2012,E07000220,86402,120085,199,33339,0.005968985272503675,515.7322655148625,male,55-59,2874,0.03326311890928451,0.00019854706688705772,0.0016571595120123245,5.512229389971784e-05
2012,E07000221,106066,120085,44,45612,0.0009646584232219592,102.31746031746032,female,55-59,4062,0.038296909471461166,3.694343630501384e-05,0.0003664071282841321,1.4032260621595464e-05
2012,E07000221,106066,120085,44,45612,0.0009646584232219592,102.31746031746032,male,55-59,4091,0.03857032413780099,3.720718806593098e-05,0.0003664071282841321,1.4132441704319802e-05
2012,E06000017,32677,120085,27,12517,0.0021570663897099943,70.48645841655349,female,60-64,1311,0.04011996205282003,8.654142170057847e-05,0.0002248407378107174,9.02060186889404e-06
2012,E06000017,32677,120085,27,12517,0.0021570663897099943,70.48645841655349,male,60-64,1275,0.03901826973100346,8.416499822138639e-05,0.0002248407378107174,8.772896554416401e-06
2012,E06000042,208763,120085,2760,89101,0.030976083321174845,6466.660082378424,female,60-64,6700,0.032093809726819404,0.0009941405241918895,0.022983719865095557,0.0007376351321648962
2012,E06000042,208763,120085,2760,89101,0.030976083321174845,6466.660082378424,male,60-64,6429,0.030795686975182385,0.0009539297656760685,0.022983719865095557,0.0007077994424907639
2012,E06000055,135579,120085,240,62653,0.003830622635787592,519.351986337446,female,60-64,4557,0.03361139999557453,0.00012875258964355877,0.001998584336095266,6.717521754538776e-05
2012,E06000055,135579,120085,240,62653,0.003830622635787592,519.351986337446,male,60-64,4402,0.03246815509776588,0.00012437324985976428,0.001998584336095266,6.489034620030654e-05
2012,E06000056,221430,120085,121,96230,0.001257404135924348,278.42699781772836,female,60-64,7903,0.03569073747911304,4.487768092042687e-05,0.0010076196027813632,3.596268672167779e-05
2012,E06000056,221430,120085,121,96230,0.001257404135924348,278.42699781772836,male,60-64,7693,0.0347423565009258,4.368518275602226e-05,0.0010076196027813632,3.500707945715137e-05
2012,E06000060,433892,120085,156,166677,0.0009359419715977609,406.0977339404957,female,60-64,15051,0.034688355627667714,3.246628795764361e-05,0.0012990798184619229,4.5062942731533195e-05
2012,E06000060,433892,120085,156,166677,0.0009359419715977609,406.0977339404957,male,60-64,14484,0.033381578826067314,3.124322070151551e-05,0.0012990798184619229,4.33653353613399e-05
2012,E07000131,74470,120085,232,26368,0.008798543689320388,655.2275485436893,female,60-64,2847,0.038230159795890964,0.00033636973121384646,0.0019319648582254237,7.385932525000378e-05
2012,E07000131,74470,120085,232,26368,0.008798543689320388,655.2275485436893,male,60-64,2912,0.039102994494427286,0.0003440494054424731,0.0019319648582254237,7.554561121461573e-05
2012,E07000150,52826,120085,1319,24662,0.05348309139566945,2825.2977860676347,female,60-64,1613,0.030534206640669366,0.0016330637644571767,0.010983886413790231,0.0003353842574763117
2012,E07000150,52826,120085,1319,24662,0.05348309139566945,2825.2977860676347,male,60-64,1544,0.029228031651080906,0.0015632054881102796,0.010983886413790231,0.00032103737975413844
2012,E07000151,67368,120085,18024,27299,0.6602439649804022,44479.31543279973,female,60-64,2837,0.04211198194988719,0.027804181935776644,0.15009368364075446,0.00632074249627153
2012,E07000151,67368,120085,18024,27299,0.6602439649804022,44479.31543279973,male,60-64,2656,0.03942524640779005,0.026030281008608658,0.15009368364075446,0.005917480461789631
2012,E07000152,74954,120085,2656,32112,0.08271051320378675,6199.483806676632,female,60-64,3105,0.041425407583317767,0.0034263167208922517,0.02211766665278761,0.0009162333558836824
2012,E07000152,74954,120085,2656,32112,0.08271051320378675,6199.483806676632,male,60-64,2884,0.038476932518611416,0.0031824468351218213,0.02211766665278761,0.0008510199672684509
2012,E07000153,80321,120085,2123,35712,0.059447804659498206,4774.907118055556,female,60-64,3052,0.037997534891248866,0.00225887003175743,0.017679143939709374,0.0006717638886965179
2012,E07000153,80321,120085,2123,35712,0.059447804659498206,4774.907118055556,male,60-64,2801,0.03487257379763698,0.0020730979550958586,0.017679143939709374,0.0006165172517165618
2012,E07000154,180013,120085,70823,79325,0.8928206744405925,160719.3280680744,female,60-64,5738,0.03187547566009122,0.028459083676957334,0.5897739101469792,0.01879932391784686
2012,E07000154,180013,120085,70823,79325,0.8928206744405925,160719.3280680744,male,60-64,5434,0.030186708737702277,0.026951317654337077,0.5897739101469792,0.017803333246702656
2012,E07000155,74001,120085,13896,28010,0.4961085326669047,36712.52752588361,female,60-64,2999,0.04052647937190038,0.02010553221534908,0.11571803305991589,0.004689644479759568
2012,E07000155,74001,120085,13896,28010,0.4961085326669047,36712.52752588361,male,60-64,2840,0.03837785975865191,0.01903958369176105,0.11571803305991589,0.0044410104443204975
2012,E07000156,64476,120085,7442,29694,0.25062302148582205,16159.169933319863,female,60-64,2484,0.038525963149078725,0.009655493290073546,0.0619727692884207,0.0023875606258520537
2012,E07000156,64476,120085,7442,29694,0.25062302148582205,16159.169933319863,male,60-64,2274,0.03526893727898753,0.008839207625453802,0.0619727692884207,0.0021857137130384743
2012,E07000177,121341,120085,23,45207,0.0005087707655893999,61.73475346738337,female,60-64,4160,0.03428354801757032,1.7442466972020202e-05,0.00019153099887579632,6.566362196811569e-06
2012,E07000177,121341,120085,23,45207,0.0005087707655893999,61.73475346738337,male,60-64,4000,0.032964950016894534,1.6771602857711735e-05,0.00019153099887579632,6.313809804626509e-06
2012,E07000220,86402,120085,199,33339,0.005968985272503675,515.7322655148625,female,60-64,2868,0.03319367607231314,0.00019813256361589474,0.0016571595120123245,5.5007216041889616e-05
2012,E07000220,86402,120085,199,33339,0.005968985272503675,515.7322655148625,male,60-64,2846,0.03293905233675146,0.00019661271828829723,0.0016571595120123245,5.458526389651947e-05
2012,E07000221,106066,120085,44,45612,0.0009646584232219592,102.31746031746032,female,60-64,4458,0.0420304338807912,4.054501207477885e-05,0.0003664071282841321,1.5400250578796795e-05
2012,E07000221,106066,120085,44,45612,0.0009646584232219592,102.31746031746032,male,60-64,4262,0.04018252786001169,3.8762413966511324e-05,0.0003664071282841321,1.4723164640384015e-05
2012,E06000017,32677,120085,27,12517,0.0021570663897099943,70.48645841655349,female,65-69,1321,0.040425987697769075,8.720153933368738e-05,0.0002248407378107174,9.089408900693384e-06
2012,E06000017,32677,120085,27,12517,0.0021570663897099943,70.48645841655349,male,65-69,1239,0.03791657740918689,8.17885747421943e-05,0.0002248407378107174,8.525191239938762e-06
2012,E06000042,208763,120085,2760,89101,0.030976083321174845,6466.660082378424,female,65-69,5168,0.024755344577343685,0.0007668236162721918,0.022983719865095557,0.0005689699049295796
2012,E06000042,208763,120085,2760,89101,0.030976083321174845,6466.660082378424,male,65-69,4963,0.02377336980212011,0.0007364058838155744,0.022983719865095557,0.0005464004717812508
2012,E06000055,135579,120085,240,62653,0.003830622635787592,519.351986337446,female,65-69,4008,0.029562100325271613,0.00011324125066740917,0.001998584336095266,5.9082350652164614e-05
2012,E06000055,135579,120085,240,62653,0.003830622635787592,519.351986337446,male,65-69,3915,0.028876153386586417,0.00011061364679713246,0.001998584336095266,5.7711427845115886e-05
2012,E06000056,221430,120085,121,96230,0.001257404135924348,278.42699781772836,female,65-69,7174,0.03239850065483448,4.0738008721136574e-05,0.0010076196027813632,3.2645364360536056e-05
2012,E06000056,221430,120085,121,96230,0.001257404135924348,278.42699781772836,male,65-69,7039,0.031788827168856976,3.997140275830504e-05,0.0010076196027813632,3.2031045404769075e-05
2012,E06000060,433892,120085,156,166677,0.0009359419715977609,406.0977339404957,female,65-69,14195,0.032715514459819496,3.0619823105358516e-05,0.0012990798184619229,4.250006458535072e-05
2012,E06000060,433892,120085,156,166677,0.0009359419715977609,406.0977339404957,male,65-69,13323,0.030705797756123643,2.8738844891348465e-05,0.0012990798184619229,3.988928217475362e-05
2012,E07000131,74470,120085,232,26368,0.008798543689320388,655.2275485436893,female,65-69,2796,0.03754532026319323,0.0003303441406652317,0.0019319648582254237,7.253623933930823e-05
2012,E07000131,74470,120085,232,26368,0.008798543689320388,655.2275485436893,male,65-69,2739,0.036779911373707536,0.0003236096571108976,0.0019319648582254237,7.105749626264852e-05
2012,E07000150,52826,120085,1319,24662,0.05348309139566945,2825.2977860676347,female,65-69,1502,0.028432968613940107,0.0015206830590295598,0.010983886413790231,0.0003123044976623808
2012,E07000150,52826,120085,1319,24662,0.05348309139566945,2825.2977860676347,male,65-69,1313,0.024855184946806497,0.0013293321281663195,0.010983886413790231,0.00027300652824947135
2012,E07000151,67368,120085,18024,27299,0.6602439649804022,44479.31543279973,female,65-69,2494,0.03702054387839924,0.02444259067600527,0.15009368364075446,0.005556549801093124
2012,E07000151,67368,120085,18024,27299,0.6602439649804022,44479.31543279973,male,65-69,2467,0.03661976012350077,0.024177975620571373,0.15009368364075446,0.00549639469097704
2012,E07000152,74954,120085,2656,32112,0.08271051320378675,6199.483806676632,female,65-69,2664,0.035541798970034955,0.0029396804329974106,0.02211766665278761,0.0007861016618596231
2012,E07000152,74954,120085,2656,32112,0.08271051320378675,6199.483806676632,male,65-69,2671,0.035635189582944204,0.0029474048185195506,0.02211766665278761,0.0007881672443044495
2012,E07000153,80321,120085,2123,35712,0.059447804659498206,4774.907118055556,female,65-69,2692,0.033515518980092376,0.001992424025390236,0.017679143939709374,0.0005925256842631146
2012,E07000153,80321,120085,2123,35712,0.059447804659498206,4774.907118055556,male,65-69,2642,0.03289301677020953,0.001955417635617015,0.017679143939709374,0.0005815203780918087
2012,E07000154,180013,120085,70823,79325,0.8928206744405925,160719.3280680744,female,65-69,4851,0.02694805375167349,0.024059779525430466,0.5897739101469792,0.015893259031975446
2012,E07000154,180013,120085,70823,79325,0.8928206744405925,160719.3280680744,male,65-69,4627,0.02570369917728164,0.0229487940350787,0.5897739101469792,0.015159371169027085
2012,E07000155,74001,120085,13896,28010,0.4961085326669047,36712.52752588361,female,65-69,2754,0.037215713301171606,0.018463032917996454,0.11571803305991589,0.004306529142133328
2012,E07000155,74001,120085,13896,28010,0.4961085326669047,36712.52752588361,male,65-69,2757,0.03725625329387441,0.018483145154290566,0.11571803305991589,0.004311220350349159
2012,E07000156,64476,120085,7442,29694,0.25062302148582205,16159.169933319863,female,65-69,2304,0.03573422668900056,0.008955819863256623,0.0619727692884207,0.0022145489862975573
2012,E07000156,64476,120085,7442,29694,0.25062302148582205,16159.169933319863,male,65-69,2198,0.03409020410695453,0.008543789956353324,0.0619727692884207,0.0021126643541154646
2012,E07000177,121341,120085,23,45207,0.0005087707655893999,61.73475346738337,female,65-69,3608,0.029734384915238873,1.5127985777655986e-05,0.00019153099887579632,5.695056443773112e-06
2012,E07000177,121341,120085,23,45207,0.0005087707655893999,61.73475346738337,male,65-69,3468,0.028580611664647565,1.4540979677636074e-05,0.00019153099887579632,5.4740731006111835e-06
2012,E07000220,86402,120085,199,33339,0.005968985272503675,515.7322655148625,female,65-69,3007,0.034802435128816464,0.00020773522273117,0.0016571595120123245,5.7673186414910074e-05
2012,E07000220,86402,120085,199,33339,0.005968985272503675,515.7322655148625,male,65-69,2867,0.033182102266151245,0.0001980634797373676,0.0016571595120123245,5.4988036398918245e-05
2012,E07000221,106066,120085,44,45612,0.0009646584232219592,102.31746031746032,female,65-69,4623,0.04358606905134539,4.204566864551428e-05,0.0003664071282841321,1.597024639429735e-05
2012,E07000221,106066,120085,44,45612,0.0009646584232219592,102.31746031746032,male,65-69,4491,0.04234156091490204,4.084514338892594e-05,0.0003664071282841321,1.5514249741896906e-05
2012,E06000017,32677,120085,27,12517,0.0021570663897099943,70.48645841655349,female,70-74,986,0.030174128591976008,6.50875986245388e-05,0.0002248407378107174,6.7843733354153495e-06
2012,E06000017,32677,120085,27,12517,0.0021570663897099943,70.48645841655349,male,70-74,934,0.028582795238240966,6.165498693237246e-05,0.0002248407378107174,6.426576770058759e-06
2012,E06000042,208763,120085,2760,89101,0.030976083321174845,6466.660082378424,female,70-74,3638,0.017426459669577465,0.0005398034667179246,0.022983719865095557,0.00040052486728595413
2012,E06000042,208763,120085,2760,89101,0.030976083321174845,6466.660082378424,male,70-74,3170,0.015184683109554854,0.00047036200920720747,0.022983719865095557,0.0003490005028302569
2012,E06000055,135579,120085,240,62653,0.003830622635787592,519.351986337446,female,70-74,2914,0.021493004078802766,8.233158793533691e-05,0.001998584336095266,4.295558128752687e-05
2012,E06000055,135579,120085,240,62653,0.003830622635787592,519.351986337446,male,70-74,2756,0.020327631860391358,7.786748673637217e-05,0.001998584336095266,4.062648662608924e-05
2012,E06000056,221430,120085,121,96230,0.001257404135924348,278.42699781772836,female,70-74,4951,0.022359210585738157,2.8114563866510618e-05,0.0010076196027813632,2.252957888890633e-05
2012,E06000056,221430,120085,121,96230,0.001257404135924348,278.42699781772836,male,70-74,4668,0.021081154315133452,2.6507530625908215e-05,0.0010076196027813632,2.124178433718739e-05
2012,E06000060,433892,120085,156,166677,0.0009359419715977609,406.0977339404957,female,70-74,10627,0.024492269965797942,2.2923343440693552e-05,0.0012990798184619229,3.18174136208892e-05
2012,E06000060,433892,120085,156,166677,0.0009359419715977609,406.0977339404957,male,70-74,9441,0.021758870871092347,2.036504050283126e-05,0.0012990798184619229,2.8266510021155066e-05
2012,E07000131,74470,120085,232,26368,0.008798543689320388,655.2275485436893,female,70-74,1868,0.0250839264133208,0.00022070202244730072,0.0019319648582254237,4.846126433684828e-05
2012,E07000131,74470,120085,232,26368,0.008798543689320388,655.2275485436893,male,70-74,1779,0.023888814287632603,0.00021018677619579656,0.0019319648582254237,4.61523497083796e-05
2012,E07000150,52826,120085,1319,24662,0.05348309139566945,2825.2977860676347,female,70-74,1118,0.02116382084579563,0.0011319065645772621,0.010983886413790231,0.0002324610042520251
2012,E07000150,52826,120085,1319,24662,0.05348309139566945,2825.2977860676347,male,70-74,1028,0.01946011433763677,0.0010407870736900049,0.010983886413790231,0.000213747685483973
2012,E07000151,67368,120085,18024,27299,0.6602439649804022,44479.31543279973,female,70-74,1623,0.024091556822230138,0.015906304998859883,0.15009368364075446,0.00361599050808907
2012,E07000151,67368,120085,18024,27299,0.6602439649804022,44479.31543279973,male,70-74,1606,0.023839211495071844,0.015739695519512615,0.15009368364075446,0.00357811506838635
2012,E07000152,74954,120085,2656,32112,0.08271051320378675,6199.483806676632,female,70-74,1768,0.023587800517650827,0.0019509590861634468,0.02211766665278761,0.0005217071089218521
2012,E07000152,74954,120085,2656,32112,0.08271051320378675,6199.483806676632,male,70-74,1752,0.023374336259572536,0.0019333033478271258,0.02211766665278761,0.0005169857776193917
2012,E07000153,80321,120085,2123,35712,0.059447804659498206,4774.907118055556,female,70-74,1792,0.022310479202201167,0.0013263090094722523,0.017679143939709374,0.0003944301731796068
2012,E07000153,80321,120085,2123,35712,0.059447804659498206,4774.907118055556,male,70-74,1721,0.021426526064167527,0.0012737599359942781,0.017679143939709374,0.0003788026384163523
2012,E07000154,180013,120085,70823,79325,0.8928206744405925,160719.3280680744,female,70-74,3436,0.019087510346474976,0.017041723860931578,0.5897739101469792,0.011257315612011468
2012,E07000154,180013,120085,70823,79325,0.8928206744405925,160719.3280680744,male,70-74,3141,0.01744873981323571,0.015578595648191525,0.5897739101469792,0.010290811506789297
2012,E07000155,74001,120085,13896,28010,0.4961085326669047,36712.52752588361,female,70-74,1742,0.02354022242942663,0.011678505208115404,0.11571803305991589,0.0027240282373261642
2012,E07000155,74001,120085,13896,28010,0.4961085326669047,36712.52752588361,male,70-74,1766,0.02386454237104904,0.011839403098468315,0.11571803305991589,0.0027615579030528165
2012,E07000156,64476,120085,7442,29694,0.25062302148582205,16159.169933319863,female,70-74,1484,0.023016316148644456,0.005768418696646193,0.0619727692884207,0.0014263848505492946
2012,E07000156,64476,120085,7442,29694,0.25062302148582205,16159.169933319863,male,70-74,1478,0.022923258266641853,0.005745096249085629,0.0619727692884207,0.0014206177958974782
2012,E07000177,121341,120085,23,45207,0.0005087707655893999,61.73475346738337,female,70-74,2754,0.022696368086631887,1.154724856753453e-05,0.00019153099887579632,4.347058050485351e-06
2012,E07000177,121341,120085,23,45207,0.0005087707655893999,61.73475346738337,male,70-74,2524,0.020800883460660453,1.0582881403216106e-05,0.00019153099887579632,3.9840139867193275e-06
2012,E07000220,86402,120085,199,33339,0.005968985272503675,515.7322655148625,female,70-74,2046,0.023680007407235942,0.00014134561546656925,0.0016571595120123245,3.9241549519423345e-05
2012,E07000220,86402,120085,199,33339,0.005968985272503675,515.7322655148625,male,70-74,2105,0.024362861970787714,0.0001454215642996717,0.0016571595120123245,4.0373148454734184e-05
2012,E07000221,106066,120085,44,45612,0.0009646584232219592,102.31746031746032,female,70-74,3221,0.030367884147606206,2.9294635238416933e-05,0.0003664071282841321,1.1127009222589608e-05
2012,E07000221,106066,120085,44,45612,0.0009646584232219592,102.31746031746032,male,70-74,2998,0.02826541964437237,2.726647514584724e-05,0.0003664071282841321,1.0356651241640375e-05
2012,E06000017,32677,120085,27,12517,0.0021570663897099943,70.48645841655349,female,75-79,778,0.023808795177035835,5.135715185587341e-05,0.0002248407378107174,5.353187073988987e-06
2012,E06000017,32677,120085,27,12517,0.0021570663897099943,70.48645841655349,male,75-79,738,0.02258469259723965,4.8716681323437764e-05,0.0002248407378107174,5.07795894679161e-06
2012,E06000042,208763,120085,2760,89101,0.030976083321174845,6466.660082378424,female,75-79,2849,0.013647054315180372,0.00042273229155562593,0.022983719865095557,0.0003136600733638492
2012,E06000042,208763,120085,2760,89101,0.030976083321174845,6466.660082378424,male,75-79,2284,0.010940636032247094,0.00033889805332153373,0.022983719865095557,0.00025145651371113776
2012,E06000055,135579,120085,240,62653,0.003830622635787592,519.351986337446,female,75-79,2802,0.02066691744296683,7.916716176898216e-05,0.001998584336095266,4.130457747688753e-05
2012,E06000055,135579,120085,240,62653,0.003830622635787592,519.351986337446,male,75-79,2206,0.016270956416554187,6.232789395516583e-05,0.001998584336095266,3.251887862741396e-05
2012,E06000056,221430,120085,121,96230,0.001257404135924348,278.42699781772836,female,75-79,4231,0.01910761866052477,2.4025998731409095e-05,0.0010076196027813632,1.9253211124815733e-05
2012,E06000056,221430,120085,121,96230,0.001257404135924348,278.42699781772836,male,75-79,3778,0.017061825407578016,2.145360983390772e-05,0.0010076196027813632,1.719182973990873e-05
2012,E06000060,433892,120085,156,166677,0.0009359419715977609,406.0977339404957,female,75-79,9106,0.020986789339282587,1.9642416991715015e-05,0.0012990798184619229,2.7263514484973843e-05
2012,E06000060,433892,120085,156,166677,0.0009359419715977609,406.0977339404957,male,75-79,7748,0.017856978234214966,1.671309541530946e-05,0.0012990798184619229,2.3197640042782485e-05
2012,E07000131,74470,120085,232,26368,0.008798543689320388,655.2275485436893,female,75-79,1634,0.021941721498590035,0.00019305519522424484,0.0019319648582254237,4.2390634864245226e-05
2012,E07000131,74470,120085,232,26368,0.008798543689320388,655.2275485436893,male,75-79,1423,0.019108365784879816,0.00016812579118977993,0.0019319648582254237,3.691669119450487e-05
2012,E07000150,52826,120085,1319,24662,0.05348309139566945,2825.2977860676347,female,75-79,925,0.01751031688941052,0.0009365058785634772,0.010983886413790231,0.00019233133178275783
2012,E07000150,52826,120085,1319,24662,0.05348309139566945,2825.2977860676347,male,75-79,763,0.014443645174724568,0.0007724907949664141,0.010983886413790231,0.00015864735800026402
2012,E07000151,67368,120085,18024,27299,0.6602439649804022,44479.31543279973,female,75-79,1266,0.01879230495190595,0.01240750593256723,0.15009368364075446,0.002820606274331955
2012,E07000151,67368,120085,18024,27299,0.6602439649804022,44479.31543279973,male,75-79,1248,0.018525115781973637,0.012231095895611298,0.15009368364075446,0.0027805028675878985
2012,E07000152,74954,120085,2656,32112,0.08271051320378675,6199.483806676632,female,75-79,1395,0.018611415001200737,0.0015393596861979684,0.02211766665278761,0.0004116410729332486
2012,E07000152,74954,120085,2656,32112,0.08271051320378675,6199.483806676632,male,75-79,1317,0.01757077674306908,0.0014532879618084043,0.02211766665278761,0.0003886245828337551
2012,E07000153,80321,120085,2123,35712,0.059447804659498206,4774.907118055556,female,75-79,1439,0.01791561360042828,0.0010650438976733097,0.017679143939709374,0.0003167327116101865
2012,E07000153,80321,120085,2123,35712,0.059447804659498206,4774.907118055556,male,75-79,1286,0.016010756838186774,0.0009518043449672525,0.017679143939709374,0.00028305647472599013
2012,E07000154,180013,120085,70823,79325,0.8928206744405925,160719.3280680744,female,75-79,2901,0.016115502769244443,0.01438825405138606,0.5897739101469792,0.009504503082201767
2012,E07000154,180013,120085,70823,79325,0.8928206744405925,160719.3280680744,male,75-79,2434,0.013521245687811436,0.01207204769426876,0.5897739101469792,0.007974477939358533
2012,E07000155,74001,120085,13896,28010,0.4961085326669047,36712.52752588361,female,75-79,1352,0.01827002337806246,0.009063914489880613,0.11571803305991589,0.002114171169268068
2012,E07000155,74001,120085,13896,28010,0.4961085326669047,36712.52752588361,male,75-79,1320,0.01783759678923258,0.008849383969410065,0.11571803305991589,0.002064131614965865
2012,E07000156,64476,120085,7442,29694,0.25062302148582205,16159.169933319863,female,75-79,1235,0.019154414045536323,0.004800537122882782,0.0619727692884207,0.0011870520824989075
2012,E07000156,64476,120085,7442,29694,0.25062302148582205,16159.169933319863,male,75-79,1072,0.016626341584465538,0.004166943964154123,0.0619727692884207,0.001030380431124558
2012,E07000177,121341,120085,23,45207,0.0005087707655893999,61.73475346738337,female,75-79,2263,0.018649920472058084,9.488534316750414e-06,0.00019153099887579632,3.5720378969674477e-06
2012,E07000177,121341,120085,23,45207,0.0005087707655893999,61.73475346738337,male,75-79,2069,0.017051120396238698,8.675111578151394e-06,0.00019153099887579632,3.2658181214430615e-06
2012,E07000220,86402,120085,199,33339,0.005968985272503675,515.7322655148625,female,75-79,1727,0.01998796324159163,0.00011930785821640524,0.0016571595120123245,3.3123243411556266e-05
2012,E07000220,86402,120085,199,33339,0.005968985272503675,515.7322655148625,male,75-79,1474,0.017059790282632346,0.00010182963694903378,0.0016571595120123245,2.8270793739799614e-05
2012,E07000221,106066,120085,44,45612,0.0009646584232219592,102.31746031746032,female,75-79,2725,0.025691550544000904,2.4783570637903178e-05,0.0003664071282841321,9.413567255994003e-06
2012,E07000221,106066,120085,44,45612,0.0009646584232219592,102.31746031746032,male,75-79,2442,0.02302340052420191,2.2209717246884244e-05,0.0003664071282841321,8.435938069408203e-06
2012,E06000017,32677,120085,27,12517,0.0021570663897099943,70.48645841655349,female,80-84,633,0.019371423325274657,4.1785446175794174e-05,0.0002248407378107174,4.355485112898495e-06
2012,E06000017,32677,120085,27,12517,0.0021570663897099943,70.48645841655349,male,80-84,491,0.015025859166998194,3.2411775785647614e-05,0.0002248407378107174,3.3784252613478055e-06
2012,E06000042,208763,120085,2760,89101,0.030976083321174845,6466.660082378424,female,80-84,2193,0.01050473503446492,0.0003253955476944499,0.022983719865095557,0.00024143788728919665
2012,E06000042,208763,120085,2760,89101,0.030976083321174845,6466.660082378424,male,80-84,1564,0.007491749016827694,0.00023206504176658438,0.022983719865095557,0.0001721882607023728
2012,E06000055,135579,120085,240,62653,0.003830622635787592,519.351986337446,female,80-84,2251,0.016602866225595408,6.359931518271907e-05,0.001998584336095266,3.318222837276012e-05
2012,E06000055,135579,120085,240,62653,0.003830622635787592,519.351986337446,male,80-84,1609,0.011867619616607292,4.546037233629276e-05,0.001998584336095266,2.3718438672488243e-05
2012,E06000056,221430,120085,121,96230,0.001257404135924348,278.42699781772836,female,80-84,3211,0.014501196766472475,1.823386479001527e-05,0.0010076196027813632,1.4611690125687384e-05
2012,E06000056,221430,120085,121,96230,0.001257404135924348,278.42699781772836,male,80-84,2501,0.011294765840220386,1.4202085281790157e-05,0.0010076196027813632,1.1380827469431375e-05
2012,E06000060,433892,120085,156,166677,0.0009359419715977609,406.0977339404957,female,80-84,7225,0.01665160915619555,1.5584939903924993e-05,0.0012990798184619229,2.163176939972941e-05
2012,E06000060,433892,120085,156,166677,0.0009359419715977609,406.0977339404957,male,80-84,5281,0.012171231550708471,1.139156645434296e-05,0.0012990798184619229,1.5811401273352388e-05
2012,E07000131,74470,120085,232,26368,0.008798543689320388,655.2275485436893,female,80-84,1281,0.017201557674231233,0.0001513486567210879,0.0019319648582254237,3.323280493335259e-05
2012,E07000131,74470,120085,232,26368,0.008798543689320388,655.2275485436893,male,80-84,957,0.012850812407680946,0.00011306843441224132,0.0019319648582254237,2.4827317971286835e-05
2012,E07000150,52826,120085,1319,24662,0.05348309139566945,2825.2977860676347,female,80-84,668,0.012645288305001326,0.0006763091101409759,0.010983886413790231,0.00013889441041176455
2012,E07000150,52826,120085,1319,24662,0.05348309139566945,2825.2977860676347,male,80-84,460,0.008707833263923067,0.00046572184231264807,0.010983886413790231,9.564585148115522e-05
2012,E07000151,67368,120085,18024,27299,0.6602439649804022,44479.31543279973,female,80-84,980,0.014546965918536992,0.009604546456489641,0.15009368364075446,0.0021834077005097284
2012,E07000151,67368,120085,18024,27299,0.6602439649804022,44479.31543279973,male,80-84,766,0.011370383564897281,0.0075072271282357805,0.15009368364075446,0.0017066227536637263
2012,E07000152,74954,120085,2656,32112,0.08271051320378675,6199.483806676632,female,80-84,1130,0.015075913226779092,0.0012469365200026554,0.02211766665278761,0.0003334440232362516
2012,E07000152,74954,120085,2656,32112,0.08271051320378675,6199.483806676632,male,80-84,863,0.01151372842009766,0.0009523063865153023,0.02211766665278761,0.000254656807126447
2012,E07000153,80321,120085,2123,35712,0.059447804659498206,4774.907118055556,female,80-84,1238,0.015413154716699243,0.00091627821078496,0.017679143939709374,0.0002724913808015364
2012,E07000153,80321,120085,2123,35712,0.059447804659498206,4774.907118055556,male,80-84,837,0.010420686993438826,0.000619486964803725,0.017679143939709374,0.0001842288253076623
2012,E07000154,180013,120085,70823,79325,0.8928206744405925,160719.3280680744,female,80-84,2370,0.013165715809413765,0.01175462326845397,0.5897739101469792,0.007764795692801857
2012,E07000154,180013,120085,70823,79325,0.8928206744405925,160719.3280680744,male,80-84,1743,0.009682634031986579,0.008644855846799691,0.5897739101469792,0.005710564933566936
2012,E07000155,74001,120085,13896,28010,0.4961085326669047,36712.52752588361,female,80-84,1132,0.01529709057985703,0.007589017161645601,0.11571803305991589,0.0017701492334404236
2012,E07000155,74001,120085,13896,28010,0.4961085326669047,36712.52752588361,male,80-84,933,0.012607937730571209,0.006254905487469387,0.11571803305991589,0.0014589657551236002
2012,E07000156,64476,120085,7442,29694,0.25062302148582205,16159.169933319863,female,80-84,1006,0.015602704882436876,0.003910397040987917,0.0619727692884207,0.0009669428299545757
2012,E07000156,64476,120085,7442,29694,0.25062302148582205,16159.169933319863,male,80-84,735,0.011399590545319188,0.0028569998261691047,0.0619727692884207,0.0007064641948475279
2012,E07000177,121341,120085,23,45207,0.0005087707655893999,61.73475346738337,female,80-84,1879,0.01548528527043621,7.878460442410087e-06,0.00019153099887579632,2.965912155723303e-06
2012,E07000177,121341,120085,23,45207,0.0005087707655893999,61.73475346738337,male,80-84,1397,0.011513008793400416,5.857482298055823e-06,0.00019153099887579632,2.205098074265808e-06
2012,E07000220,86402,120085,199,33339,0.005968985272503675,515.7322655148625,female,80-84,1369,0.015844540635633435,9.457582970368199e-05,0.0016571595120123245,2.625693122780575e-05
2012,E07000220,86402,120085,199,33339,0.005968985272503675,515.7322655148625,male,80-84,1081,0.012511284461007847,7.467967268785992e-05,0.0016571595120123245,2.0733194052051144e-05
2012,E07000221,106066,120085,44,45612,0.0009646584232219592,102.31746031746032,female,80-84,2242,0.021137782135651387,2.0390739585386765e-05,0.0003664071282841321,7.745034050619654e-06
2012,E07000221,106066,120085,44,45612,0.0009646584232219592,102.31746031746032,male,80-84,1623,0.015301793223087511,1.4761003723052058e-05,0.0003664071282841321,5.606686112469089e-06
2012,E06000017,32677,120085,27,12517,0.0021570663897099943,70.48645841655349,female,85-89,432,0.013220307861798819,2.8517081750305034e-05,0.0002248407378107174,2.9724637737316744e-06
2012,E06000017,32677,120085,27,12517,0.0021570663897099943,70.48645841655349,male,85-89,273,0.008354500107108975,1.802121138387332e-05,0.0002248407378107174,1.8784319681220996e-06
2012,E06000042,208763,120085,2760,89101,0.030976083321174845,6466.660082378424,female,85-89,1515,0.0072570330949449854,0.00022479446181353924,0.022983719865095557,0.00016679361570594295
2012,E06000042,208763,120085,2760,89101,0.030976083321174845,6466.660082378424,male,85-89,827,0.00396142994687756,0.00012270958410547653,0.022983719865095557,9.10483961642342e-05
2012,E06000055,135579,120085,240,62653,0.003830622635787592,519.351986337446,female,85-89,1468,0.010827635548278126,4.1476585823292587e-05,0.001998584336095266,2.163994280373694e-05
2012,E06000055,135579,120085,240,62653,0.003830622635787592,519.351986337446,male,85-89,922,0.006800463198577951,2.6050008262313186e-05,0.001998584336095266,1.3591299226870203e-05
2012,E06000056,221430,120085,121,96230,0.001257404135924348,278.42699781772836,female,85-89,1988,0.008978006593505849,1.128898262303032e-05,0.0010076196027813632,9.046415437516823e-06
2012,E06000056,221430,120085,121,96230,0.001257404135924348,278.42699781772836,male,85-89,1233,0.005568351171927923,7.00166779386136e-06,0.0010076196027813632,5.610779796005152e-06
2012,E06000060,433892,120085,156,166677,0.0009359419715977609,406.0977339404957,female,85-89,4730,0.010901330284955704,1.0203012559939822e-05,0.0012990798184619229,1.4161698167573718e-05
2012,E06000060,433892,120085,156,166677,0.0009359419715977609,406.0977339404957,male,85-89,2783,0.006414038516497193,6.00316785503436e-06,0.0012990798184619229,8.332347991618954e-06
2012,E07000131,74470,120085,232,26368,0.008798543689320388,655.2275485436893,female,85-89,862,0.01157513092520478,0.00010184429515501779,0.0019319648582254237,2.2362746176853972e-05
2012,E07000131,74470,120085,232,26368,0.008798543689320388,655.2275485436893,male,85-89,522,0.007009534040553243,6.167369149758618e-05,0.0019319648582254237,1.3542173438883727e-05
2012,E07000150,52826,120085,1319,24662,0.05348309139566945,2825.2977860676347,female,85-89,407,0.007704539431340628,0.00041206258656792996,0.010983886413790231,8.462578598441344e-05
2012,E07000150,52826,120085,1319,24662,0.05348309139566945,2825.2977860676347,male,85-89,246,0.0046567977889675535,0.0002490599417585031,0.010983886413790231,5.1149737966009096e-05
2012,E07000151,67368,120085,18024,27299,0.6602439649804022,44479.31543279973,female,85-89,673,0.009989906186913668,0.006595775270630131,0.15009368364075446,0.0014994218188194358
2012,E07000151,67368,120085,18024,27299,0.6602439649804022,44479.31543279973,male,85-89,391,0.005803942524640779,0.0038320180249871933,0.15009368364075446,0.0008711351131625548
2012,E07000152,74954,120085,2656,32112,0.08271051320378675,6199.483806676632,female,85-89,821,0.010953384742642154,0.0009059600733824603,0.02211766665278761,0.00024226331245748897
2012,E07000152,74954,120085,2656,32112,0.08271051320378675,6199.483806676632,male,85-89,472,0.006297195613309496,0.0005208442809214631,0.02211766665278761,0.00013927927342257586
2012,E07000153,80321,120085,2123,35712,0.059447804659498206,4774.907118055556,female,85-89,953,0.011864892120367027,0.0007053417890775985,0.017679143939709374,0.00020976113562509222
2012,E07000153,80321,120085,2123,35712,0.059447804659498206,4774.907118055556,male,85-89,516,0.006424222805990961,0.0003819059424596441,0.017679143939709374,0.00011357475968787785
2012,E07000154,180013,120085,70823,79325,0.8928206744405925,160719.3280680744,female,85-89,1714,0.009521534555837635,0.008501022903852365,0.5897739101469792,0.005615552665595943
2012,E07000154,180013,120085,70823,79325,0.8928206744405925,160719.3280680744,male,85-89,953,0.0052940620955153235,0.004726648090648368,0.5897739101469792,0.003122299702632983
2012,E07000155,74001,120085,13896,28010,0.4961085326669047,36712.52752588361,female,85-89,793,0.01071607140444048,0.005316334460410743,0.11571803305991589,0.0012400427050514628
2012,E07000155,74001,120085,13896,28010,0.4961085326669047,36712.52752588361,male,85-89,484,0.006540452156051945,0.0032447741221170237,0.11571803305991589,0.0007568482588208172
2012,E07000156,64476,120085,7442,29694,0.25062302148582205,16159.169933319863,female,85-89,696,0.010794714312302252,0.002705403917025438,0.0619727692884207,0.0006689783396107204
2012,E07000156,64476,120085,7442,29694,0.25062302148582205,16159.169933319863,male,85-89,402,0.006234878094174576,0.001562603986557796,0.0619727692884207,0.0003863926616717092
2012,E07000177,121341,120085,23,45207,0.0005087707655893999,61.73475346738337,female,85-89,1203,0.009914208717581032,5.044059559456804e-06,0.00019153099887579632,1.8988782987414227e-06
2012,E07000177,121341,120085,23,45207,0.0005087707655893999,61.73475346738337,male,85-89,673,0.005546352840342506,2.821822180809999e-06,0.00019153099887579632,1.06229849962841e-06
2012,E07000220,86402,120085,199,33339,0.005968985272503675,515.7322655148625,female,85-89,966,0.011180296752389992,6.673502665723652e-05,0.0016571595120123245,1.8527535110343576e-05
2012,E07000220,86402,120085,199,33339,0.005968985272503675,515.7322655148625,male,85-89,604,0.006990578921784218,4.1726662630404614e-05,0.0016571595120123245,1.1584504354707578e-05
2012,E07000221,106066,120085,44,45612,0.0009646584232219592,102.31746031746032,female,85-89,1529,0.014415552580468765,1.3906084222148243e-05,0.0003664071282841321,5.28196122363847e-06
2012,E07000221,106066,120085,44,45612,0.0009646584232219592,102.31746031746032,male,85-89,916,0.008636132219561405,8.330917689658464e-06,0.0003664071282841321,3.164340406051562e-06
