year,msoa,ltla,ppln_msoa,patients_from_msoa_to_trust,total_patients_of_msoa,tfp_msoa,etc_msoa,sex,ag,ag_ppln_msoa,agf_ppln_msoa,ag_trust_factor
2017,E02003585,E06000046,6775,2189,2722,0.8041880969875091,5448.374357090374,female,0-4,105,0.015498154981549815,0.01246343176143003
2017,E02003585,E06000046,6775,2189,2722,0.8041880969875091,5448.374357090374,male,0-4,91,0.013431734317343173,0.010801640859906026
2017,E02003592,E06000046,9455,3202,3947,0.8112490499113251,7670.359766911579,female,0-4,143,0.015124272871496564,0.012269551997601215
2017,E02003592,E06000046,9455,3202,3947,0.8112490499113251,7670.359766911579,male,0-4,170,0.017979904812268643,0.014586180696448998
2017,E02003597,E06000046,5659,1682,2130,0.7896713615023474,4468.750234741784,female,0-4,96,0.0169641279377982,0.013396086005341113
2017,E02003597,E06000046,5659,1682,2130,0.7896713615023474,4468.750234741784,male,0-4,112,0.0197914825940979,0.0156287670062313
2017,E02003596,E06000046,9008,3081,3694,0.8340552246886843,7513.169463995669,female,0-4,191,0.021203374777975133,0.01768478551460243
2017,E02003596,E06000046,9008,3081,3694,0.8340552246886843,7513.169463995669,male,0-4,222,0.024644760213143872,0.02055509101697246
2017,E02003586,E06000046,7812,2504,3035,0.8250411861614497,6445.221746293245,female,0-4,188,0.024065540194572452,0.0198550618277461
2017,E02003586,E06000046,7812,2504,3035,0.8250411861614497,6445.221746293245,male,0-4,215,0.027521761392729136,0.02270658666470964
2017,E02003582,E06000046,8456,2658,3190,0.8332288401253919,7045.783072100314,female,0-4,209,0.024716177861873224,0.020594232212181516
2017,E02003582,E06000046,8456,2658,3190,0.8332288401253919,7045.783072100314,male,0-4,195,0.02306054872280038,0.019214714264954046
2017,E02003588,E06000046,8372,3089,3662,0.8435281267067176,7062.01747678864,female,0-4,242,0.028905876731963688,0.024382920050528625
2017,E02003588,E06000046,8372,3089,3662,0.8435281267067176,7062.01747678864,male,0-4,273,0.03260869565217391,0.027506351957827746
2017,E02003595,E06000046,7913,2632,3253,0.8090992929603443,6402.402705195204,female,0-4,117,0.014785795526349045,0.011963176706225235
2017,E02003595,E06000046,7913,2632,3253,0.8090992929603443,6402.402705195204,male,0-4,158,0.019967142676608114,0.01615540102208194
2017,E02003587,E06000046,8729,2734,3282,0.8330286410725167,7271.507007921999,female,0-4,313,0.03585748653912246,0.029870313283961246
2017,E02003587,E06000046,8729,2734,3282,0.8330286410725167,7271.507007921999,male,0-4,288,0.032993470042387445,0.027484505513676805
2017,E02003593,E06000046,5340,1623,2027,0.8006906758756783,4275.688209176123,female,0-4,98,0.018352059925093634,0.014694323265134172
2017,E02003593,E06000046,5340,1623,2027,0.8006906758756783,4275.688209176123,male,0-4,85,0.015917602996254682,0.012745076301391885
2017,E02003590,E06000046,7485,2372,2951,0.8037953236191122,6016.407997289055,female,0-4,104,0.01389445557782231,0.011168298417687064
2017,E02003590,E06000046,7485,2372,2951,0.8037953236191122,6016.407997289055,male,0-4,112,0.014963259853039413,0.012027398295970684
2017,E02003589,E06000046,8040,2525,2990,0.8444816053511706,6789.632107023412,female,0-4,253,0.03146766169154229,0.026573861461921165
2017,E02003589,E06000046,8040,2525,2990,0.8444816053511706,6789.632107023412,male,0-4,250,0.03109452736318408,0.026258756385297594
2017,E02003583,E06000046,7178,2435,2950,0.8254237288135593,5924.891525423729,female,0-4,165,0.0229869044302034,0.018973936368659416
2017,E02003583,E06000046,7178,2435,2950,0.8254237288135593,5924.891525423729,male,0-4,208,0.02897743103928671,0.02391865917988581
2017,E02003598,E06000046,7512,2423,2984,0.8119973190348525,6099.723860589812,female,0-4,127,0.016906283280085196,0.013727856698272931
2017,E02003598,E06000046,7512,2423,2984,0.8119973190348525,6099.723860589812,male,0-4,148,0.019701810436634718,0.015997817254680267
2017,E02003584,E06000046,6470,1917,2334,0.8213367609254498,5314.04884318766,female,0-4,157,0.024265842349304484,0.019930428356305353
2017,E02003584,E06000046,6470,1917,2334,0.8213367609254498,5314.04884318766,male,0-4,144,0.022256568778979906,0.018280138110241848
2017,E02003581,E06000046,7902,2580,3114,0.8285163776493256,6546.936416184971,female,0-4,244,0.03087825866869147,0.025583143020303144
2017,E02003581,E06000046,7902,2580,3114,0.8285163776493256,6546.936416184971,male,0-4,242,0.030625158187800556,0.0253734451266941
2017,E02003594,E06000046,9239,3080,3741,0.8233092755947607,7606.554397219995,female,0-4,210,0.022729732655049247,0.018713599726691173
2017,E02003594,E06000046,9239,3080,3741,0.8233092755947607,7606.554397219995,male,0-4,211,0.022837969477216148,0.018802712106342084
2017,E02003591,E06000046,9639,2926,3521,0.831013916500994,8010.143141153081,female,0-4,254,0.02635128125324204,0.02189828143907589
2017,E02003591,E06000046,9639,2926,3521,0.831013916500994,8010.143141153081,male,0-4,273,0.02832244008714597,0.023536341861683924
2017,E02003585,E06000046,6775,2189,2722,0.8041880969875091,5448.374357090374,female,5-9,142,0.02095940959409594,0.016855307715457755
2017,E02003585,E06000046,6775,2189,2722,0.8041880969875091,5448.374357090374,male,5-9,138,0.0203690036900369,0.016380510315022325
2017,E02003592,E06000046,9455,3202,3947,0.8112490499113251,7670.359766911579,female,5-9,156,0.01649920676890534,0.013384965815564961
2017,E02003592,E06000046,9455,3202,3947,0.8112490499113251,7670.359766911579,male,5-9,184,0.01946060285563194,0.01578739557733303
2017,E02003597,E06000046,5659,1682,2130,0.7896713615023474,4468.750234741784,female,5-9,126,0.022265417918360134,0.01758236288201021
2017,E02003597,E06000046,5659,1682,2130,0.7896713615023474,4468.750234741784,male,5-9,125,0.022088708252341403,0.01744282031945457
2017,E02003596,E06000046,9008,3081,3694,0.8340552246886843,7513.169463995669,female,5-9,184,0.020426287744227355,0.017036652014067264
2017,E02003596,E06000046,9008,3081,3694,0.8340552246886843,7513.169463995669,male,5-9,227,0.02519982238010657,0.02101804351735472
2017,E02003586,E06000046,7812,2504,3035,0.8250411861614497,6445.221746293245,female,5-9,254,0.032514080901177675,0.026825455873656968
2017,E02003586,E06000046,7812,2504,3035,0.8250411861614497,6445.221746293245,male,5-9,253,0.03238607270865335,0.026719843842658318
2017,E02003582,E06000046,8456,2658,3190,0.8332288401253919,7045.783072100314,female,5-9,219,0.025898770104068117,0.021579602174486852
2017,E02003582,E06000046,8456,2658,3190,0.8332288401253919,7045.783072100314,male,5-9,267,0.03157521286660359,0.02630937799355246
2017,E02003588,E06000046,8372,3089,3662,0.8435281267067176,7062.01747678864,female,5-9,244,0.029144768275203056,0.024584431786483407
2017,E02003588,E06000046,8372,3089,3662,0.8435281267067176,7062.01747678864,male,5-9,232,0.02771141901576684,0.023375361370754716
2017,E02003595,E06000046,7913,2632,3253,0.8090992929603443,6402.402705195204,female,5-9,162,0.020472639959560217,0.016564398516311862
2017,E02003595,E06000046,7913,2632,3253,0.8090992929603443,6402.402705195204,male,5-9,161,0.020346265638822192,0.016462149142754384
2017,E02003587,E06000046,8729,2734,3282,0.8330286410725167,7271.507007921999,female,5-9,289,0.033108030702256847,0.02757993782448818
2017,E02003587,E06000046,8729,2734,3282,0.8330286410725167,7271.507007921999,male,5-9,291,0.03333715202199564,0.027770802446110934
2017,E02003593,E06000046,5340,1623,2027,0.8006906758756783,4275.688209176123,female,5-9,88,0.01647940074906367,0.01319490252379395
2017,E02003593,E06000046,5340,1623,2027,0.8006906758756783,4275.688209176123,male,5-9,101,0.018913857677902622,0.015144149487536238
2017,E02003590,E06000046,7485,2372,2951,0.8037953236191122,6016.407997289055,female,5-9,123,0.016432865731462926,0.013208660628610662
2017,E02003590,E06000046,7485,2372,2951,0.8037953236191122,6016.407997289055,male,5-9,130,0.01736806947227789,0.01396037302210883
2017,E02003589,E06000046,8040,2525,2990,0.8444816053511706,6789.632107023412,female,5-9,205,0.025497512437810944,0.021532180235944023
2017,E02003589,E06000046,8040,2525,2990,0.8444816053511706,6789.632107023412,male,5-9,220,0.02736318407960199,0.02310770561906188
2017,E02003583,E06000046,7178,2435,2950,0.8254237288135593,5924.891525423729,female,5-9,197,0.027444970743939815,0.022653730088641848
2017,E02003583,E06000046,7178,2435,2950,0.8254237288135593,5924.891525423729,male,5-9,233,0.032460295346893285,0.026793498023622082
2017,E02003598,E06000046,7512,2423,2984,0.8119973190348525,6099.723860589812,female,5-9,148,0.019701810436634718,0.015997817254680267
2017,E02003598,E06000046,7512,2423,2984,0.8119973190348525,6099.723860589812,male,5-9,166,0.02209797657082002,0.01794349773160084
2017,E02003584,E06000046,6470,1917,2334,0.8213367609254498,5314.04884318766,female,5-9,111,0.017156105100463677,0.014090939793311425
2017,E02003584,E06000046,6470,1917,2334,0.8213367609254498,5314.04884318766,male,5-9,106,0.016383307573415766,0.013456212775594696
2017,E02003581,E06000046,7902,2580,3114,0.8285163776493256,6546.936416184971,female,5-9,213,0.026955201214882308,0.022332825669362993
2017,E02003581,E06000046,7902,2580,3114,0.8285163776493256,6546.936416184971,male,5-9,221,0.027967603138445964,0.02317161724379916
2017,E02003594,E06000046,9239,3080,3741,0.8233092755947607,7606.554397219995,female,5-9,200,0.021647364433380237,0.01782247593018207
2017,E02003594,E06000046,9239,3080,3741,0.8233092755947607,7606.554397219995,male,5-9,285,0.030847494317566837,0.02539702820050945
2017,E02003591,E06000046,9639,2926,3521,0.831013916500994,8010.143141153081,female,5-9,265,0.02749247847287063,0.022846632210059486
2017,E02003591,E06000046,9639,2926,3521,0.831013916500994,8010.143141153081,male,5-9,314,0.03257599336030709,0.027071103826259168
2017,E02003585,E06000046,6775,2189,2722,0.8041880969875091,5448.374357090374,female,10-14,166,0.024501845018450184,0.019704092118070334
2017,E02003585,E06000046,6775,2189,2722,0.8041880969875091,5448.374357090374,male,10-14,173,0.025535055350553504,0.020534987568832336
2017,E02003592,E06000046,9455,3202,3947,0.8112490499113251,7670.359766911579,female,10-14,159,0.016816499206768906,0.013642369004325828
2017,E02003592,E06000046,9455,3202,3947,0.8112490499113251,7670.359766911579,male,10-14,209,0.022104706504494975,0.017932422150340237
2017,E02003597,E06000046,5659,1682,2130,0.7896713615023474,4468.750234741784,female,10-14,158,0.027920127230959532,0.02204772488379058
2017,E02003597,E06000046,5659,1682,2130,0.7896713615023474,4468.750234741784,male,10-14,140,0.024739353242622372,0.019535958757789122
2017,E02003596,E06000046,9008,3081,3694,0.8340552246886843,7513.169463995669,female,10-14,173,0.019205150976909415,0.016018156513226287
2017,E02003596,E06000046,9008,3081,3694,0.8340552246886843,7513.169463995669,male,10-14,176,0.019538188277087035,0.016295928013455644
2017,E02003586,E06000046,7812,2504,3035,0.8250411861614497,6445.221746293245,female,10-14,216,0.027649769585253458,0.02281219869570829
2017,E02003586,E06000046,7812,2504,3035,0.8250411861614497,6445.221746293245,male,10-14,267,0.03417818740399386,0.028198412276639412
2017,E02003582,E06000046,8456,2658,3190,0.8332288401253919,7045.783072100314,female,10-14,228,0.02696310312204352,0.022466435140561656
2017,E02003582,E06000046,8456,2658,3190,0.8332288401253919,7045.783072100314,male,10-14,262,0.03098391674550615,0.025816693012399798
2017,E02003588,E06000046,8372,3089,3662,0.8435281267067176,7062.01747678864,female,10-14,226,0.026994744386048732,0.02277082616289037
2017,E02003588,E06000046,8372,3089,3662,0.8435281267067176,7062.01747678864,male,10-14,231,0.027591973244147156,0.023274605502777324
2017,E02003595,E06000046,7913,2632,3253,0.8090992929603443,6402.402705195204,female,10-14,160,0.020219891318084167,0.016359899769196905
2017,E02003595,E06000046,7913,2632,3253,0.8090992929603443,6402.402705195204,male,10-14,146,0.0184506508277518,0.014928408539392174
2017,E02003587,E06000046,8729,2734,3282,0.8330286410725167,7271.507007921999,female,10-14,256,0.029327528926566617,0.024430671567712715
2017,E02003587,E06000046,8729,2734,3282,0.8330286410725167,7271.507007921999,male,10-14,262,0.03001489288578302,0.02500326543258098
2017,E02003593,E06000046,5340,1623,2027,0.8006906758756783,4275.688209176123,female,10-14,110,0.020599250936329586,0.016493628154742437
2017,E02003593,E06000046,5340,1623,2027,0.8006906758756783,4275.688209176123,male,10-14,148,0.027715355805243445,0.02219142697183528
2017,E02003590,E06000046,7485,2372,2951,0.8037953236191122,6016.407997289055,female,10-14,168,0.022444889779559118,0.018041097443956024
2017,E02003590,E06000046,7485,2372,2951,0.8037953236191122,6016.407997289055,male,10-14,150,0.02004008016032064,0.01610812271781788
2017,E02003589,E06000046,8040,2525,2990,0.8444816053511706,6789.632107023412,female,10-14,182,0.02263681592039801,0.019116374648496647
2017,E02003589,E06000046,8040,2525,2990,0.8444816053511706,6789.632107023412,male,10-14,174,0.02164179104477612,0.018276094444167126
2017,E02003583,E06000046,7178,2435,2950,0.8254237288135593,5924.891525423729,female,10-14,177,0.024658679297854556,0.020353859013652827
2017,E02003583,E06000046,7178,2435,2950,0.8254237288135593,5924.891525423729,male,10-14,214,0.029813318473112287,0.024608620502382515
2017,E02003598,E06000046,7512,2423,2984,0.8119973190348525,6099.723860589812,female,10-14,176,0.023429179978700747,0.01902443132989005
2017,E02003598,E06000046,7512,2423,2984,0.8119973190348525,6099.723860589812,male,10-14,193,0.025692225772097975,0.020862018446981698
2017,E02003584,E06000046,6470,1917,2334,0.8213367609254498,5314.04884318766,female,10-14,134,0.02071097372488408,0.01701068407480839
2017,E02003584,E06000046,6470,1917,2334,0.8213367609254498,5314.04884318766,male,10-14,159,0.02457496136012365,0.020184319163392046
2017,E02003581,E06000046,7902,2580,3114,0.8285163776493256,6546.936416184971,female,10-14,209,0.026449000253100482,0.021913429882144907
2017,E02003581,E06000046,7902,2580,3114,0.8285163776493256,6546.936416184971,male,10-14,199,0.025183497848645913,0.020864940414099697
2017,E02003594,E06000046,9239,3080,3741,0.8233092755947607,7606.554397219995,female,10-14,205,0.02218854854421474,0.018268037828436622
2017,E02003594,E06000046,9239,3080,3741,0.8233092755947607,7606.554397219995,male,10-14,263,0.02846628422989501,0.023436555848189423
2017,E02003591,E06000046,9639,2926,3521,0.831013916500994,8010.143141153081,female,10-14,294,0.030501089324618737,0.025346829697198075
2017,E02003591,E06000046,9639,2926,3521,0.831013916500994,8010.143141153081,male,10-14,321,0.033302209772798005,0.02767459977143055
2017,E02003585,E06000046,6775,2189,2722,0.8041880969875091,5448.374357090374,female,15-19,155,0.022878228782287822,0.0183983992668729
2017,E02003585,E06000046,6775,2189,2722,0.8041880969875091,5448.374357090374,male,15-19,132,0.01948339483394834,0.01566831421436918
2017,E02003592,E06000046,9455,3202,3947,0.8112490499113251,7670.359766911579,female,15-19,200,0.021152829190904283,0.017160212584057644
2017,E02003592,E06000046,9455,3202,3947,0.8112490499113251,7670.359766911579,male,15-19,224,0.023691168693812797,0.01921943809414456
2017,E02003597,E06000046,5659,1682,2130,0.7896713615023474,4468.750234741784,female,15-19,143,0.025269482240678567,0.019954586445456033
2017,E02003597,E06000046,5659,1682,2130,0.7896713615023474,4468.750234741784,male,15-19,143,0.025269482240678567,0.019954586445456033
2017,E02003596,E06000046,9008,3081,3694,0.8340552246886843,7513.169463995669,female,15-19,215,0.02386767317939609,0.01990695751643729
2017,E02003596,E06000046,9008,3081,3694,0.8340552246886843,7513.169463995669,male,15-19,244,0.02708703374777975,0.022592082018654414
2017,E02003586,E06000046,7812,2504,3035,0.8250411861614497,6445.221746293245,female,15-19,179,0.02291346646185356,0.01890455354875826
2017,E02003586,E06000046,7812,2504,3035,0.8250411861614497,6445.221746293245,male,15-19,234,0.029953917050691243,0.024713215253683977
2017,E02003582,E06000046,8456,2658,3190,0.8332288401253919,7045.783072100314,female,15-19,223,0.026371807000946074,0.021973750159408986
2017,E02003582,E06000046,8456,2658,3190,0.8332288401253919,7045.783072100314,male,15-19,260,0.03074739829706717,0.025619619019938727
2017,E02003588,E06000046,8372,3089,3662,0.8435281267067176,7062.01747678864,female,15-19,216,0.025800286669851888,0.02176326748311646
2017,E02003588,E06000046,8372,3089,3662,0.8435281267067176,7062.01747678864,male,15-19,212,0.025322503583373148,0.021360244011206897
2017,E02003595,E06000046,7913,2632,3253,0.8090992929603443,6402.402705195204,female,15-19,170,0.021483634525464427,0.01738239350477171
2017,E02003595,E06000046,7913,2632,3253,0.8090992929603443,6402.402705195204,male,15-19,188,0.023758372298748894,0.01922288222880636
2017,E02003587,E06000046,8729,2734,3282,0.8330286410725167,7271.507007921999,female,15-19,239,0.027379997708786803,0.022808322283919293
2017,E02003587,E06000046,8729,2734,3282,0.8330286410725167,7271.507007921999,male,15-19,282,0.03230610608317104,0.02691191164880854
2017,E02003593,E06000046,5340,1623,2027,0.8006906758756783,4275.688209176123,female,15-19,131,0.02453183520599251,0.019642411711556902
2017,E02003593,E06000046,5340,1623,2027,0.8006906758756783,4275.688209176123,male,15-19,132,0.024719101123595506,0.019792353785690924
2017,E02003590,E06000046,7485,2372,2951,0.8037953236191122,6016.407997289055,female,15-19,166,0.02217768871075484,0.01782632247438512
2017,E02003590,E06000046,7485,2372,2951,0.8037953236191122,6016.407997289055,male,15-19,168,0.022444889779559118,0.018041097443956024
2017,E02003589,E06000046,8040,2525,2990,0.8444816053511706,6789.632107023412,female,15-19,183,0.022761194029850745,0.019221409674037838
2017,E02003589,E06000046,8040,2525,2990,0.8444816053511706,6789.632107023412,male,15-19,255,0.03171641791044776,0.026783931513003546
2017,E02003583,E06000046,7178,2435,2950,0.8254237288135593,5924.891525423729,female,15-19,169,0.02354416271942045,0.01943391058365722
2017,E02003583,E06000046,7178,2435,2950,0.8254237288135593,5924.891525423729,male,15-19,176,0.024519364725550292,0.020238865459903378
2017,E02003598,E06000046,7512,2423,2984,0.8119973190348525,6099.723860589812,female,15-19,167,0.022231096911608093,0.018051591091429762
2017,E02003598,E06000046,7512,2423,2984,0.8119973190348525,6099.723860589812,male,15-19,191,0.02542598509052183,0.020645831727323857
2017,E02003584,E06000046,6470,1917,2334,0.8213367609254498,5314.04884318766,female,15-19,210,0.03245749613601236,0.026658534744102697
2017,E02003584,E06000046,6470,1917,2334,0.8213367609254498,5314.04884318766,male,15-19,176,0.027202472952086554,0.02234239102362893
2017,E02003581,E06000046,7902,2580,3114,0.8285163776493256,6546.936416184971,female,15-19,201,0.025436598329536826,0.021074638307708737
2017,E02003581,E06000046,7902,2580,3114,0.8285163776493256,6546.936416184971,male,15-19,191,0.024171095925082257,0.020026148839663527
2017,E02003594,E06000046,9239,3080,3741,0.8233092755947607,7606.554397219995,female,15-19,264,0.028574521052061912,0.023525668227840333
2017,E02003594,E06000046,9239,3080,3741,0.8233092755947607,7606.554397219995,male,15-19,260,0.028141573763394306,0.023169218709236692
2017,E02003591,E06000046,9639,2926,3521,0.831013916500994,8010.143141153081,female,15-19,261,0.02707749766573296,0.02250177738424727
2017,E02003591,E06000046,9639,2926,3521,0.831013916500994,8010.143141153081,male,15-19,281,0.029152401701421308,0.024226051513308363
2017,E02003585,E06000046,6775,2189,2722,0.8041880969875091,5448.374357090374,female,20-24,119,0.017564575645756458,0.014125222662954035
2017,E02003585,E06000046,6775,2189,2722,0.8041880969875091,5448.374357090374,male,20-24,165,0.024354243542435424,0.019585392767961476
2017,E02003592,E06000046,9455,3202,3947,0.8112490499113251,7670.359766911579,female,20-24,204,0.02157588577472237,0.017503416835738795
2017,E02003592,E06000046,9455,3202,3947,0.8112490499113251,7670.359766911579,male,20-24,170,0.017979904812268643,0.014586180696448998
2017,E02003597,E06000046,5659,1682,2130,0.7896713615023474,4468.750234741784,female,20-24,77,0.013606644283442304,0.010744777316784016
2017,E02003597,E06000046,5659,1682,2130,0.7896713615023474,4468.750234741784,male,20-24,155,0.02738999823290334,0.02162909719612367
2017,E02003596,E06000046,9008,3081,3694,0.8340552246886843,7513.169463995669,female,20-24,218,0.02420071047957371,0.02018472901666665
2017,E02003596,E06000046,9008,3081,3694,0.8340552246886843,7513.169463995669,male,20-24,211,0.023423623445825933,0.01953659551613148
2017,E02003586,E06000046,7812,2504,3035,0.8250411861614497,6445.221746293245,female,20-24,174,0.02227342549923195,0.018376493393765007
2017,E02003586,E06000046,7812,2504,3035,0.8250411861614497,6445.221746293245,male,20-24,180,0.02304147465437788,0.019010165579756908
2017,E02003582,E06000046,8456,2658,3190,0.8332288401253919,7045.783072100314,female,20-24,107,0.012653736991485335,0.010543458596667091
2017,E02003582,E06000046,8456,2658,3190,0.8332288401253919,7045.783072100314,male,20-24,188,0.022232734153263954,0.018524955291340312
2017,E02003588,E06000046,8372,3089,3662,0.8435281267067176,7062.01747678864,female,20-24,209,0.024964166268514096,0.021057976407274723
2017,E02003588,E06000046,8372,3089,3662,0.8435281267067176,7062.01747678864,male,20-24,259,0.030936454849498328,0.026095769806144274
2017,E02003595,E06000046,7913,2632,3253,0.8090992929603443,6402.402705195204,female,20-24,122,0.015417667130039177,0.01247442357401264
2017,E02003595,E06000046,7913,2632,3253,0.8090992929603443,6402.402705195204,male,20-24,196,0.024769366864653104,0.020040877217266207
2017,E02003587,E06000046,8729,2734,3282,0.8330286410725167,7271.507007921999,female,20-24,246,0.02818192232787261,0.023476348459598936
2017,E02003587,E06000046,8729,2734,3282,0.8330286410725167,7271.507007921999,male,20-24,226,0.025890709130484593,0.021567702243371383
2017,E02003593,E06000046,5340,1623,2027,0.8006906758756783,4275.688209176123,female,20-24,100,0.018726591760299626,0.014994207413402216
2017,E02003593,E06000046,5340,1623,2027,0.8006906758756783,4275.688209176123,male,20-24,88,0.01647940074906367,0.01319490252379395
2017,E02003590,E06000046,7485,2372,2951,0.8037953236191122,6016.407997289055,female,20-24,90,0.012024048096192385,0.009664873630690728
2017,E02003590,E06000046,7485,2372,2951,0.8037953236191122,6016.407997289055,male,20-24,125,0.016700066800267203,0.013423435598181568
2017,E02003589,E06000046,8040,2525,2990,0.8444816053511706,6789.632107023412,female,20-24,280,0.03482587064676617,0.029409807151533303
2017,E02003589,E06000046,8040,2525,2990,0.8444816053511706,6789.632107023412,male,20-24,313,0.03893034825870647,0.032875962994392584
2017,E02003583,E06000046,7178,2435,2950,0.8254237288135593,5924.891525423729,female,20-24,167,0.023265533574811925,0.01920392347615832
2017,E02003583,E06000046,7178,2435,2950,0.8254237288135593,5924.891525423729,male,20-24,163,0.022708275285594874,0.018743949261160513
2017,E02003598,E06000046,7512,2423,2984,0.8119973190348525,6099.723860589812,female,20-24,147,0.019568690095846646,0.015889723894851347
2017,E02003598,E06000046,7512,2423,2984,0.8119973190348525,6099.723860589812,male,20-24,152,0.02023429179978701,0.016430190693995952
2017,E02003584,E06000046,6470,1917,2334,0.8213367609254498,5314.04884318766,female,20-24,209,0.03230293663060278,0.026531589340559353
2017,E02003584,E06000046,6470,1917,2334,0.8213367609254498,5314.04884318766,male,20-24,231,0.0357032457496136,0.029324388218512968
2017,E02003581,E06000046,7902,2580,3114,0.8285163776493256,6546.936416184971,female,20-24,193,0.02442419640597317,0.02023584673327257
2017,E02003581,E06000046,7902,2580,3114,0.8285163776493256,6546.936416184971,male,20-24,233,0.029486206023791445,0.024429804605453413
2017,E02003594,E06000046,9239,3080,3741,0.8233092755947607,7606.554397219995,female,20-24,237,0.02565212685355558,0.021119633977265753
2017,E02003594,E06000046,9239,3080,3741,0.8233092755947607,7606.554397219995,male,20-24,248,0.026842731897391493,0.022099870153425766
2017,E02003591,E06000046,9639,2926,3521,0.831013916500994,8010.143141153081,female,20-24,219,0.022720199190787427,0.018880801713218976
2017,E02003591,E06000046,9639,2926,3521,0.831013916500994,8010.143141153081,male,20-24,287,0.029774872912127815,0.02474333375202669
2017,E02003585,E06000046,6775,2189,2722,0.8041880969875091,5448.374357090374,female,25-29,121,0.017859778597785977,0.014362621363171749
2017,E02003585,E06000046,6775,2189,2722,0.8041880969875091,5448.374357090374,male,25-29,108,0.015940959409594096,0.012819529811756603
2017,E02003592,E06000046,9455,3202,3947,0.8112490499113251,7670.359766911579,female,25-29,179,0.018931782125859335,0.015358390262731591
2017,E02003592,E06000046,9455,3202,3947,0.8112490499113251,7670.359766911579,male,25-29,137,0.014489687995769435,0.011754745620079486
2017,E02003597,E06000046,5659,1682,2130,0.7896713615023474,4468.750234741784,female,25-29,90,0.01590386994168581,0.012558830630007293
2017,E02003597,E06000046,5659,1682,2130,0.7896713615023474,4468.750234741784,male,25-29,72,0.012723095953348649,0.010047064504005833
2017,E02003596,E06000046,9008,3081,3694,0.8340552246886843,7513.169463995669,female,25-29,218,0.02420071047957371,0.02018472901666665
2017,E02003596,E06000046,9008,3081,3694,0.8340552246886843,7513.169463995669,male,25-29,233,0.025865896980461812,0.021573586517813437
2017,E02003586,E06000046,7812,2504,3035,0.8250411861614497,6445.221746293245,female,25-29,169,0.02163338453661034,0.01784843323877176
2017,E02003586,E06000046,7812,2504,3035,0.8250411861614497,6445.221746293245,male,25-29,166,0.02124935995903738,0.017531597145775814
2017,E02003582,E06000046,8456,2658,3190,0.8332288401253919,7045.783072100314,female,25-29,158,0.01868495742667928,0.015568845404424304
2017,E02003582,E06000046,8456,2658,3190,0.8332288401253919,7045.783072100314,male,25-29,152,0.017975402081362345,0.014977623427041103
2017,E02003588,E06000046,8372,3089,3662,0.8435281267067176,7062.01747678864,female,25-29,267,0.03189202102245581,0.026901816749963406
2017,E02003588,E06000046,8372,3089,3662,0.8435281267067176,7062.01747678864,male,25-29,296,0.035355948399426664,0.029823736921307745
2017,E02003595,E06000046,7913,2632,3253,0.8090992929603443,6402.402705195204,female,25-29,125,0.015796790092253255,0.012781171694685081
2017,E02003595,E06000046,7913,2632,3253,0.8090992929603443,6402.402705195204,male,25-29,148,0.018703399469227854,0.015132907286507135
2017,E02003587,E06000046,8729,2734,3282,0.8330286410725167,7271.507007921999,female,25-29,251,0.02875472562721961,0.023953510013655824
2017,E02003587,E06000046,8729,2734,3282,0.8330286410725167,7271.507007921999,male,25-29,267,0.030587696185130027,0.02548042698663787
2017,E02003593,E06000046,5340,1623,2027,0.8006906758756783,4275.688209176123,female,25-29,64,0.01198501872659176,0.009596292744577418
2017,E02003593,E06000046,5340,1623,2027,0.8006906758756783,4275.688209176123,male,25-29,94,0.017602996254681647,0.014094554968598082
2017,E02003590,E06000046,7485,2372,2951,0.8037953236191122,6016.407997289055,female,25-29,87,0.011623246492985972,0.00934271117633437
2017,E02003590,E06000046,7485,2372,2951,0.8037953236191122,6016.407997289055,male,25-29,121,0.01616566466265865,0.012993885659039755
2017,E02003589,E06000046,8040,2525,2990,0.8444816053511706,6789.632107023412,female,25-29,278,0.0345771144278607,0.029199737100450922
2017,E02003589,E06000046,8040,2525,2990,0.8444816053511706,6789.632107023412,male,25-29,357,0.044402985074626866,0.03749750411820496
2017,E02003583,E06000046,7178,2435,2950,0.8254237288135593,5924.891525423729,female,25-29,192,0.0267483978824185,0.022078762319894592
2017,E02003583,E06000046,7178,2435,2950,0.8254237288135593,5924.891525423729,male,25-29,176,0.024519364725550292,0.020238865459903378
2017,E02003598,E06000046,7512,2423,2984,0.8119973190348525,6099.723860589812,female,25-29,138,0.018370607028753993,0.01491688365639106
2017,E02003598,E06000046,7512,2423,2984,0.8119973190348525,6099.723860589812,male,25-29,126,0.016773162939297124,0.01361976333844401
2017,E02003584,E06000046,6470,1917,2334,0.8213367609254498,5314.04884318766,female,25-29,180,0.027820710973724884,0.022850172637802313
2017,E02003584,E06000046,6470,1917,2334,0.8213367609254498,5314.04884318766,male,25-29,275,0.04250386398763524,0.0349099859744202
2017,E02003581,E06000046,7902,2580,3114,0.8285163776493256,6546.936416184971,female,25-29,284,0.035940268286509744,0.029777100892483987
2017,E02003581,E06000046,7902,2580,3114,0.8285163776493256,6546.936416184971,male,25-29,270,0.03416856492027335,0.028309215637220695
2017,E02003594,E06000046,9239,3080,3741,0.8233092755947607,7606.554397219995,female,25-29,219,0.023703864054551358,0.019515611143549366
2017,E02003594,E06000046,9239,3080,3741,0.8233092755947607,7606.554397219995,male,25-29,231,0.02500270592055417,0.020584959699360292
2017,E02003591,E06000046,9639,2926,3521,0.831013916500994,8010.143141153081,female,25-29,269,0.0279074592800083,0.02319148703587171
2017,E02003591,E06000046,9639,2926,3521,0.831013916500994,8010.143141153081,male,25-29,237,0.024587612822906942,0.020432648429373958
2017,E02003585,E06000046,6775,2189,2722,0.8041880969875091,5448.374357090374,female,30-34,145,0.021402214022140223,0.01721140576578433
2017,E02003585,E06000046,6775,2189,2722,0.8041880969875091,5448.374357090374,male,30-34,97,0.014317343173431734,0.011513836960559172
2017,E02003592,E06000046,9455,3202,3947,0.8112490499113251,7670.359766911579,female,30-34,146,0.015441565309360127,0.01252695518636208
2017,E02003592,E06000046,9455,3202,3947,0.8112490499113251,7670.359766911579,male,30-34,136,0.014383923849814913,0.011668944557159198
2017,E02003597,E06000046,5659,1682,2130,0.7896713615023474,4468.750234741784,female,30-34,91,0.01608057960770454,0.012698373192562928
2017,E02003597,E06000046,5659,1682,2130,0.7896713615023474,4468.750234741784,male,30-34,122,0.02155857925428521,0.01702419263178766
2017,E02003596,E06000046,9008,3081,3694,0.8340552246886843,7513.169463995669,female,30-34,157,0.017428952042628773,0.014536708512003045
2017,E02003596,E06000046,9008,3081,3694,0.8340552246886843,7513.169463995669,male,30-34,220,0.024422735346358793,0.020369910016819554
2017,E02003586,E06000046,7812,2504,3035,0.8250411861614497,6445.221746293245,female,30-34,187,0.02393753200204813,0.01974944979674745
2017,E02003586,E06000046,7812,2504,3035,0.8250411861614497,6445.221746293245,male,30-34,163,0.020865335381464414,0.017214761052779866
2017,E02003582,E06000046,8456,2658,3190,0.8332288401253919,7045.783072100314,female,30-34,187,0.022114474929044465,0.018426418295109777
2017,E02003582,E06000046,8456,2658,3190,0.8332288401253919,7045.783072100314,male,30-34,176,0.020813623462630087,0.01734251133657391
2017,E02003588,E06000046,8372,3089,3662,0.8435281267067176,7062.01747678864,female,30-34,285,0.03404204491161013,0.02871542237355644
2017,E02003588,E06000046,8372,3089,3662,0.8435281267067176,7062.01747678864,male,30-34,261,0.031175346392737696,0.026297281542099055
2017,E02003595,E06000046,7913,2632,3253,0.8090992929603443,6402.402705195204,female,30-34,141,0.017818779224061672,0.014417161671604771
2017,E02003595,E06000046,7913,2632,3253,0.8090992929603443,6402.402705195204,male,30-34,132,0.016681410337419437,0.013496917309587445
2017,E02003587,E06000046,8729,2734,3282,0.8330286410725167,7271.507007921999,female,30-34,273,0.03127506014434643,0.026053020851506136
2017,E02003587,E06000046,8729,2734,3282,0.8330286410725167,7271.507007921999,male,30-34,252,0.028869286287089013,0.024048942324467203
2017,E02003593,E06000046,5340,1623,2027,0.8006906758756783,4275.688209176123,female,30-34,79,0.014794007490636705,0.011845423856587751
2017,E02003593,E06000046,5340,1623,2027,0.8006906758756783,4275.688209176123,male,30-34,97,0.018164794007490638,0.01454438119100015
2017,E02003590,E06000046,7485,2372,2951,0.8037953236191122,6016.407997289055,female,30-34,130,0.01736806947227789,0.01396037302210883
2017,E02003590,E06000046,7485,2372,2951,0.8037953236191122,6016.407997289055,male,30-34,105,0.014028056112224449,0.011275685902472516
2017,E02003589,E06000046,8040,2525,2990,0.8444816053511706,6789.632107023412,female,30-34,250,0.03109452736318408,0.026258756385297594
2017,E02003589,E06000046,8040,2525,2990,0.8444816053511706,6789.632107023412,male,30-34,357,0.044402985074626866,0.03749750411820496
2017,E02003583,E06000046,7178,2435,2950,0.8254237288135593,5924.891525423729,female,30-34,187,0.026051825020897187,0.02150379455114734
2017,E02003583,E06000046,7178,2435,2950,0.8254237288135593,5924.891525423729,male,30-34,196,0.027305656171635554,0.022538736534892398
2017,E02003598,E06000046,7512,2423,2984,0.8119973190348525,6099.723860589812,female,30-34,162,0.02156549520766773,0.017511124292285157
2017,E02003598,E06000046,7512,2423,2984,0.8119973190348525,6099.723860589812,male,30-34,143,0.019036208732694355,0.015457350455535665
2017,E02003584,E06000046,6470,1917,2334,0.8213367609254498,5314.04884318766,female,30-34,166,0.025656877897990725,0.021072936988195467
2017,E02003584,E06000046,6470,1917,2334,0.8213367609254498,5314.04884318766,male,30-34,175,0.02704791344667697,0.02221544562008558
2017,E02003581,E06000046,7902,2580,3114,0.8285163776493256,6546.936416184971,female,30-34,226,0.028600354340673248,0.023695861977821767
2017,E02003581,E06000046,7902,2580,3114,0.8285163776493256,6546.936416184971,male,30-34,272,0.034421665401164266,0.028518913530829738
2017,E02003594,E06000046,9239,3080,3741,0.8233092755947607,7606.554397219995,female,30-34,213,0.02305444312154995,0.018980936865643904
2017,E02003594,E06000046,9239,3080,3741,0.8233092755947607,7606.554397219995,male,30-34,215,0.023270916765883755,0.019159161624945728
2017,E02003591,E06000046,9639,2926,3521,0.831013916500994,8010.143141153081,female,30-34,283,0.029359892104990144,0.02439847892621447
2017,E02003591,E06000046,9639,2926,3521,0.831013916500994,8010.143141153081,male,30-34,245,0.025417574437182282,0.021122358080998396
2017,E02003585,E06000046,6775,2189,2722,0.8041880969875091,5448.374357090374,female,35-39,127,0.018745387453874537,0.015074817463824894
2017,E02003585,E06000046,6775,2189,2722,0.8041880969875091,5448.374357090374,male,35-39,148,0.0218450184501845,0.0175675038161109
2017,E02003592,E06000046,9455,3202,3947,0.8112490499113251,7670.359766911579,female,35-39,173,0.018297197250132204,0.01484358388520986
2017,E02003592,E06000046,9455,3202,3947,0.8112490499113251,7670.359766911579,male,35-39,113,0.011951348492860921,0.00969552010999257
2017,E02003597,E06000046,5659,1682,2130,0.7896713615023474,4468.750234741784,female,35-39,128,0.022618837250397598,0.017861448007121482
2017,E02003597,E06000046,5659,1682,2130,0.7896713615023474,4468.750234741784,male,35-39,110,0.019438063262060434,0.015349681881120023
2017,E02003596,E06000046,9008,3081,3694,0.8340552246886843,7513.169463995669,female,35-39,189,0.020981349911190054,0.017499604514449527
2017,E02003596,E06000046,9008,3081,3694,0.8340552246886843,7513.169463995669,male,35-39,221,0.02453374777975133,0.020462500516896007
2017,E02003586,E06000046,7812,2504,3035,0.8250411861614497,6445.221746293245,female,35-39,207,0.026497695852534562,0.021861690416720442
2017,E02003586,E06000046,7812,2504,3035,0.8250411861614497,6445.221746293245,male,35-39,199,0.02547363031233999,0.021016794168731246
2017,E02003582,E06000046,8456,2658,3190,0.8332288401253919,7045.783072100314,female,35-39,234,0.027672658467360455,0.023057657117944858
2017,E02003582,E06000046,8456,2658,3190,0.8332288401253919,7045.783072100314,male,35-39,181,0.02140491958372753,0.017835196317726575
2017,E02003588,E06000046,8372,3089,3662,0.8435281267067176,7062.01747678864,female,35-39,188,0.022455805064500716,0.018942103179749512
2017,E02003588,E06000046,8372,3089,3662,0.8435281267067176,7062.01747678864,male,35-39,262,0.031294792164357384,0.026398037410076448
2017,E02003595,E06000046,7913,2632,3253,0.8090992929603443,6402.402705195204,female,35-39,141,0.017818779224061672,0.014417161671604771
2017,E02003595,E06000046,7913,2632,3253,0.8090992929603443,6402.402705195204,male,35-39,156,0.01971439403513206,0.01595090227496698
2017,E02003587,E06000046,8729,2734,3282,0.8330286410725167,7271.507007921999,female,35-39,256,0.029327528926566617,0.024430671567712715
2017,E02003587,E06000046,8729,2734,3282,0.8330286410725167,7271.507007921999,male,35-39,246,0.02818192232787261,0.023476348459598936
2017,E02003593,E06000046,5340,1623,2027,0.8006906758756783,4275.688209176123,female,35-39,115,0.02153558052434457,0.017243338525412547
2017,E02003593,E06000046,5340,1623,2027,0.8006906758756783,4275.688209176123,male,35-39,103,0.019288389513108614,0.015444033635804282
2017,E02003590,E06000046,7485,2372,2951,0.8037953236191122,6016.407997289055,female,35-39,130,0.01736806947227789,0.01396037302210883
2017,E02003590,E06000046,7485,2372,2951,0.8037953236191122,6016.407997289055,male,35-39,124,0.016566466265865065,0.013316048113396114
2017,E02003589,E06000046,8040,2525,2990,0.8444816053511706,6789.632107023412,female,35-39,185,0.023009950248756218,0.01943147972512022
2017,E02003589,E06000046,8040,2525,2990,0.8444816053511706,6789.632107023412,male,35-39,265,0.03296019900497513,0.027834281768415448
2017,E02003583,E06000046,7178,2435,2950,0.8254237288135593,5924.891525423729,female,35-39,215,0.029952633045416552,0.024723614056131965
2017,E02003583,E06000046,7178,2435,2950,0.8254237288135593,5924.891525423729,male,35-39,179,0.024937308442463082,0.02058384612115173
2017,E02003598,E06000046,7512,2423,2984,0.8119973190348525,6099.723860589812,female,35-39,151,0.020101171458998934,0.016322097334167028
2017,E02003598,E06000046,7512,2423,2984,0.8119973190348525,6099.723860589812,male,35-39,159,0.021166134185303515,0.017186844212798397
2017,E02003584,E06000046,6470,1917,2334,0.8213367609254498,5314.04884318766,female,35-39,160,0.02472952086553323,0.02031126456693539
2017,E02003584,E06000046,6470,1917,2334,0.8213367609254498,5314.04884318766,male,35-39,174,0.02689335394126739,0.022088500216542236
2017,E02003581,E06000046,7902,2580,3114,0.8285163776493256,6546.936416184971,female,35-39,273,0.03454821564160972,0.028623762477634256
2017,E02003581,E06000046,7902,2580,3114,0.8285163776493256,6546.936416184971,male,35-39,226,0.028600354340673248,0.023695861977821767
2017,E02003594,E06000046,9239,3080,3741,0.8233092755947607,7606.554397219995,female,35-39,242,0.026193310964390086,0.021565195875520304
2017,E02003594,E06000046,9239,3080,3741,0.8233092755947607,7606.554397219995,male,35-39,193,0.02088970667821193,0.0171986892726257
2017,E02003591,E06000046,9639,2926,3521,0.831013916500994,8010.143141153081,female,35-39,287,0.029774872912127815,0.02474333375202669
2017,E02003591,E06000046,9639,2926,3521,0.831013916500994,8010.143141153081,male,35-39,264,0.02738873327108621,0.022760418503606432
2017,E02003585,E06000046,6775,2189,2722,0.8041880969875091,5448.374357090374,female,40-44,165,0.024354243542435424,0.019585392767961476
2017,E02003585,E06000046,6775,2189,2722,0.8041880969875091,5448.374357090374,male,40-44,138,0.0203690036900369,0.016380510315022325
2017,E02003592,E06000046,9455,3202,3947,0.8112490499113251,7670.359766911579,female,40-44,185,0.01956636700158646,0.015873196640253318
2017,E02003592,E06000046,9455,3202,3947,0.8112490499113251,7670.359766911579,male,40-44,176,0.01861448968799577,0.015100987073970725
2017,E02003597,E06000046,5659,1682,2130,0.7896713615023474,4468.750234741784,female,40-44,150,0.026506449902809683,0.020931384383345485
2017,E02003597,E06000046,5659,1682,2130,0.7896713615023474,4468.750234741784,male,40-44,113,0.01996819226011663,0.015768309568786935
2017,E02003596,E06000046,9008,3081,3694,0.8340552246886843,7513.169463995669,female,40-44,210,0.02331261101243339,0.01944400501605503
2017,E02003596,E06000046,9008,3081,3694,0.8340552246886843,7513.169463995669,male,40-44,195,0.021647424511545294,0.01805514751490824
2017,E02003586,E06000046,7812,2504,3035,0.8250411861614497,6445.221746293245,female,40-44,205,0.02624167946748592,0.021650466354723143
2017,E02003586,E06000046,7812,2504,3035,0.8250411861614497,6445.221746293245,male,40-44,206,0.02636968766001024,0.021756078385721793
2017,E02003582,E06000046,8456,2658,3190,0.8332288401253919,7045.783072100314,female,40-44,269,0.03181173131504257,0.026506451986013528
2017,E02003582,E06000046,8456,2658,3190,0.8332288401253919,7045.783072100314,male,40-44,241,0.028500473036896876,0.02374741609155859
2017,E02003588,E06000046,8372,3089,3662,0.8435281267067176,7062.01747678864,female,40-44,196,0.023411371237458192,0.019748150123568637
2017,E02003588,E06000046,8372,3089,3662,0.8435281267067176,7062.01747678864,male,40-44,243,0.029025322503583372,0.024483675918506018
2017,E02003595,E06000046,7913,2632,3253,0.8090992929603443,6402.402705195204,female,40-44,165,0.020851762921774295,0.016871146636984306
2017,E02003595,E06000046,7913,2632,3253,0.8090992929603443,6402.402705195204,male,40-44,168,0.021230885883988374,0.01717789475765675
2017,E02003587,E06000046,8729,2734,3282,0.8330286410725167,7271.507007921999,female,40-44,295,0.03379539466147325,0.02815253168935645
2017,E02003587,E06000046,8729,2734,3282,0.8330286410725167,7271.507007921999,male,40-44,242,0.027723679688395005,0.023094619216353425
2017,E02003593,E06000046,5340,1623,2027,0.8006906758756783,4275.688209176123,female,40-44,136,0.02546816479400749,0.020392122082227012
2017,E02003593,E06000046,5340,1623,2027,0.8006906758756783,4275.688209176123,male,40-44,95,0.017790262172284643,0.014244497042732104
2017,E02003590,E06000046,7485,2372,2951,0.8037953236191122,6016.407997289055,female,40-44,158,0.021108884435537743,0.016967222596101502
2017,E02003590,E06000046,7485,2372,2951,0.8037953236191122,6016.407997289055,male,40-44,151,0.02017368069472278,0.016215510202603332
2017,E02003589,E06000046,8040,2525,2990,0.8444816053511706,6789.632107023412,female,40-44,228,0.028358208955223882,0.023947985823391405
2017,E02003589,E06000046,8040,2525,2990,0.8444816053511706,6789.632107023412,male,40-44,277,0.03445273631840796,0.02909470207490973
2017,E02003583,E06000046,7178,2435,2950,0.8254237288135593,5924.891525423729,female,40-44,210,0.029256060183895236,0.024148646287384713
2017,E02003583,E06000046,7178,2435,2950,0.8254237288135593,5924.891525423729,male,40-44,170,0.023683477291724715,0.019548904137406672
2017,E02003598,E06000046,7512,2423,2984,0.8119973190348525,6099.723860589812,female,40-44,155,0.020633652822151224,0.016754470773482712
2017,E02003598,E06000046,7512,2423,2984,0.8119973190348525,6099.723860589812,male,40-44,163,0.021698615548455803,0.017619217652114078
2017,E02003584,E06000046,6470,1917,2334,0.8213367609254498,5314.04884318766,female,40-44,212,0.03276661514683153,0.026912425551189393
2017,E02003584,E06000046,6470,1917,2334,0.8213367609254498,5314.04884318766,male,40-44,204,0.03153013910355487,0.025896862322842624
2017,E02003581,E06000046,7902,2580,3114,0.8285163776493256,6546.936416184971,female,40-44,245,0.031004808909136927,0.025687991967107665
2017,E02003581,E06000046,7902,2580,3114,0.8285163776493256,6546.936416184971,male,40-44,216,0.02733485193621868,0.022647372509776553
2017,E02003594,E06000046,9239,3080,3741,0.8233092755947607,7606.554397219995,female,40-44,247,0.02673449507522459,0.022010757773774856
2017,E02003594,E06000046,9239,3080,3741,0.8233092755947607,7606.554397219995,male,40-44,200,0.021647364433380237,0.01782247593018207
2017,E02003591,E06000046,9639,2926,3521,0.831013916500994,8010.143141153081,female,40-44,265,0.02749247847287063,0.022846632210059486
2017,E02003591,E06000046,9639,2926,3521,0.831013916500994,8010.143141153081,male,40-44,266,0.027596223674655047,0.022932845916512543
2017,E02003585,E06000046,6775,2189,2722,0.8041880969875091,5448.374357090374,female,45-49,234,0.03453874538745388,0.027775647925472643
2017,E02003585,E06000046,6775,2189,2722,0.8041880969875091,5448.374357090374,male,45-49,175,0.025830258302583026,0.020772386269050053
2017,E02003592,E06000046,9455,3202,3947,0.8112490499113251,7670.359766911579,female,45-49,311,0.03289264939185616,0.026684130568209636
2017,E02003592,E06000046,9455,3202,3947,0.8112490499113251,7670.359766911579,male,45-49,247,0.02612374405076679,0.02119286254131119
2017,E02003597,E06000046,5659,1682,2130,0.7896713615023474,4468.750234741784,female,45-49,212,0.03746244919597102,0.029583023261794954
2017,E02003597,E06000046,5659,1682,2130,0.7896713615023474,4468.750234741784,male,45-49,186,0.03286799787948401,0.025954916635348404
2017,E02003596,E06000046,9008,3081,3694,0.8340552246886843,7513.169463995669,female,45-49,299,0.03319271758436945,0.027684559522859305
2017,E02003596,E06000046,9008,3081,3694,0.8340552246886843,7513.169463995669,male,45-49,252,0.02797513321492007,0.023332806019266034
2017,E02003586,E06000046,7812,2504,3035,0.8250411861614497,6445.221746293245,female,45-49,300,0.03840245775729647,0.03168360929959484
2017,E02003586,E06000046,7812,2504,3035,0.8250411861614497,6445.221746293245,male,45-49,245,0.03136200716845878,0.025874947594669122
2017,E02003582,E06000046,8456,2658,3190,0.8332288401253919,7045.783072100314,female,45-49,338,0.039971617786187325,0.03330550472592035
2017,E02003582,E06000046,8456,2658,3190,0.8332288401253919,7045.783072100314,male,45-49,263,0.03110217596972564,0.02591523000863033
2017,E02003588,E06000046,8372,3089,3662,0.8435281267067176,7062.01747678864,female,45-49,320,0.038222646918299095,0.03224187775276513
2017,E02003588,E06000046,8372,3089,3662,0.8435281267067176,7062.01747678864,male,45-49,275,0.03284758719541328,0.027707863693782527
2017,E02003595,E06000046,7913,2632,3253,0.8090992929603443,6402.402705195204,female,45-49,270,0.03412106659926703,0.027607330860519776
2017,E02003595,E06000046,7913,2632,3253,0.8090992929603443,6402.402705195204,male,45-49,209,0.026412233034247442,0.021370119073513456
2017,E02003587,E06000046,8729,2734,3282,0.8330286410725167,7271.507007921999,female,45-49,368,0.042158322831939515,0.03511909037858703
2017,E02003587,E06000046,8729,2734,3282,0.8330286410725167,7271.507007921999,male,45-49,246,0.02818192232787261,0.023476348459598936
2017,E02003593,E06000046,5340,1623,2027,0.8006906758756783,4275.688209176123,female,45-49,183,0.034269662921348316,0.027439399566526055
2017,E02003593,E06000046,5340,1623,2027,0.8006906758756783,4275.688209176123,male,45-49,175,0.03277153558052434,0.026239862973453876
2017,E02003590,E06000046,7485,2372,2951,0.8037953236191122,6016.407997289055,female,45-49,217,0.028991315965263862,0.0233030841984432
2017,E02003590,E06000046,7485,2372,2951,0.8037953236191122,6016.407997289055,male,45-49,199,0.026586506346025385,0.021370109472305054
2017,E02003589,E06000046,8040,2525,2990,0.8444816053511706,6789.632107023412,female,45-49,287,0.03569651741293532,0.030145052330321633
2017,E02003589,E06000046,8040,2525,2990,0.8444816053511706,6789.632107023412,male,45-49,335,0.041666666666666664,0.03518673355629877
2017,E02003583,E06000046,7178,2435,2950,0.8254237288135593,5924.891525423729,female,45-49,213,0.029674003900808023,0.024493626948633062
2017,E02003583,E06000046,7178,2435,2950,0.8254237288135593,5924.891525423729,male,45-49,234,0.032599609919197546,0.026908491577371532
2017,E02003598,E06000046,7512,2423,2984,0.8119973190348525,6099.723860589812,female,45-49,254,0.03381256656017039,0.027455713396545862
2017,E02003598,E06000046,7512,2423,2984,0.8119973190348525,6099.723860589812,male,45-49,233,0.031017039403620873,0.02518575284013853
2017,E02003584,E06000046,6470,1917,2334,0.8213367609254498,5314.04884318766,female,45-49,284,0.04389489953632148,0.03605249460631031
2017,E02003584,E06000046,6470,1917,2334,0.8213367609254498,5314.04884318766,male,45-49,230,0.03554868624420402,0.029197442814969624
2017,E02003581,E06000046,7902,2580,3114,0.8285163776493256,6546.936416184971,female,45-49,308,0.03897747405720071,0.032293475615792495
2017,E02003581,E06000046,7902,2580,3114,0.8285163776493256,6546.936416184971,male,45-49,268,0.03391546443938243,0.02809951774361165
2017,E02003594,E06000046,9239,3080,3741,0.8233092755947607,7606.554397219995,female,45-49,326,0.035285204026409785,0.029050635766196774
2017,E02003594,E06000046,9239,3080,3741,0.8233092755947607,7606.554397219995,male,45-49,302,0.03268752029440416,0.02691193865457493
2017,E02003591,E06000046,9639,2926,3521,0.831013916500994,8010.143141153081,female,45-49,356,0.03693329183525262,0.030692079497287462
2017,E02003591,E06000046,9639,2926,3521,0.831013916500994,8010.143141153081,male,45-49,300,0.03112356053532524,0.025864111935916402
2017,E02003585,E06000046,6775,2189,2722,0.8041880969875091,5448.374357090374,female,50-54,266,0.039261992619926196,0.03157402712895608
2017,E02003585,E06000046,6775,2189,2722,0.8041880969875091,5448.374357090374,male,50-54,281,0.0414760147601476,0.03335451738058894
2017,E02003592,E06000046,9455,3202,3947,0.8112490499113251,7670.359766911579,female,50-54,313,0.0331041776837652,0.02685573269405021
2017,E02003592,E06000046,9455,3202,3947,0.8112490499113251,7670.359766911579,male,50-54,308,0.0325753569539926,0.02642672737944877
2017,E02003597,E06000046,5659,1682,2130,0.7896713615023474,4468.750234741784,female,50-54,231,0.040819932850326916,0.03223433195035205
2017,E02003597,E06000046,5659,1682,2130,0.7896713615023474,4468.750234741784,male,50-54,222,0.03922954585615833,0.03097844888735132
2017,E02003596,E06000046,9008,3081,3694,0.8340552246886843,7513.169463995669,female,50-54,349,0.03874333925399645,0.032314084526681934
2017,E02003596,E06000046,9008,3081,3694,0.8340552246886843,7513.169463995669,male,50-54,345,0.038299289520426286,0.03194372252637612
2017,E02003586,E06000046,7812,2504,3035,0.8250411861614497,6445.221746293245,female,50-54,316,0.04045058883768561,0.033373401795573236
2017,E02003586,E06000046,7812,2504,3035,0.8250411861614497,6445.221746293245,male,50-54,293,0.03750640040962622,0.030944325082604297
2017,E02003582,E06000046,8456,2658,3190,0.8332288401253919,7045.783072100314,female,50-54,367,0.04340113528855251,0.036163077616605824
2017,E02003582,E06000046,8456,2658,3190,0.8332288401253919,7045.783072100314,male,50-54,310,0.036660359508041626,0.030546468831465407
2017,E02003588,E06000046,8372,3089,3662,0.8435281267067176,7062.01747678864,female,50-54,275,0.03284758719541328,0.027707863693782527
2017,E02003588,E06000046,8372,3089,3662,0.8435281267067176,7062.01747678864,male,50-54,353,0.04216435738174869,0.03556682139601903
2017,E02003595,E06000046,7913,2632,3253,0.8090992929603443,6402.402705195204,female,50-54,340,0.042967269050928854,0.03476478700954342
2017,E02003595,E06000046,7913,2632,3253,0.8090992929603443,6402.402705195204,male,50-54,276,0.03487931252369519,0.02822082710186466
2017,E02003587,E06000046,8729,2734,3282,0.8330286410725167,7271.507007921999,female,50-54,349,0.039981670294420894,0.03330587647317085
2017,E02003587,E06000046,8729,2734,3282,0.8330286410725167,7271.507007921999,male,50-54,324,0.037117653797685876,0.030920068702886404
2017,E02003593,E06000046,5340,1623,2027,0.8006906758756783,4275.688209176123,female,50-54,244,0.045692883895131084,0.0365858660887014
2017,E02003593,E06000046,5340,1623,2027,0.8006906758756783,4275.688209176123,male,50-54,193,0.03614232209737828,0.028938820307866275
2017,E02003590,E06000046,7485,2372,2951,0.8037953236191122,6016.407997289055,female,50-54,278,0.037140948563794254,0.029853720770355804
2017,E02003590,E06000046,7485,2372,2951,0.8037953236191122,6016.407997289055,male,50-54,235,0.03139612558450234,0.025236058924581348
2017,E02003589,E06000046,8040,2525,2990,0.8444816053511706,6789.632107023412,female,50-54,282,0.03507462686567164,0.029619877202615684
2017,E02003589,E06000046,8040,2525,2990,0.8444816053511706,6789.632107023412,male,50-54,388,0.04825870646766169,0.04075358990998186
2017,E02003583,E06000046,7178,2435,2950,0.8254237288135593,5924.891525423729,female,50-54,262,0.03650041794371691,0.03012831108235616
2017,E02003583,E06000046,7178,2435,2950,0.8254237288135593,5924.891525423729,male,50-54,227,0.031624407913067705,0.026103536701125377
2017,E02003598,E06000046,7512,2423,2984,0.8119973190348525,6099.723860589812,female,50-54,295,0.039270500532481364,0.031887541149531615
2017,E02003598,E06000046,7512,2423,2984,0.8119973190348525,6099.723860589812,male,50-54,312,0.04153354632587859,0.033725128266623265
2017,E02003584,E06000046,6470,1917,2334,0.8213367609254498,5314.04884318766,female,50-54,250,0.03863987635239567,0.031736350885836546
2017,E02003584,E06000046,6470,1917,2334,0.8213367609254498,5314.04884318766,male,50-54,289,0.0446676970633694,0.03668722162402705
2017,E02003581,E06000046,7902,2580,3114,0.8285163776493256,6546.936416184971,female,50-54,301,0.038091622374082514,0.031559532988160846
2017,E02003581,E06000046,7902,2580,3114,0.8285163776493256,6546.936416184971,male,50-54,293,0.037079220450518854,0.030720741413724675
2017,E02003594,E06000046,9239,3080,3741,0.8233092755947607,7606.554397219995,female,50-54,387,0.04188765017859076,0.03448649092490231
2017,E02003594,E06000046,9239,3080,3741,0.8233092755947607,7606.554397219995,male,50-54,277,0.029981599740231627,0.02468412916330217
2017,E02003591,E06000046,9639,2926,3521,0.831013916500994,8010.143141153081,female,50-54,351,0.036414565826330535,0.030261010965022192
2017,E02003591,E06000046,9639,2926,3521,0.831013916500994,8010.143141153081,male,50-54,335,0.034754642597779856,0.02888159166177332
2017,E02003585,E06000046,6775,2189,2722,0.8041880969875091,5448.374357090374,female,55-59,296,0.043690036900369,0.0351350076322218
2017,E02003585,E06000046,6775,2189,2722,0.8041880969875091,5448.374357090374,male,55-59,254,0.037490774907749075,0.03014963492764979
2017,E02003592,E06000046,9455,3202,3947,0.8112490499113251,7670.359766911579,female,55-59,364,0.0384981491274458,0.031231586902984915
2017,E02003592,E06000046,9455,3202,3947,0.8112490499113251,7670.359766911579,male,55-59,341,0.036065573770491806,0.029258162455818283
2017,E02003597,E06000046,5659,1682,2130,0.7896713615023474,4468.750234741784,female,55-59,227,0.04011309418625199,0.031676161700129504
2017,E02003597,E06000046,5659,1682,2130,0.7896713615023474,4468.750234741784,male,55-59,213,0.03763915886198975,0.02972256582435059
2017,E02003596,E06000046,9008,3081,3694,0.8340552246886843,7513.169463995669,female,55-59,369,0.04096358792184725,0.034165894528210984
2017,E02003596,E06000046,9008,3081,3694,0.8340552246886843,7513.169463995669,male,55-59,335,0.03718916518650089,0.031017817525611596
2017,E02003586,E06000046,7812,2504,3035,0.8250411861614497,6445.221746293245,female,55-59,297,0.038018433179723504,0.0313667732065989
2017,E02003586,E06000046,7812,2504,3035,0.8250411861614497,6445.221746293245,male,55-59,266,0.034050179211469536,0.028092800245640762
2017,E02003582,E06000046,8456,2658,3190,0.8332288401253919,7045.783072100314,female,55-59,317,0.037488174077578054,0.031236227805079144
2017,E02003582,E06000046,8456,2658,3190,0.8332288401253919,7045.783072100314,male,55-59,273,0.03228476821192053,0.026900599970935662
2017,E02003588,E06000046,8372,3089,3662,0.8435281267067176,7062.01747678864,female,55-59,259,0.030936454849498328,0.026095769806144274
2017,E02003588,E06000046,8372,3089,3662,0.8435281267067176,7062.01747678864,male,55-59,293,0.03499761108456761,0.02952146931737557
2017,E02003595,E06000046,7913,2632,3253,0.8090992929603443,6402.402705195204,female,55-59,347,0.043851889296095035,0.03548053262444578
2017,E02003595,E06000046,7913,2632,3253,0.8090992929603443,6402.402705195204,male,55-59,337,0.04258814608871477,0.03445803888887097
2017,E02003587,E06000046,8729,2734,3282,0.8330286410725167,7271.507007921999,female,55-59,259,0.02967121090617482,0.024716968500146846
2017,E02003587,E06000046,8729,2734,3282,0.8330286410725167,7271.507007921999,male,55-59,293,0.03356627334173445,0.027961667067733693
2017,E02003593,E06000046,5340,1623,2027,0.8006906758756783,4275.688209176123,female,55-59,255,0.047752808988764044,0.03823522890417565
2017,E02003593,E06000046,5340,1623,2027,0.8006906758756783,4275.688209176123,male,55-59,204,0.038202247191011236,0.03058818312334052
2017,E02003590,E06000046,7485,2372,2951,0.8037953236191122,6016.407997289055,female,55-59,295,0.0394121576486306,0.0316793080117085
2017,E02003590,E06000046,7485,2372,2951,0.8037953236191122,6016.407997289055,male,55-59,244,0.032598530394121576,0.026202546287650418
2017,E02003589,E06000046,8040,2525,2990,0.8444816053511706,6789.632107023412,female,55-59,202,0.025124378109452738,0.021217075159320455
2017,E02003589,E06000046,8040,2525,2990,0.8444816053511706,6789.632107023412,male,55-59,292,0.03631840796019901,0.03067022745802759
2017,E02003583,E06000046,7178,2435,2950,0.8254237288135593,5924.891525423729,female,55-59,245,0.03413207021454444,0.028173420668615494
2017,E02003583,E06000046,7178,2435,2950,0.8254237288135593,5924.891525423729,male,55-59,222,0.030927835051546393,0.025528568932378124
2017,E02003598,E06000046,7512,2423,2984,0.8119973190348525,6099.723860589812,female,55-59,336,0.04472843450479233,0.036319368902517364
2017,E02003598,E06000046,7512,2423,2984,0.8119973190348525,6099.723860589812,male,55-59,263,0.035010649627263045,0.02842855363500615
2017,E02003584,E06000046,6470,1917,2334,0.8213367609254498,5314.04884318766,female,55-59,239,0.03693972179289026,0.030339951446859737
2017,E02003584,E06000046,6470,1917,2334,0.8213367609254498,5314.04884318766,male,55-59,228,0.03523956723338485,0.02894355200788293
2017,E02003581,E06000046,7902,2580,3114,0.8285163776493256,6546.936416184971,female,55-59,282,0.03568716780561883,0.029567402998874944
2017,E02003581,E06000046,7902,2580,3114,0.8285163776493256,6546.936416184971,male,55-59,278,0.035180966843837,0.02914800721165686
2017,E02003594,E06000046,9239,3080,3741,0.8233092755947607,7606.554397219995,female,55-59,362,0.039181729624418224,0.032258681433629546
2017,E02003594,E06000046,9239,3080,3741,0.8233092755947607,7606.554397219995,male,55-59,326,0.035285204026409785,0.029050635766196774
2017,E02003591,E06000046,9639,2926,3521,0.831013916500994,8010.143141153081,female,55-59,322,0.03340595497458242,0.027760813477883603
2017,E02003591,E06000046,9639,2926,3521,0.831013916500994,8010.143141153081,male,55-59,306,0.031746031746031744,0.02638139417463473
2017,E02003585,E06000046,6775,2189,2722,0.8041880969875091,5448.374357090374,female,60-64,286,0.0422140221402214,0.03394801413113323
2017,E02003585,E06000046,6775,2189,2722,0.8041880969875091,5448.374357090374,male,60-64,220,0.03247232472324723,0.026113857023948635
2017,E02003592,E06000046,9455,3202,3947,0.8112490499113251,7670.359766911579,female,60-64,454,0.048016922263352725,0.03895368256581085
2017,E02003592,E06000046,9455,3202,3947,0.8112490499113251,7670.359766911579,male,60-64,336,0.035536753040719196,0.02882915714121684
2017,E02003597,E06000046,5659,1682,2130,0.7896713615023474,4468.750234741784,female,60-64,244,0.04311715850857042,0.03404838526357532
2017,E02003597,E06000046,5659,1682,2130,0.7896713615023474,4468.750234741784,male,60-64,214,0.03781586852800848,0.029862108386906228
2017,E02003596,E06000046,9008,3081,3694,0.8340552246886843,7513.169463995669,female,60-64,367,0.040741563055062165,0.03398071352805807
2017,E02003596,E06000046,9008,3081,3694,0.8340552246886843,7513.169463995669,male,60-64,318,0.03530195381882771,0.029443779024311903
2017,E02003586,E06000046,7812,2504,3035,0.8250411861614497,6445.221746293245,female,60-64,279,0.03571428571428571,0.029465756648623203
2017,E02003586,E06000046,7812,2504,3035,0.8250411861614497,6445.221746293245,male,60-64,229,0.029313876088069638,0.024185155098690733
2017,E02003582,E06000046,8456,2658,3190,0.8332288401253919,7045.783072100314,female,60-64,283,0.03346736045411542,0.027885969933241002
2017,E02003582,E06000046,8456,2658,3190,0.8332288401253919,7045.783072100314,male,60-64,285,0.0337038789025544,0.02808304392570207
2017,E02003588,E06000046,8372,3089,3662,0.8435281267067176,7062.01747678864,female,60-64,236,0.02818920210224558,0.02377838484266428
2017,E02003588,E06000046,8372,3089,3662,0.8435281267067176,7062.01747678864,male,60-64,266,0.03177257525083612,0.02680106088198601
2017,E02003595,E06000046,7913,2632,3253,0.8090992929603443,6402.402705195204,female,60-64,381,0.04814861620118792,0.03895701132540012
2017,E02003595,E06000046,7913,2632,3253,0.8090992929603443,6402.402705195204,male,60-64,348,0.04397826361683306,0.035582781998003264
2017,E02003587,E06000046,8729,2734,3282,0.8330286410725167,7271.507007921999,female,60-64,259,0.02967121090617482,0.024716968500146846
2017,E02003587,E06000046,8729,2734,3282,0.8330286410725167,7271.507007921999,male,60-64,220,0.025203345171268186,0.020995108378503113
2017,E02003593,E06000046,5340,1623,2027,0.8006906758756783,4275.688209176123,female,60-64,248,0.04644194756554307,0.03718563438523749
2017,E02003593,E06000046,5340,1623,2027,0.8006906758756783,4275.688209176123,male,60-64,252,0.04719101123595506,0.037785402681773585
2017,E02003590,E06000046,7485,2372,2951,0.8037953236191122,6016.407997289055,female,60-64,349,0.046626586506346025,0.03747823219012293
2017,E02003590,E06000046,7485,2372,2951,0.8037953236191122,6016.407997289055,male,60-64,283,0.037808951235804945,0.03039065819428307
2017,E02003589,E06000046,8040,2525,2990,0.8444816053511706,6789.632107023412,female,60-64,192,0.023880597014925373,0.020166724903908553
2017,E02003589,E06000046,8040,2525,2990,0.8444816053511706,6789.632107023412,male,60-64,245,0.030472636815920398,0.02573358125759164
2017,E02003583,E06000046,7178,2435,2950,0.8254237288135593,5924.891525423729,female,60-64,268,0.03733630537754249,0.030818272404852867
2017,E02003583,E06000046,7178,2435,2950,0.8254237288135593,5924.891525423729,male,60-64,228,0.03176372248537197,0.02621853025487483
2017,E02003598,E06000046,7512,2423,2984,0.8119973190348525,6099.723860589812,female,60-64,317,0.04219914802981896,0.03426559506576787
2017,E02003598,E06000046,7512,2423,2984,0.8119973190348525,6099.723860589812,male,60-64,321,0.042731629392971246,0.034697968505083554
2017,E02003584,E06000046,6470,1917,2334,0.8213367609254498,5314.04884318766,female,60-64,220,0.03400309119010819,0.027927988779536162
2017,E02003584,E06000046,6470,1917,2334,0.8213367609254498,5314.04884318766,male,60-64,218,0.033693972179289024,0.027674097972449466
2017,E02003581,E06000046,7902,2580,3114,0.8285163776493256,6546.936416184971,female,60-64,223,0.028220703619336877,0.023381315137408203
2017,E02003581,E06000046,7902,2580,3114,0.8285163776493256,6546.936416184971,male,60-64,229,0.02898000506200962,0.02401040881823533
2017,E02003594,E06000046,9239,3080,3741,0.8233092755947607,7606.554397219995,female,60-64,347,0.03755817729191471,0.030921995738865896
2017,E02003594,E06000046,9239,3080,3741,0.8233092755947607,7606.554397219995,male,60-64,334,0.03615109860374499,0.029763534803404056
2017,E02003591,E06000046,9639,2926,3521,0.831013916500994,8010.143141153081,female,60-64,326,0.033820935781720095,0.028105668303695822
2017,E02003591,E06000046,9639,2926,3521,0.831013916500994,8010.143141153081,male,60-64,277,0.02873742089428364,0.023881196687496144
2017,E02003585,E06000046,6775,2189,2722,0.8041880969875091,5448.374357090374,female,65-69,326,0.04811808118081181,0.038695988135487525
2017,E02003585,E06000046,6775,2189,2722,0.8041880969875091,5448.374357090374,male,65-69,304,0.044870848708487086,0.03608460243309266
2017,E02003592,E06000046,9455,3202,3947,0.8112490499113251,7670.359766911579,female,65-69,514,0.05436277102062401,0.04410174634102814
2017,E02003592,E06000046,9455,3202,3947,0.8112490499113251,7670.359766911579,male,65-69,466,0.04928609201480698,0.039983295320854303
2017,E02003597,E06000046,5659,1682,2130,0.7896713615023474,4468.750234741784,female,65-69,281,0.049655416151263475,0.03921146007813388
2017,E02003597,E06000046,5659,1682,2130,0.7896713615023474,4468.750234741784,male,65-69,270,0.04771160982505743,0.037676491890021875
2017,E02003596,E06000046,9008,3081,3694,0.8340552246886843,7513.169463995669,female,65-69,397,0.044071936056838366,0.036758428530351654
2017,E02003596,E06000046,9008,3081,3694,0.8340552246886843,7513.169463995669,male,65-69,355,0.039409413854351684,0.03286962752714064
2017,E02003586,E06000046,7812,2504,3035,0.8250411861614497,6445.221746293245,female,65-69,279,0.03571428571428571,0.029465756648623203
2017,E02003586,E06000046,7812,2504,3035,0.8250411861614497,6445.221746293245,male,65-69,251,0.03213005632360471,0.02650861978066102
2017,E02003582,E06000046,8456,2658,3190,0.8332288401253919,7045.783072100314,female,65-69,307,0.03630558183538316,0.030250857842773808
2017,E02003582,E06000046,8456,2658,3190,0.8332288401253919,7045.783072100314,male,65-69,303,0.035832544938505205,0.029856709857851674
2017,E02003588,E06000046,8372,3089,3662,0.8435281267067176,7062.01747678864,female,65-69,255,0.030458671763019588,0.02569274633423471
2017,E02003588,E06000046,8372,3089,3662,0.8435281267067176,7062.01747678864,male,65-69,243,0.029025322503583372,0.024483675918506018
2017,E02003595,E06000046,7913,2632,3253,0.8090992929603443,6402.402705195204,female,65-69,382,0.048274990521925944,0.039059260698957605
2017,E02003595,E06000046,7913,2632,3253,0.8090992929603443,6402.402705195204,male,65-69,332,0.04195627448502464,0.03394679202108357
2017,E02003587,E06000046,8729,2734,3282,0.8330286410725167,7271.507007921999,female,65-69,247,0.02829648298774201,0.023571780770410316
2017,E02003587,E06000046,8729,2734,3282,0.8330286410725167,7271.507007921999,male,65-69,258,0.029556650246305417,0.02462153618933547
2017,E02003593,E06000046,5340,1623,2027,0.8006906758756783,4275.688209176123,female,65-69,256,0.04794007490636704,0.03838517097830967
2017,E02003593,E06000046,5340,1623,2027,0.8006906758756783,4275.688209176123,male,65-69,245,0.04588014981273408,0.03673580816283543
2017,E02003590,E06000046,7485,2372,2951,0.8037953236191122,6016.407997289055,female,65-69,376,0.05023380093520374,0.040377694279330155
2017,E02003590,E06000046,7485,2372,2951,0.8037953236191122,6016.407997289055,male,65-69,339,0.04529058116232465,0.036404357342268406
2017,E02003589,E06000046,8040,2525,2990,0.8444816053511706,6789.632107023412,female,65-69,189,0.023507462686567164,0.01985161982728498
2017,E02003589,E06000046,8040,2525,2990,0.8444816053511706,6789.632107023412,male,65-69,226,0.02810945273631841,0.023737915772309024
2017,E02003583,E06000046,7178,2435,2950,0.8254237288135593,5924.891525423729,female,65-69,312,0.043466146558930066,0.035877988769828714
2017,E02003583,E06000046,7178,2435,2950,0.8254237288135593,5924.891525423729,male,65-69,259,0.03608247422680412,0.02978333042110781
2017,E02003598,E06000046,7512,2423,2984,0.8119973190348525,6099.723860589812,female,65-69,356,0.04739084132055378,0.03848123609909578
2017,E02003598,E06000046,7512,2423,2984,0.8119973190348525,6099.723860589812,male,65-69,337,0.0448615548455804,0.036427462262346284
2017,E02003584,E06000046,6470,1917,2334,0.8213367609254498,5314.04884318766,female,65-69,199,0.030757341576506954,0.02526213530512589
2017,E02003584,E06000046,6470,1917,2334,0.8213367609254498,5314.04884318766,male,65-69,227,0.03508500772797527,0.028816606604339587
2017,E02003581,E06000046,7902,2580,3114,0.8285163776493256,6546.936416184971,female,65-69,227,0.028726904581118703,0.023800710924626284
2017,E02003581,E06000046,7902,2580,3114,0.8285163776493256,6546.936416184971,male,65-69,210,0.026575550493545937,0.02201827882894943
2017,E02003594,E06000046,9239,3080,3741,0.8233092755947607,7606.554397219995,female,65-69,329,0.03560991449291049,0.02931797290514951
2017,E02003594,E06000046,9239,3080,3741,0.8233092755947607,7606.554397219995,male,65-69,323,0.03496049355990908,0.028783298627244044
2017,E02003591,E06000046,9639,2926,3521,0.831013916500994,8010.143141153081,female,65-69,325,0.03371719057993568,0.02801945459724277
2017,E02003591,E06000046,9639,2926,3521,0.831013916500994,8010.143141153081,male,65-69,272,0.02821869488536155,0.02345012815523087
2017,E02003585,E06000046,6775,2189,2722,0.8041880969875091,5448.374357090374,female,70-74,341,0.05033210332103321,0.04047647838712039
2017,E02003585,E06000046,6775,2189,2722,0.8041880969875091,5448.374357090374,male,70-74,305,0.045018450184501846,0.03620330178320152
2017,E02003592,E06000046,9455,3202,3947,0.8112490499113251,7670.359766911579,female,70-74,504,0.053305129561078794,0.04324373571182526
2017,E02003592,E06000046,9455,3202,3947,0.8112490499113251,7670.359766911579,male,70-74,481,0.0508725542041248,0.04127031126465863
2017,E02003597,E06000046,5659,1682,2130,0.7896713615023474,4468.750234741784,female,70-74,263,0.046474642162926315,0.03669969395213242
2017,E02003597,E06000046,5659,1682,2130,0.7896713615023474,4468.750234741784,male,70-74,233,0.04117335218236438,0.032513417075463326
2017,E02003596,E06000046,9008,3081,3694,0.8340552246886843,7513.169463995669,female,70-74,349,0.03874333925399645,0.032314084526681934
2017,E02003596,E06000046,9008,3081,3694,0.8340552246886843,7513.169463995669,male,70-74,348,0.038632326820603906,0.03222149402660548
2017,E02003586,E06000046,7812,2504,3035,0.8250411861614497,6445.221746293245,female,70-74,283,0.036226318484383,0.0298882047726178
2017,E02003586,E06000046,7812,2504,3035,0.8250411861614497,6445.221746293245,male,70-74,236,0.030209933435739886,0.024924439315681276
2017,E02003582,E06000046,8456,2658,3190,0.8332288401253919,7045.783072100314,female,70-74,315,0.037251655629139076,0.031039153812618077
2017,E02003582,E06000046,8456,2658,3190,0.8332288401253919,7045.783072100314,male,70-74,299,0.03535950804162725,0.02946256187292954
2017,E02003588,E06000046,8372,3089,3662,0.8435281267067176,7062.01747678864,female,70-74,225,0.026875298614429048,0.02267007029491298
2017,E02003588,E06000046,8372,3089,3662,0.8435281267067176,7062.01747678864,male,70-74,229,0.027353081700907788,0.023073093766822542
2017,E02003595,E06000046,7913,2632,3253,0.8090992929603443,6402.402705195204,female,70-74,415,0.0524453431062808,0.042433490026354465
2017,E02003595,E06000046,7913,2632,3253,0.8090992929603443,6402.402705195204,male,70-74,350,0.04423101225830911,0.03578728074511822
2017,E02003587,E06000046,8729,2734,3282,0.8330286410725167,7271.507007921999,female,70-74,213,0.02440142055218238,0.02032708220282347
2017,E02003587,E06000046,8729,2734,3282,0.8330286410725167,7271.507007921999,male,70-74,217,0.024859663191659984,0.02070881144606898
2017,E02003593,E06000046,5340,1623,2027,0.8006906758756783,4275.688209176123,female,70-74,245,0.04588014981273408,0.03673580816283543
2017,E02003593,E06000046,5340,1623,2027,0.8006906758756783,4275.688209176123,male,70-74,231,0.04325842696629213,0.03463661912495912
2017,E02003590,E06000046,7485,2372,2951,0.8037953236191122,6016.407997289055,female,70-74,425,0.05678022712090848,0.045639681033817325
2017,E02003590,E06000046,7485,2372,2951,0.8037953236191122,6016.407997289055,male,70-74,425,0.05678022712090848,0.045639681033817325
2017,E02003589,E06000046,8040,2525,2990,0.8444816053511706,6789.632107023412,female,70-74,150,0.018656716417910446,0.015755253831178553
2017,E02003589,E06000046,8040,2525,2990,0.8444816053511706,6789.632107023412,male,70-74,157,0.0195273631840796,0.016490499009966887
2017,E02003583,E06000046,7178,2435,2950,0.8254237288135593,5924.891525423729,female,70-74,313,0.04360546113123433,0.035992982323578164
2017,E02003583,E06000046,7178,2435,2950,0.8254237288135593,5924.891525423729,male,70-74,290,0.040401225968236275,0.03334813058734079
2017,E02003598,E06000046,7512,2423,2984,0.8119973190348525,6099.723860589812,female,70-74,342,0.04552715654952077,0.03696792906149089
2017,E02003598,E06000046,7512,2423,2984,0.8119973190348525,6099.723860589812,male,70-74,370,0.049254526091586794,0.039994543136700665
2017,E02003584,E06000046,6470,1917,2334,0.8213367609254498,5314.04884318766,female,70-74,186,0.02874806800618238,0.02361184505906239
2017,E02003584,E06000046,6470,1917,2334,0.8213367609254498,5314.04884318766,male,70-74,181,0.027975270479134468,0.02297711804134566
2017,E02003581,E06000046,7902,2580,3114,0.8285163776493256,6546.936416184971,female,70-74,210,0.026575550493545937,0.02201827882894943
2017,E02003581,E06000046,7902,2580,3114,0.8285163776493256,6546.936416184971,male,70-74,223,0.028220703619336877,0.023381315137408203
2017,E02003594,E06000046,9239,3080,3741,0.8233092755947607,7606.554397219995,female,70-74,334,0.03615109860374499,0.029763534803404056
2017,E02003594,E06000046,9239,3080,3741,0.8233092755947607,7606.554397219995,male,70-74,330,0.03571815131507739,0.02940708528480042
2017,E02003591,E06000046,9639,2926,3521,0.831013916500994,8010.143141153081,female,70-74,315,0.032679738562091505,0.027157317532712222
2017,E02003591,E06000046,9639,2926,3521,0.831013916500994,8010.143141153081,male,70-74,281,0.029152401701421308,0.024226051513308363
2017,E02003585,E06000046,6775,2189,2722,0.8041880969875091,5448.374357090374,female,75-79,232,0.03424354243542435,0.027538249225254923
2017,E02003585,E06000046,6775,2189,2722,0.8041880969875091,5448.374357090374,male,75-79,235,0.03468634686346864,0.0278943472755815
2017,E02003592,E06000046,9455,3202,3947,0.8112490499113251,7670.359766911579,female,75-79,358,0.03786356425171867,0.030716780525463182
2017,E02003592,E06000046,9455,3202,3947,0.8112490499113251,7670.359766911579,male,75-79,349,0.03691168693812798,0.02994457095918059
2017,E02003597,E06000046,5659,1682,2130,0.7896713615023474,4468.750234741784,female,75-79,143,0.025269482240678567,0.019954586445456033
2017,E02003597,E06000046,5659,1682,2130,0.7896713615023474,4468.750234741784,male,75-79,142,0.025092772574659833,0.019815043882900393
2017,E02003596,E06000046,9008,3081,3694,0.8340552246886843,7513.169463995669,female,75-79,237,0.026309946714031973,0.02194394851811925
2017,E02003596,E06000046,9008,3081,3694,0.8340552246886843,7513.169463995669,male,75-79,215,0.02386767317939609,0.01990695751643729
2017,E02003586,E06000046,7812,2504,3035,0.8250411861614497,6445.221746293245,female,75-79,202,0.025857654889912953,0.021333630261727195
2017,E02003586,E06000046,7812,2504,3035,0.8250411861614497,6445.221746293245,male,75-79,180,0.02304147465437788,0.019010165579756908
2017,E02003582,E06000046,8456,2658,3190,0.8332288401253919,7045.783072100314,female,75-79,240,0.02838221381267739,0.02364887909532806
2017,E02003582,E06000046,8456,2658,3190,0.8332288401253919,7045.783072100314,male,75-79,200,0.023651844843897825,0.019707399246106715
2017,E02003588,E06000046,8372,3089,3662,0.8435281267067176,7062.01747678864,female,75-79,176,0.0210224558050645,0.017733032764020818
2017,E02003588,E06000046,8372,3089,3662,0.8435281267067176,7062.01747678864,male,75-79,152,0.018155757286192068,0.015314891932563435
2017,E02003595,E06000046,7913,2632,3253,0.8090992929603443,6402.402705195204,female,75-79,254,0.03209907746745861,0.02597134088360008
2017,E02003595,E06000046,7913,2632,3253,0.8090992929603443,6402.402705195204,male,75-79,231,0.029192468090484015,0.02361960529177803
2017,E02003587,E06000046,8729,2734,3282,0.8330286410725167,7271.507007921999,female,75-79,154,0.01764234161988773,0.01469657586495218
2017,E02003587,E06000046,8729,2734,3282,0.8330286410725167,7271.507007921999,male,75-79,128,0.014663764463283309,0.012215335783856357
2017,E02003593,E06000046,5340,1623,2027,0.8006906758756783,4275.688209176123,female,75-79,140,0.026217228464419477,0.020991890378763103
2017,E02003593,E06000046,5340,1623,2027,0.8006906758756783,4275.688209176123,male,75-79,147,0.02752808988764045,0.022041484897701257
2017,E02003590,E06000046,7485,2372,2951,0.8037953236191122,6016.407997289055,female,75-79,296,0.039545758183032735,0.031786695496493954
2017,E02003590,E06000046,7485,2372,2951,0.8037953236191122,6016.407997289055,male,75-79,262,0.03500334001336005,0.02813552101378856
2017,E02003589,E06000046,8040,2525,2990,0.8444816053511706,6789.632107023412,female,75-79,125,0.01554726368159204,0.013129378192648797
2017,E02003589,E06000046,8040,2525,2990,0.8444816053511706,6789.632107023412,male,75-79,115,0.014303482587064677,0.012079027937236893
2017,E02003583,E06000046,7178,2435,2950,0.8254237288135593,5924.891525423729,female,75-79,156,0.021733073279465033,0.017938994384914357
2017,E02003583,E06000046,7178,2435,2950,0.8254237288135593,5924.891525423729,male,75-79,162,0.02256896071329061,0.018628955707411063
2017,E02003598,E06000046,7512,2423,2984,0.8119973190348525,6099.723860589812,female,75-79,186,0.02476038338658147,0.020105364928179253
2017,E02003598,E06000046,7512,2423,2984,0.8119973190348525,6099.723860589812,male,75-79,203,0.0270234291799787,0.021942952045270907
2017,E02003584,E06000046,6470,1917,2334,0.8213367609254498,5314.04884318766,female,75-79,115,0.01777434312210201,0.014598721407484812
2017,E02003584,E06000046,6470,1917,2334,0.8213367609254498,5314.04884318766,male,75-79,99,0.015301391035548687,0.012567594950791273
2017,E02003581,E06000046,7902,2580,3114,0.8285163776493256,6546.936416184971,female,75-79,144,0.018223234624145785,0.015098248339851036
2017,E02003581,E06000046,7902,2580,3114,0.8285163776493256,6546.936416184971,male,75-79,111,0.01404707668944571,0.01163823309530184
2017,E02003594,E06000046,9239,3080,3741,0.8233092755947607,7606.554397219995,female,75-79,221,0.02392033769888516,0.01969383590285119
2017,E02003594,E06000046,9239,3080,3741,0.8233092755947607,7606.554397219995,male,75-79,215,0.023270916765883755,0.019159161624945728
2017,E02003591,E06000046,9639,2926,3521,0.831013916500994,8010.143141153081,female,75-79,215,0.022305218383649756,0.018535946887406753
2017,E02003591,E06000046,9639,2926,3521,0.831013916500994,8010.143141153081,male,75-79,194,0.020126569146176988,0.016725459051892606
2017,E02003585,E06000046,6775,2189,2722,0.8041880969875091,5448.374357090374,female,80-84,168,0.024797047970479706,0.01994149081828805
2017,E02003585,E06000046,6775,2189,2722,0.8041880969875091,5448.374357090374,male,80-84,119,0.017564575645756458,0.014125222662954035
2017,E02003592,E06000046,9455,3202,3947,0.8112490499113251,7670.359766911579,female,80-84,250,0.026441036488630356,0.021450265730072055
2017,E02003592,E06000046,9455,3202,3947,0.8112490499113251,7670.359766911579,male,80-84,234,0.024748810153358013,0.020077448723347442
2017,E02003597,E06000046,5659,1682,2130,0.7896713615023474,4468.750234741784,female,80-84,108,0.019084643930022974,0.015070596756008752
2017,E02003597,E06000046,5659,1682,2130,0.7896713615023474,4468.750234741784,male,80-84,108,0.019084643930022974,0.015070596756008752
2017,E02003596,E06000046,9008,3081,3694,0.8340552246886843,7513.169463995669,female,80-84,191,0.021203374777975133,0.01768478551460243
2017,E02003596,E06000046,9008,3081,3694,0.8340552246886843,7513.169463995669,male,80-84,162,0.017984014209591476,0.014999661012385309
2017,E02003586,E06000046,7812,2504,3035,0.8250411861614497,6445.221746293245,female,80-84,148,0.01894521249359959,0.015630580587800123
2017,E02003586,E06000046,7812,2504,3035,0.8250411861614497,6445.221746293245,male,80-84,92,0.011776753712237584,0.009716306851875753
2017,E02003582,E06000046,8456,2658,3190,0.8332288401253919,7045.783072100314,female,80-84,188,0.022232734153263954,0.018524955291340312
2017,E02003582,E06000046,8456,2658,3190,0.8332288401253919,7045.783072100314,male,80-84,124,0.01466414380321665,0.012218587532586162
2017,E02003588,E06000046,8372,3089,3662,0.8435281267067176,7062.01747678864,female,80-84,130,0.015527950310559006,0.013098262837060833
2017,E02003588,E06000046,8372,3089,3662,0.8435281267067176,7062.01747678864,male,80-84,93,0.011108456760630674,0.009370295721897366
2017,E02003595,E06000046,7913,2632,3253,0.8090992929603443,6402.402705195204,female,80-84,179,0.02262100341210666,0.018302637866789033
2017,E02003595,E06000046,7913,2632,3253,0.8090992929603443,6402.402705195204,male,80-84,181,0.022873752053582712,0.018507136613903998
2017,E02003587,E06000046,8729,2734,3282,0.8330286410725167,7271.507007921999,female,80-84,118,0.0135181578645893,0.011261012675742579
2017,E02003587,E06000046,8729,2734,3282,0.8330286410725167,7271.507007921999,male,80-84,80,0.009164852789552067,0.007634584864910222
2017,E02003593,E06000046,5340,1623,2027,0.8006906758756783,4275.688209176123,female,80-84,135,0.025280898876404494,0.02024218000809299
2017,E02003593,E06000046,5340,1623,2027,0.8006906758756783,4275.688209176123,male,80-84,112,0.020973782771535582,0.01679351230301048
2017,E02003590,E06000046,7485,2372,2951,0.8037953236191122,6016.407997289055,female,80-84,247,0.03299933199732799,0.026524708742006776
2017,E02003590,E06000046,7485,2372,2951,0.8037953236191122,6016.407997289055,male,80-84,185,0.024716098864395457,0.01986668468530872
2017,E02003589,E06000046,8040,2525,2990,0.8444816053511706,6789.632107023412,female,80-84,108,0.013432835820895522,0.01134378275844856
2017,E02003589,E06000046,8040,2525,2990,0.8444816053511706,6789.632107023412,male,80-84,82,0.010199004975124378,0.00861287209437761
2017,E02003583,E06000046,7178,2435,2950,0.8254237288135593,5924.891525423729,female,80-84,101,0.014070771802730565,0.011614348928694552
2017,E02003583,E06000046,7178,2435,2950,0.8254237288135593,5924.891525423729,male,80-84,81,0.011284480356645305,0.009314477853705531
2017,E02003598,E06000046,7512,2423,2984,0.8119973190348525,6099.723860589812,female,80-84,154,0.020500532481363153,0.016646377413653792
2017,E02003598,E06000046,7512,2423,2984,0.8119973190348525,6099.723860589812,male,80-84,135,0.017971246006389777,0.0145926035769043
2017,E02003584,E06000046,6470,1917,2334,0.8213367609254498,5314.04884318766,female,80-84,80,0.012364760432766615,0.010155632283467695
2017,E02003584,E06000046,6470,1917,2334,0.8213367609254498,5314.04884318766,male,80-84,57,0.008809891808346213,0.007235888001970733
2017,E02003581,E06000046,7902,2580,3114,0.8285163776493256,6546.936416184971,female,80-84,114,0.01442672741078208,0.011952779935715405
2017,E02003581,E06000046,7902,2580,3114,0.8285163776493256,6546.936416184971,male,80-84,79,0.009997468995191092,0.008283066797557167
2017,E02003594,E06000046,9239,3080,3741,0.8233092755947607,7606.554397219995,female,80-84,162,0.01753436519103799,0.014436205503447477
2017,E02003594,E06000046,9239,3080,3741,0.8233092755947607,7606.554397219995,male,80-84,153,0.01656023379153588,0.013634194086589283
2017,E02003591,E06000046,9639,2926,3521,0.831013916500994,8010.143141153081,female,80-84,130,0.013486876231974271,0.011207781838897108
2017,E02003591,E06000046,9639,2926,3521,0.831013916500994,8010.143141153081,male,80-84,135,0.014005602240896359,0.011638850371162381
2017,E02003585,E06000046,6775,2189,2722,0.8041880969875091,5448.374357090374,female,85-89,118,0.017416974169741698,0.014006523312845178
2017,E02003585,E06000046,6775,2189,2722,0.8041880969875091,5448.374357090374,male,85-89,62,0.00915129151291513,0.007359359706749161
2017,E02003592,E06000046,9455,3202,3947,0.8112490499113251,7670.359766911579,female,85-89,193,0.020412480169222633,0.016559605143615624
2017,E02003592,E06000046,9455,3202,3947,0.8112490499113251,7670.359766911579,male,85-89,123,0.013008989952406135,0.010553530739195452
2017,E02003597,E06000046,5659,1682,2130,0.7896713615023474,4468.750234741784,female,85-89,79,0.013960063615479766,0.01102386244189529
2017,E02003597,E06000046,5659,1682,2130,0.7896713615023474,4468.750234741784,male,85-89,64,0.011309418625198799,0.008930724003560741
2017,E02003596,E06000046,9008,3081,3694,0.8340552246886843,7513.169463995669,female,85-89,152,0.016873889875666074,0.014073756011620782
2017,E02003596,E06000046,9008,3081,3694,0.8340552246886843,7513.169463995669,male,85-89,84,0.009325044404973356,0.007777602006422011
2017,E02003586,E06000046,7812,2504,3035,0.8250411861614497,6445.221746293245,female,85-89,111,0.014208909370199693,0.011722935440850091
2017,E02003586,E06000046,7812,2504,3035,0.8250411861614497,6445.221746293245,male,85-89,53,0.006784434203789043,0.0055974376429284226
2017,E02003582,E06000046,8456,2658,3190,0.8332288401253919,7045.783072100314,female,85-89,102,0.012062440870387891,0.010050773615514425
2017,E02003582,E06000046,8456,2658,3190,0.8332288401253919,7045.783072100314,male,85-89,70,0.008278145695364239,0.006897589736137351
2017,E02003588,E06000046,8372,3089,3662,0.8435281267067176,7062.01747678864,female,85-89,93,0.011108456760630674,0.009370295721897366
2017,E02003588,E06000046,8372,3089,3662,0.8435281267067176,7062.01747678864,male,85-89,52,0.006211180124223602,0.005239305134824333
2017,E02003595,E06000046,7913,2632,3253,0.8090992929603443,6402.402705195204,female,85-89,134,0.016934158978895487,0.013701416056702404
2017,E02003595,E06000046,7913,2632,3253,0.8090992929603443,6402.402705195204,male,85-89,80,0.010109945659042083,0.008179949884598452
2017,E02003587,E06000046,8729,2734,3282,0.8330286410725167,7271.507007921999,female,85-89,95,0.010883262687593081,0.00906606952708089
2017,E02003587,E06000046,8729,2734,3282,0.8330286410725167,7271.507007921999,male,85-89,49,0.0056134723336006415,0.004676183229757512
2017,E02003593,E06000046,5340,1623,2027,0.8006906758756783,4275.688209176123,female,85-89,78,0.014606741573033709,0.01169548178245373
2017,E02003593,E06000046,5340,1623,2027,0.8006906758756783,4275.688209176123,male,85-89,50,0.009363295880149813,0.007497103706701108
2017,E02003590,E06000046,7485,2372,2951,0.8037953236191122,6016.407997289055,female,85-89,177,0.023647294589178358,0.0190075848070251
2017,E02003590,E06000046,7485,2372,2951,0.8037953236191122,6016.407997289055,male,85-89,113,0.01509686038744155,0.012134785780756135
2017,E02003589,E06000046,8040,2525,2990,0.8444816053511706,6789.632107023412,female,85-89,77,0.009577114427860696,0.008087696966671658
2017,E02003589,E06000046,8040,2525,2990,0.8444816053511706,6789.632107023412,male,85-89,35,0.004353233830845771,0.003676225893941663
2017,E02003583,E06000046,7178,2435,2950,0.8254237288135593,5924.891525423729,female,85-89,77,0.010727222067428254,0.008854503638707727
2017,E02003583,E06000046,7178,2435,2950,0.8254237288135593,5924.891525423729,male,85-89,45,0.006269155753691837,0.005174709918725295
2017,E02003598,E06000046,7512,2423,2984,0.8119973190348525,6099.723860589812,female,85-89,123,0.01637380191693291,0.01329548325895725
2017,E02003598,E06000046,7512,2423,2984,0.8119973190348525,6099.723860589812,male,85-89,71,0.009451544195953142,0.007674628547853372
2017,E02003584,E06000046,6470,1917,2334,0.8213367609254498,5314.04884318766,female,85-89,67,0.01035548686244204,0.008505342037404195
2017,E02003584,E06000046,6470,1917,2334,0.8213367609254498,5314.04884318766,male,85-89,39,0.006027820710973725,0.004950870738190501
2017,E02003581,E06000046,7902,2580,3114,0.8285163776493256,6546.936416184971,female,85-89,107,0.013540875727663883,0.011218837308083757
2017,E02003581,E06000046,7902,2580,3114,0.8285163776493256,6546.936416184971,male,85-89,55,0.006960263224500126,0.00576669207424866
2017,E02003594,E06000046,9239,3080,3741,0.8233092755947607,7606.554397219995,female,85-89,119,0.01288018183786124,0.010604373178458332
2017,E02003594,E06000046,9239,3080,3741,0.8233092755947607,7606.554397219995,male,85-89,77,0.00833423530685139,0.006861653233120097
2017,E02003591,E06000046,9639,2926,3521,0.831013916500994,8010.143141153081,female,85-89,116,0.012034443406992426,0.010000789948554342
2017,E02003591,E06000046,9639,2926,3521,0.831013916500994,8010.143141153081,male,85-89,65,0.006743438115987136,0.005603890919448554
2017,E02003585,E06000046,6775,2189,2722,0.8041880969875091,5448.374357090374,female,90+,80,0.011808118081180811,0.009495948008708595
2017,E02003585,E06000046,6775,2189,2722,0.8041880969875091,5448.374357090374,male,90+,38,0.005608856088560886,0.004510575304136582
2017,E02003592,E06000046,9455,3202,3947,0.8112490499113251,7670.359766911579,female,90+,162,0.01713379164463247,0.013899772193086692
2017,E02003592,E06000046,9455,3202,3947,0.8112490499113251,7670.359766911579,male,90+,83,0.008778424114225278,0.0071214882223839225
2017,E02003597,E06000046,5659,1682,2130,0.7896713615023474,4468.750234741784,female,90+,42,0.0074218059727867115,0.0058607876273367365
2017,E02003597,E06000046,5659,1682,2130,0.7896713615023474,4468.750234741784,male,90+,26,0.004594451316487012,0.003628106626446551
2017,E02003596,E06000046,9008,3081,3694,0.8340552246886843,7513.169463995669,female,90+,140,0.015541740674955595,0.012962670010703352
2017,E02003596,E06000046,9008,3081,3694,0.8340552246886843,7513.169463995669,male,90+,40,0.004440497335701598,0.0037036200030581006
2017,E02003586,E06000046,7812,2504,3035,0.8250411861614497,6445.221746293245,female,90+,65,0.008320532514080901,0.006864782014912216
2017,E02003586,E06000046,7812,2504,3035,0.8250411861614497,6445.221746293245,male,90+,25,0.003200204813108039,0.002640300774966237
2017,E02003582,E06000046,8456,2658,3190,0.8332288401253919,7045.783072100314,female,90+,85,0.010052034058656576,0.008375644679595354
2017,E02003582,E06000046,8456,2658,3190,0.8332288401253919,7045.783072100314,male,90+,31,0.0036660359508041626,0.0030546468831465405
2017,E02003588,E06000046,8372,3089,3662,0.8435281267067176,7062.01747678864,female,90+,64,0.007644529383659818,0.006448375550553025
2017,E02003588,E06000046,8372,3089,3662,0.8435281267067176,7062.01747678864,male,90+,41,0.004897276636407071,0.004130990587073032
2017,E02003595,E06000046,7913,2632,3253,0.8090992929603443,6402.402705195204,female,90+,74,0.009351699734613927,0.0075664536432535675
2017,E02003595,E06000046,7913,2632,3253,0.8090992929603443,6402.402705195204,male,90+,37,0.004675849867306963,0.0037832268216267837
2017,E02003587,E06000046,8729,2734,3282,0.8330286410725167,7271.507007921999,female,90+,58,0.006644518272425249,0.005535074027059912
2017,E02003587,E06000046,8729,2734,3282,0.8330286410725167,7271.507007921999,male,90+,20,0.002291213197388017,0.0019086462162275556
2017,E02003593,E06000046,5340,1623,2027,0.8006906758756783,4275.688209176123,female,90+,62,0.011610486891385767,0.009296408596309372
2017,E02003593,E06000046,5340,1623,2027,0.8006906758756783,4275.688209176123,male,90+,21,0.003932584269662922,0.0031487835568144657
2017,E02003590,E06000046,7485,2372,2951,0.8037953236191122,6016.407997289055,female,90+,128,0.017100868403473614,0.013745598052537925
2017,E02003590,E06000046,7485,2372,2951,0.8037953236191122,6016.407997289055,male,90+,70,0.009352037408149633,0.007517123934981678
2017,E02003589,E06000046,8040,2525,2990,0.8444816053511706,6789.632107023412,female,90+,29,0.003606965174129353,0.0030460157406945205
2017,E02003589,E06000046,8040,2525,2990,0.8444816053511706,6789.632107023412,male,90+,12,0.0014925373134328358,0.0012604203064942845
2017,E02003583,E06000046,7178,2435,2950,0.8254237288135593,5924.891525423729,female,90+,62,0.008637503482864307,0.007129600332465962
2017,E02003583,E06000046,7178,2435,2950,0.8254237288135593,5924.891525423729,male,90+,27,0.0037614934522151016,0.003104825951235177
2017,E02003598,E06000046,7512,2423,2984,0.8119973190348525,6099.723860589812,female,90+,61,0.008120340788072418,0.006593694949564165
2017,E02003598,E06000046,7512,2423,2984,0.8119973190348525,6099.723860589812,male,90+,31,0.004126730564430245,0.0033508941546965426
2017,E02003584,E06000046,6470,1917,2334,0.8213367609254498,5314.04884318766,female,90+,62,0.009582689335394128,0.007870615019687464
2017,E02003584,E06000046,6470,1917,2334,0.8213367609254498,5314.04884318766,male,90+,17,0.0026275115919629057,0.0021580718602368853
2017,E02003581,E06000046,7902,2580,3114,0.8285163776493256,6546.936416184971,female,90+,48,0.006074411541381929,0.005032749446617012
2017,E02003581,E06000046,7902,2580,3114,0.8285163776493256,6546.936416184971,male,90+,34,0.004302708175145533,0.003564864191353717
2017,E02003594,E06000046,9239,3080,3741,0.8233092755947607,7606.554397219995,female,90+,104,0.011256629505357723,0.009267687483694676
2017,E02003594,E06000046,9239,3080,3741,0.8233092755947607,7606.554397219995,male,90+,68,0.0073601039073492806,0.006059641816261905
2017,E02003591,E06000046,9639,2926,3521,0.831013916500994,8010.143141153081,female,90+,88,0.009129577757028738,0.0075868061678688115
2017,E02003591,E06000046,9639,2926,3521,0.831013916500994,8010.143141153081,male,90+,45,0.004668534080298786,0.00387961679038746
