year,ltla,ppln_ltla,total_trust_patients,patients_from_ltla_to_trust,total_patients_of_ltla,tfp_ltla,etc_ltla,sex,ag,ag_ppln_ltla,agf_ppln_ltla,ag_trust_factor,ltla_frac_tp,ag_ltla_frac_tp
2014,E06000023,443791,77156,8,165960,4.8204386599180526e-05,21.392672933236923,female,0-4,15149,0.03413543762717135,1.6454778321123812e-06,0.00010368603867489243,3.5393683059952663e-06
2014,E06000023,443791,77156,8,165960,4.8204386599180526e-05,21.392672933236923,male,0-4,15919,0.03587048858584334,1.7291148992934847e-06,0.00010368603867489243,3.7192688667990397e-06
2014,E06000054,484560,77156,66,174957,0.000377235549306401,182.79325777190968,female,0-4,14001,0.02889425458147598,1.0899939998842085e-05,0.0008554098190678625,2.4716429083641124e-05
2014,E06000054,484560,77156,66,174957,0.000377235549306401,182.79325777190968,male,0-4,14609,0.030149001155687635,1.1373275012005144e-05,0.0008554098190678625,2.5789751623663536e-05
2014,E06000058,388358,77156,1072,180982,0.005923240985291355,2300.33802256578,female,0-4,10573,0.02722488013636902,0.00016125952584338549,0.013893929182435585,0.0003782605566150084
2014,E06000058,388358,77156,1072,180982,0.005923240985291355,2300.33802256578,male,0-4,11297,0.029089139402304058,0.00017230198273458108,0.013893929182435585,0.0004041624428336092
2014,E06000059,369485,77156,72609,162633,0.4464592056962609,164959.97961668295,female,0-4,8453,0.022877789355454214,0.01021399966372246,0.941067447768158,0.021529542839314828
2014,E06000059,369485,77156,72609,162633,0.4464592056962609,164959.97961668295,male,0-4,8846,0.023941431993179697,0.010688872710906057,0.941067447768158,0.022530502301736543
2014,E07000040,136518,77156,641,57819,0.011086321105518947,1513.4823846832358,female,0-4,2968,0.02174072283508402,0.00024102463441582969,0.008307843848825755,0.0001806185304744784
2014,E07000040,136518,77156,641,57819,0.011086321105518947,1513.4823846832358,male,0-4,3296,0.024143336409850717,0.0002676607799981721,0.008307843848825755,0.00020057906888270918
2014,E07000091,179014,77156,48,66334,0.0007236108179817289,129.5364669701812,female,0-4,4271,0.02385846917000905,1.7264246391902106e-05,0.0006221162320493546,1.4842740942511721e-05
2014,E07000091,179014,77156,48,66334,0.0007236108179817289,129.5364669701812,male,0-4,4402,0.024590255510742176,1.779377490450786e-05,0.0006221162320493546,1.52979971034738e-05
2014,E07000187,111091,77156,97,31667,0.0030631256513089337,340.28569172956077,female,0-4,2939,0.026455788497718086,8.103740437296411e-05,0.0012571932189330707,3.3260037900858704e-05
2014,E07000187,111091,77156,97,31667,0.0030631256513089337,340.28569172956077,male,0-4,2947,0.026527801532077306,8.125798934573843e-05,0.0012571932189330707,3.3350572199329914e-05
2014,E07000189,164834,77156,2615,50800,0.051476377952755906,8485.057283464566,female,0-4,4498,0.02728805950228715,0.0014046904645370255,0.03389237389185546,0.0009248571154347153
2014,E07000189,164834,77156,2615,50800,0.051476377952755906,8485.057283464566,male,0-4,4556,0.027639928655495832,0.0014228034140575118,0.03389237389185546,0.0009367827963362745
2014,E06000023,443791,77156,8,165960,4.8204386599180526e-05,21.392672933236923,female,5-9,12859,0.02897535100982219,1.3967390219244248e-06,0.00010368603867489243,3.004339365423007e-06
2014,E06000023,443791,77156,8,165960,4.8204386599180526e-05,21.392672933236923,male,5-9,13193,0.02972795752955783,1.4330179575588252e-06,0.00010368603867489243,3.0823741541352927e-06
2014,E06000054,484560,77156,66,174957,0.000377235549306401,182.79325777190968,female,5-9,14282,0.029474162126465246,1.1118701740123037e-05,0.0008554098190678625,2.521248769177648e-05
2014,E06000054,484560,77156,66,174957,0.000377235549306401,182.79325777190968,male,5-9,14981,0.03091670794122503,1.1662881302953595e-05,0.0008554098190678625,2.644645554617725e-05
2014,E06000058,388358,77156,1072,180982,0.005923240985291355,2300.33802256578,female,5-9,9848,0.0253580459266965,0.0001502018169399092,0.013893929182435585,0.0003523228943104703
2014,E06000058,388358,77156,1072,180982,0.005923240985291355,2300.33802256578,male,5-9,10545,0.027152781711719597,0.0001608324694995271,0.013893929182435585,0.00037725882620876416
2014,E06000059,369485,77156,72609,162633,0.4464592056962609,164959.97961668295,female,5-9,9148,0.0247587858776405,0.01105378787693518,0.941067447768158,0.023299687435709458
2014,E06000059,369485,77156,72609,162633,0.4464592056962609,164959.97961668295,male,5-9,9479,0.025654627386768068,0.011453744565530014,0.941067447768158,0.024142734718308915
2014,E07000040,136518,77156,641,57819,0.011086321105518947,1513.4823846832358,female,5-9,3257,0.023857659795777846,0.0002644936773222228,0.008307843848825755,0.0001982057121817305
2014,E07000040,136518,77156,641,57819,0.011086321105518947,1513.4823846832358,male,5-9,3471,0.025425218652485388,0.0002818721381594828,0.008307843848825755,0.00021122874638710058
2014,E07000091,179014,77156,48,66334,0.0007236108179817289,129.5364669701812,female,5-9,4490,0.02508183717474611,1.8149488714502567e-05,0.0006221162320493546,1.560381803602848e-05
2014,E07000091,179014,77156,48,66334,0.0007236108179817289,129.5364669701812,male,5-9,4718,0.026355480576938116,1.9071110858579756e-05,0.0006221162320493546,1.639617227037469e-05
2014,E07000187,111091,77156,97,31667,0.0030631256513089337,340.28569172956077,female,5-9,3019,0.02717591884131028,8.324325410070727e-05,0.0012571932189330707,3.416538088557075e-05
2014,E07000187,111091,77156,97,31667,0.0030631256513089337,340.28569172956077,male,5-9,3197,0.0287782088558029,8.815126974493578e-05,0.0012571932189330707,3.617976902655505e-05
2014,E07000189,164834,77156,2615,50800,0.051476377952755906,8485.057283464566,female,5-9,4461,0.027063591249378162,0.0013931356519118877,0.03389237389185546,0.0009172493534802724
2014,E07000189,164834,77156,2615,50800,0.051476377952755906,8485.057283464566,male,5-9,4691,0.02845893444313673,0.0014649628655276092,0.03389237389185546,0.0009645408467105934
2014,E06000023,443791,77156,8,165960,4.8204386599180526e-05,21.392672933236923,female,10-14,10561,0.023797237889006312,1.147131255194327e-06,0.00010368603867489243,2.467441328115124e-06
2014,E06000023,443791,77156,8,165960,4.8204386599180526e-05,21.392672933236923,male,10-14,10810,0.024358312809408034,1.174177527568476e-06,0.00010368603867489243,2.525616964011409e-06
2014,E06000054,484560,77156,66,174957,0.000377235549306401,182.79325777190968,female,10-14,13800,0.02847944526993561,1.0743459180345745e-05,0.0008554098190678625,2.4361597125508713e-05
2014,E06000054,484560,77156,66,174957,0.000377235549306401,182.79325777190968,male,10-14,14126,0.029152220571239888,1.0997253940693043e-05,0.0008554098190678625,2.4937095724270733e-05
2014,E06000058,388358,77156,1072,180982,0.005923240985291355,2300.33802256578,female,10-14,8851,0.022790827020429602,0.00013499556069609427,0.013893929182435585,0.0003166541366309883
2014,E06000058,388358,77156,1072,180982,0.005923240985291355,2300.33802256578,male,10-14,9370,0.024127222820181378,0.00014291135506975522,0.013893929182435585,0.00033522192523244385
2014,E06000059,369485,77156,72609,162633,0.4464592056962609,164959.97961668295,female,10-14,9220,0.024953651704399366,0.011140787519167288,0.941067447768158,0.023483069321954656
2014,E06000059,369485,77156,72609,162633,0.4464592056962609,164959.97961668295,male,10-14,9945,0.026915842321068514,0.012016825583310053,0.941067447768158,0.02532962303761812
2014,E07000040,136518,77156,641,57819,0.011086321105518947,1513.4823846832358,female,10-14,3239,0.023725809050821136,0.00026303193762563083,0.008307843848825755,0.0001971103167812788
2014,E07000040,136518,77156,641,57819,0.011086321105518947,1513.4823846832358,male,10-14,3485,0.02552776923189616,0.0002830090468123876,0.008307843848825755,0.0002120807205874519
2014,E07000091,179014,77156,48,66334,0.0007236108179817289,129.5364669701812,female,10-14,4411,0.024640530908197126,1.7830154725984595e-05,0.0006221162320493546,1.5329274244303257e-05
2014,E07000091,179014,77156,48,66334,0.0007236108179817289,129.5364669701812,male,10-14,4643,0.025936518931480218,1.8767945679606995e-05,0.0006221162320493546,1.6135529430129227e-05
2014,E07000187,111091,77156,97,31667,0.0030631256513089337,340.28569172956077,female,10-14,3024,0.027220926987784787,8.338111970869121e-05,0.0012571932189330707,3.422196482211525e-05
2014,E07000187,111091,77156,97,31667,0.0030631256513089337,340.28569172956077,male,10-14,3324,0.0299214157762555,9.165305618772804e-05,0.0012571932189330707,3.761700101478541e-05
2014,E07000189,164834,77156,2615,50800,0.051476377952755906,8485.057283464566,female,10-14,4371,0.026517587390950895,0.0013650293509318227,0.03389237389185546,0.0008987439865640597
2014,E07000189,164834,77156,2615,50800,0.051476377952755906,8485.057283464566,male,10-14,4427,0.026857323125083418,0.0013825177159860855,0.03389237389185546,0.0009102584370897031
2014,E06000023,443791,77156,8,165960,4.8204386599180526e-05,21.392672933236923,female,15-19,13222,0.0297933036046247,1.4361679250240878e-06,0.00010368603867489243,3.0891496298019286e-06
2014,E06000023,443791,77156,8,165960,4.8204386599180526e-05,21.392672933236923,male,15-19,13102,0.02952290605262387,1.4231335768919676e-06,0.00010368603867489243,3.061113178767574e-06
2014,E06000054,484560,77156,66,174957,0.000377235549306401,182.79325777190968,female,15-19,14073,0.02904284299157999,1.0955992829348237e-05,0.0008554098190678625,2.4843533068643778e-05
2014,E06000054,484560,77156,66,174957,0.000377235549306401,182.79325777190968,male,15-19,14737,0.030413158329205877,1.1472924488460523e-05,0.0008554098190678625,2.6015714263668255e-05
2014,E06000058,388358,77156,1072,180982,0.005923240985291355,2300.33802256578,female,15-19,10795,0.02779651764608943,0.0001646454725696913,0.013893929182435585,0.00038620284769308764
2014,E06000058,388358,77156,1072,180982,0.005923240985291355,2300.33802256578,male,15-19,10786,0.02777334315245212,0.0001645082044591654,0.013893929182435585,0.00038588086291965203
2014,E06000059,369485,77156,72609,162633,0.4464592056962609,164959.97961668295,female,15-19,9886,0.026756160601918887,0.011945534209814297,0.941067447768158,0.02517935176972275
2014,E06000059,369485,77156,72609,162633,0.4464592056962609,164959.97961668295,male,15-19,11101,0.03004452142847477,0.013413653172481136,0.941067447768158,0.028273921100110483
2014,E07000040,136518,77156,641,57819,0.011086321105518947,1513.4823846832358,female,15-19,3529,0.02585007105290145,0.00028658218829294576,0.008307843848825755,0.00021475835378855602
2014,E07000040,136518,77156,641,57819,0.011086321105518947,1513.4823846832358,male,15-19,3811,0.02791573272388989,0.0003094827768728864,0.008307843848825755,0.00023191954839563248
2014,E07000091,179014,77156,48,66334,0.0007236108179817289,129.5364669701812,female,15-19,4623,0.02582479582602478,1.868710163188093e-05,0.0006221162320493546,1.6066024672730437e-05
2014,E07000091,179014,77156,48,66334,0.0007236108179817289,129.5364669701812,male,15-19,5039,0.028148636419497917,2.0368657824583172e-05,0.0006221162320493546,1.751172362662528e-05
2014,E07000187,111091,77156,97,31667,0.0030631256513089337,340.28569172956077,female,15-19,3564,0.03208180680703207,9.82706053709575e-05,0.0012571932189330707,4.0333029968921545e-05
2014,E07000187,111091,77156,97,31667,0.0030631256513089337,340.28569172956077,male,15-19,3881,0.034935323293516125,0.00010701128491713975,0.0012571932189330707,4.392045154584302e-05
2014,E07000189,164834,77156,2615,50800,0.051476377952755906,8485.057283464566,female,15-19,4561,0.027670262203186236,0.0014243648752230711,0.03389237389185546,0.0009378108722760642
2014,E07000189,164834,77156,2615,50800,0.051476377952755906,8485.057283464566,male,15-19,4771,0.02894427120618319,0.001489946244176556,0.03389237389185546,0.0009809900617472268
2014,E06000023,443791,77156,8,165960,4.8204386599180526e-05,21.392672933236923,female,20-24,23502,0.052957360559362406,2.5527770816757003e-06,0.00010368603867489243,5.490938935078273e-06
2014,E06000023,443791,77156,8,165960,4.8204386599180526e-05,21.392672933236923,male,20-24,23174,0.052218273917226804,2.5171498634479057e-06,0.00010368603867489243,5.414305968917705e-06
2014,E06000054,484560,77156,66,174957,0.000377235549306401,182.79325777190968,female,20-24,11053,0.022810384678883935,8.604887994229095e-06,0.0008554098190678625,1.9512227031032448e-05
2014,E06000054,484560,77156,66,174957,0.000377235549306401,182.79325777190968,male,20-24,13399,0.02765189037477299,1.0431276054887871e-05,0.0008554098190678625,2.365369854236893e-05
2014,E06000058,388358,77156,1072,180982,0.005923240985291355,2300.33802256578,female,20-24,13261,0.03414632890271348,0.00020225693485379124,0.013893929182435585,0.0004744266756144544
2014,E06000058,388358,77156,1072,180982,0.005923240985291355,2300.33802256578,male,20-24,14016,0.036090411424510374,0.0002137722041256872,0.013893929182435585,0.0005014376204971114
2014,E06000059,369485,77156,72609,162633,0.4464592056962609,164959.97961668295,female,20-24,7519,0.020349946547221134,0.009085420971433715,0.941067447768158,0.019150672259411833
2014,E06000059,369485,77156,72609,162633,0.4464592056962609,164959.97961668295,male,20-24,9214,0.024937412885502795,0.01113353754898128,0.941067447768158,0.02346778749810089
2014,E07000040,136518,77156,641,57819,0.011086321105518947,1513.4823846832358,female,20-24,2544,0.018634905287214874,0.00020659254378499687,0.008307843848825755,0.00015481588326383863
2014,E07000040,136518,77156,641,57819,0.011086321105518947,1513.4823846832358,male,20-24,3223,0.023608608388637396,0.0002617326134508824,0.008307843848825755,0.00019613663198087732
2014,E07000091,179014,77156,48,66334,0.0007236108179817289,129.5364669701812,female,20-24,3843,0.02146759471326265,1.5534183770564224e-05,0.0006221162320493546,1.3355339134177604e-05
2014,E07000091,179014,77156,48,66334,0.0007236108179817289,129.5364669701812,male,20-24,4086,0.022825030444546236,1.6516438950435965e-05,0.0006221162320493546,1.419982193657291e-05
2014,E07000187,111091,77156,97,31667,0.0030631256513089337,340.28569172956077,female,20-24,2458,0.022126004806870044,6.77747328849084e-05,0.0012571932189330707,2.7816663205277547e-05
2014,E07000187,111091,77156,97,31667,0.0030631256513089337,340.28569172956077,male,20-24,2785,0.02506953758630312,7.679114364705854e-05,0.0012571932189330707,3.1517252655288025e-05
2014,E07000189,164834,77156,2615,50800,0.051476377952755906,8485.057283464566,female,20-24,3872,0.023490299331448607,0.0012091955266090178,0.03389237389185546,0.0007961420077730586
2014,E07000189,164834,77156,2615,50800,0.051476377952755906,8485.057283464566,male,20-24,4374,0.02653578751956514,0.0013659662276311582,0.03389237389185546,0.0008993608321279335
2014,E06000023,443791,77156,8,165960,4.8204386599180526e-05,21.392672933236923,female,25-29,21175,0.04771390136347966,2.3000193474803405e-06,0.00010368603867489243,4.947265422103754e-06
2014,E06000023,443791,77156,8,165960,4.8204386599180526e-05,21.392672933236923,male,25-29,22485,0.05066574130615537,2.4423109812559833e-06,0.00010368603867489243,5.253330012562121e-06
2014,E06000054,484560,77156,66,174957,0.000377235549306401,182.79325777190968,female,25-29,12611,0.026025672775301305,9.817808965459434e-06,0.0008554098190678625,2.2262616039839883e-05
2014,E06000054,484560,77156,66,174957,0.000377235549306401,182.79325777190968,male,25-29,14787,0.03051634472511144,1.1511850065200907e-05,0.0008554098190678625,2.6103980919920097e-05
2014,E06000058,388358,77156,1072,180982,0.005923240985291355,2300.33802256578,female,25-29,12091,0.03113364472986265,0.00018441208048542267,0.013893929182435585,0.00043256865506782055
2014,E06000058,388358,77156,1072,180982,0.005923240985291355,2300.33802256578,male,25-29,12540,0.03228979446799087,0.0001912602339994376,0.013893929182435585,0.0004486321176536655
2014,E06000059,369485,77156,72609,162633,0.4464592056962609,164959.97961668295,female,25-29,7846,0.02123496217708432,0.009480544346571208,0.941067447768158,0.019983531659442107
2014,E06000059,369485,77156,72609,162633,0.4464592056962609,164959.97961668295,male,25-29,8616,0.02331894393547776,0.01041095718710904,0.941067447768158,0.02194469905400882
2014,E07000040,136518,77156,641,57819,0.011086321105518947,1513.4823846832358,female,25-29,2692,0.01971901141241448,0.00021861129240141963,0.008307843848825755,0.0001638224676675525
2014,E07000040,136518,77156,641,57819,0.011086321105518947,1513.4823846832358,male,25-29,3084,0.022590427635916142,0.0002504447346827556,0.008307843848825755,0.00018767774527738925
2014,E07000091,179014,77156,48,66334,0.0007236108179817289,129.5364669701812,female,25-29,4084,0.022813858134000692,1.6508354545663358e-05,0.0006221162320493546,1.419287146083303e-05
2014,E07000091,179014,77156,48,66334,0.0007236108179817289,129.5364669701812,male,25-29,3997,0.02232786262526953,1.6156682938054957e-05,0.0006221162320493546,1.389052576614829e-05
2014,E07000187,111091,77156,97,31667,0.0030631256513089337,340.28569172956077,female,25-29,2846,0.025618636973292166,7.84731040644627e-05,0.0012571932189330707,3.2207576681130954e-05
2014,E07000187,111091,77156,97,31667,0.0030631256513089337,340.28569172956077,male,25-29,2687,0.024187377915402687,7.408897773057318e-05,0.0012571932189330707,3.040820749901577e-05
2014,E07000189,164834,77156,2615,50800,0.051476377952755906,8485.057283464566,female,25-29,4428,0.0268633898346215,0.0013828300082191973,0.03389237389185546,0.0009104640522776611
2014,E07000189,164834,77156,2615,50800,0.051476377952755906,8485.057283464566,male,25-29,4642,0.028161665675770775,0.0014496605461051294,0.03389237389185546,0.0009544657025006555
2014,E06000023,443791,77156,8,165960,4.8204386599180526e-05,21.392672933236923,female,30-34,19213,0.0432929013882661,2.0869077555201783e-06,0.00010368603867489243,4.488869447692063e-06
2014,E06000023,443791,77156,8,165960,4.8204386599180526e-05,21.392672933236923,male,30-34,20180,0.04547185499480611,2.1919428775515118e-06,0.00010368603867489243,4.714796515610567e-06
2014,E06000054,484560,77156,66,174957,0.000377235549306401,182.79325777190968,female,30-34,13477,0.027812861152385668,1.0491999954602868e-05,0.0008554098190678625,2.3791394526121804e-05
2014,E06000054,484560,77156,66,174957,0.000377235549306401,182.79325777190968,male,30-34,13522,0.02790572890870068,1.0527032973669215e-05,0.0008554098190678625,2.3870834516748467e-05
2014,E06000058,388358,77156,1072,180982,0.005923240985291355,2300.33802256578,female,30-34,13073,0.03366223948006736,0.00019938955654502774,0.013893929182435585,0.00046770077145824314
2014,E06000058,388358,77156,1072,180982,0.005923240985291355,2300.33802256578,male,30-34,13558,0.03491108719274484,0.00020678678250114635,0.013893929182435585,0.00048505217313783076
2014,E06000059,369485,77156,72609,162633,0.4464592056962609,164959.97961668295,female,30-34,8266,0.02237167949984438,0.009988042259591845,0.941067447768158,0.02105325932920577
2014,E06000059,369485,77156,72609,162633,0.4464592056962609,164959.97961668295,male,30-34,7752,0.020980554014371353,0.009366961480323732,0.941067447768158,0.01974411641906643
2014,E07000040,136518,77156,641,57819,0.011086321105518947,1513.4823846832358,female,30-34,2942,0.021550271759035438,0.0002389132326318635,0.008307843848825755,0.00017903629267382594
2014,E07000040,136518,77156,641,57819,0.011086321105518947,1513.4823846832358,male,30-34,2785,0.020400240261357477,0.00022616361416714478,0.008307843848825755,0.00016948201056988624
2014,E07000091,179014,77156,48,66334,0.0007236108179817289,129.5364669701812,female,30-34,4110,0.022959098171092762,1.661345180770725e-05,0.0006221162320493546,1.4283227645451457e-05
2014,E07000091,179014,77156,48,66334,0.0007236108179817289,129.5364669701812,male,30-34,3799,0.021221803881260683,1.535632686556687e-05,0.0006221162320493546,1.3202428667900265e-05
2014,E07000187,111091,77156,97,31667,0.0030631256513089337,340.28569172956077,female,30-34,2748,0.024736477302391733,7.577093814797733e-05,0.0012571932189330707,3.1098531524858706e-05
2014,E07000187,111091,77156,97,31667,0.0030631256513089337,340.28569172956077,male,30-34,2613,0.023521257347579913,7.204856673241077e-05,0.0012571932189330707,2.957076523815713e-05
2014,E07000189,164834,77156,2615,50800,0.051476377952755906,8485.057283464566,female,30-34,4096,0.024849242267978695,0.0012791489868260687,0.03389237389185546,0.0008421998098756323
2014,E07000189,164834,77156,2615,50800,0.051476377952755906,8485.057283464566,male,30-34,4088,0.024800708591674048,0.001276650648961174,0.03389237389185546,0.000840554888371969
2014,E06000023,443791,77156,8,165960,4.8204386599180526e-05,21.392672933236923,female,35-39,14667,0.03304934079330135,1.593123200448366e-06,0.00010368603867489243,3.4267552276739437e-06
2014,E06000023,443791,77156,8,165960,4.8204386599180526e-05,21.392672933236923,male,35-39,16229,0.03656901559517881,1.7627869653014613e-06,0.00010368603867489243,3.7916963653044544e-06
2014,E06000054,484560,77156,66,174957,0.000377235549306401,182.79325777190968,female,35-39,13776,0.02842991579990094,1.072477490351036e-05,0.0008554098190678625,2.431922913050783e-05
2014,E06000054,484560,77156,66,174957,0.000377235549306401,182.79325777190968,male,35-39,13120,0.027076110285619945,1.0214071336676533e-05,0.0008554098190678625,2.3161170600483648e-05
2014,E06000058,388358,77156,1072,180982,0.005923240985291355,2300.33802256578,female,35-39,11443,0.02946508118797604,0.00017452877652755698,0.013893929182435585,0.0004093857513804541
2014,E06000058,388358,77156,1072,180982,0.005923240985291355,2300.33802256578,male,35-39,12403,0.03193702717595621,0.00018917070831698764,0.013893929182435585,0.0004437307938802563
2014,E06000059,369485,77156,72609,162633,0.4464592056962609,164959.97961668295,female,35-39,8583,0.023229630431546612,0.01037108235108599,0.941067447768158,0.021860649022813105
2014,E06000059,369485,77156,72609,162633,0.4464592056962609,164959.97961668295,male,35-39,8360,0.022626087662557342,0.01010162512583932,0.941067447768158,0.021292674569581446
2014,E07000040,136518,77156,641,57819,0.011086321105518947,1513.4823846832358,female,35-39,3102,0.022722278380872853,0.0002519064743793476,0.008307843848825755,0.00018877314067784098
2014,E07000040,136518,77156,641,57819,0.011086321105518947,1513.4823846832358,male,35-39,2914,0.021345170600213893,0.00023663941532605382,0.008307843848825755,0.00017733234427312334
2014,E07000091,179014,77156,48,66334,0.0007236108179817289,129.5364669701812,female,35-39,4554,0.025439351112203516,1.840818966722599e-05,0.0006221162320493546,1.582623325970461e-05
2014,E07000091,179014,77156,48,66334,0.0007236108179817289,129.5364669701812,male,35-39,4028,0.022501033438725462,1.6281991212030364e-05,0.0006221162320493546,1.3998258140116417e-05
2014,E07000187,111091,77156,97,31667,0.0030631256513089337,340.28569172956077,female,35-39,2885,0.025969700515793358,7.954845580673748e-05,0.0012571932189330707,3.264893138617808e-05
2014,E07000187,111091,77156,97,31667,0.0030631256513089337,340.28569172956077,male,35-39,2642,0.02378230459713208,7.284818725871765e-05,0.0012571932189330707,2.9898952070115244e-05
2014,E07000189,164834,77156,2615,50800,0.051476377952755906,8485.057283464566,female,35-39,4176,0.025334579031025154,0.0013041323654750152,0.03389237389185546,0.0008586490249122658
2014,E07000189,164834,77156,2615,50800,0.051476377952755906,8485.057283464566,male,35-39,4056,0.024606573886455464,0.0012666572975015952,0.03389237389185546,0.0008339752023573155
2014,E06000023,443791,77156,8,165960,4.8204386599180526e-05,21.392672933236923,female,40-44,13474,0.030361138463826442,1.4635400561015399e-06,0.00010368603867489243,3.1480261769740725e-06
2014,E06000023,443791,77156,8,165960,4.8204386599180526e-05,21.392672933236923,male,40-44,14359,0.03235532040983256,1.5596683735759246e-06,0.00010368603867489243,3.354795003352435e-06
2014,E06000054,484560,77156,66,174957,0.000377235549306401,182.79325777190968,female,40-44,17717,0.03656306752517748,1.379288886218736e-05,0.0008554098190678625,3.127640697627811e-05
2014,E06000054,484560,77156,66,174957,0.000377235549306401,182.79325777190968,male,40-44,16537,0.03412786858180617,1.2874245251114316e-05,0.0008554098190678625,2.9193313888734605e-05
2014,E06000058,388358,77156,1072,180982,0.005923240985291355,2300.33802256578,female,40-44,12376,0.031867503695044264,0.00018875890398540988,0.013893929182435585,0.00044276483955994934
2014,E06000058,388358,77156,1072,180982,0.005923240985291355,2300.33802256578,male,40-44,13021,0.033528342405718434,0.00019859645190643357,0.013893929182435585,0.0004658404149895039
2014,E06000059,369485,77156,72609,162633,0.4464592056962609,164959.97961668295,female,40-44,11375,0.030786094158084903,0.013744735144308884,0.941067447768158,0.028971791056099157
2014,E06000059,369485,77156,72609,162633,0.4464592056962609,164959.97961668295,male,40-44,10804,0.02924069989309444,0.013054779648273685,0.941067447768158,0.027517470819349035
2014,E07000040,136518,77156,641,57819,0.011086321105518947,1513.4823846832358,female,40-44,4280,0.03135117713415081,0.00034756921674519915,0.008307843848825755,0.0002604606841074015
2014,E07000040,136518,77156,641,57819,0.011086321105518947,1513.4823846832358,male,40-44,3795,0.027798532061706148,0.000308183452698138,0.008307843848825755,0.00023094586359523095
2014,E07000091,179014,77156,48,66334,0.0007236108179817289,129.5364669701812,female,40-44,5767,0.032215357458075904,2.3311381161812095e-05,0.0006221162320493546,2.0041696795941255e-05
2014,E07000091,179014,77156,48,66334,0.0007236108179817289,129.5364669701812,male,40-44,5141,0.028718424257320657,2.0780962467986126e-05,0.0006221162320493546,1.7866197889359113e-05
2014,E07000187,111091,77156,97,31667,0.0030631256513089337,340.28569172956077,female,40-44,3936,0.03543041290473576,0.00010852780660496317,0.0012571932189330707,4.454287484783256e-05
2014,E07000187,111091,77156,97,31667,0.0030631256513089337,340.28569172956077,male,40-44,3536,0.03182976118677481,9.74985579662474e-05,0.0012571932189330707,4.0016159924272336e-05
2014,E07000189,164834,77156,2615,50800,0.051476377952755906,8485.057283464566,female,40-44,5248,0.0318380916558477,0.0016389096393709004,0.03389237389185546,0.0010790685064031539
2014,E07000189,164834,77156,2615,50800,0.051476377952755906,8485.057283464566,male,40-44,5105,0.030970552191902156,0.0015942518500359083,0.03389237389185546,0.0010496655345251715
2014,E06000023,443791,77156,8,165960,4.8204386599180526e-05,21.392672933236923,female,45-49,13336,0.03005018127902549,1.4485505557496018e-06,0.00010368603867489243,3.115784258284565e-06
2014,E06000023,443791,77156,8,165960,4.8204386599180526e-05,21.392672933236923,male,45-49,13713,0.03089968025489476,1.4895001327980121e-06,0.00010368603867489243,3.203865441950828e-06
2014,E06000054,484560,77156,66,174957,0.000377235549306401,182.79325777190968,female,45-49,19130,0.03947911507346871,1.4892925660870585e-05,0.0008554098190678625,3.3770822681955196e-05
2014,E06000054,484560,77156,66,174957,0.000377235549306401,182.79325777190968,male,45-49,18292,0.03774971107809146,1.4240532994701764e-05,0.0008554098190678625,3.2291473523174305e-05
2014,E06000058,388358,77156,1072,180982,0.005923240985291355,2300.33802256578,female,45-49,13233,0.03407423047806406,0.00020182987850993287,0.013893929182435585,0.00047342494520821027
2014,E06000058,388358,77156,1072,180982,0.005923240985291355,2300.33802256578,male,45-49,13753,0.03541320122155331,0.00020976092489587443,0.013893929182435585,0.000492028509895603
2014,E06000059,369485,77156,72609,162633,0.4464592056962609,164959.97961668295,female,45-49,13264,0.035898615640689066,0.01602726742453741,0.941067447768158,0.03378301859939334
2014,E06000059,369485,77156,72609,162633,0.4464592056962609,164959.97961668295,male,45-49,12715,0.03441276371165271,0.015363895152517579,0.941067447768158,0.032384731716773696
2014,E07000040,136518,77156,641,57819,0.011086321105518947,1513.4823846832358,female,45-49,4917,0.03601722849734101,0.0003992985604523701,0.008307843848825755,0.0002992255102233862
2014,E07000040,136518,77156,641,57819,0.011086321105518947,1513.4823846832358,male,45-49,4542,0.033270337977409574,0.00036884565010670433,0.008307843848825755,0.00027640477271397603
2014,E07000091,179014,77156,48,66334,0.0007236108179817289,129.5364669701812,female,45-49,6687,0.03735462030902611,2.7030207357211283e-05,0.0006221162320493546,2.323891563628562e-05
2014,E07000091,179014,77156,48,66334,0.0007236108179817289,129.5364669701812,male,45-49,6175,0.034494508809366865,2.496059973542391e-05,0.0006221162320493546,2.1459593846876583e-05
2014,E07000187,111091,77156,97,31667,0.0030631256513089337,340.28569172956077,female,45-49,4516,0.04065135789577914,0.00012452021713110103,0.0012571932189330707,5.110661148699487e-05
2014,E07000187,111091,77156,97,31667,0.0030631256513089337,340.28569172956077,male,45-49,4180,0.037626810452691936,0.00011525564827457978,0.0012571932189330707,4.730417095120428e-05
2014,E07000189,164834,77156,2615,50800,0.051476377952755906,8485.057283464566,female,45-49,5958,0.036145455427885026,0.0018606371248803021,0.03389237389185546,0.0012250552898532758
2014,E07000189,164834,77156,2615,50800,0.051476377952755906,8485.057283464566,male,45-49,5777,0.03504738100149241,0.0018041122306870602,0.03389237389185546,0.0011878389408328926
2014,E06000023,443791,77156,8,165960,4.8204386599180526e-05,21.392672933236923,female,50-54,12486,0.02813486528568628,1.356223923147085e-06,0.00010368603867489243,2.917192730124556e-06
2014,E06000023,443791,77156,8,165960,4.8204386599180526e-05,21.392672933236923,male,50-54,12158,0.02739577864355068,1.3205967049192904e-06,0.00010368603867489243,2.8405597639639877e-06
2014,E06000054,484560,77156,66,174957,0.000377235549306401,182.79325777190968,female,50-54,18019,0.037186313356447086,1.4027999345699273e-05,0.0008554098190678625,3.180953758003924e-05
2014,E06000054,484560,77156,66,174957,0.000377235549306401,182.79325777190968,male,50-54,17861,0.036860244345385505,1.3904994523199663e-05,0.0008554098190678625,3.1530614946283414e-05
2014,E06000058,388358,77156,1072,180982,0.005923240985291355,2300.33802256578,female,50-54,12708,0.0327223850158874,0.00019382257206258796,0.013893929182435585,0.0004546425000911309
2014,E06000058,388358,77156,1072,180982,0.005923240985291355,2300.33802256578,male,50-54,12951,0.03334809634409488,0.00019752881104678757,0.013893929182435585,0.00046333608897389326
2014,E06000059,369485,77156,72609,162633,0.4464592056962609,164959.97961668295,female,50-54,14038,0.037993423278346886,0.016962513578532578,0.941067447768158,0.03575437387652922
2014,E06000059,369485,77156,72609,162633,0.4464592056962609,164959.97961668295,male,50-54,13400,0.03626669553567804,0.01619160008208695,0.941067447768158,0.03412940660674538
2014,E07000040,136518,77156,641,57819,0.011086321105518947,1513.4823846832358,female,50-54,4907,0.03594397808347617,0.0003984864828431524,0.008307843848825755,0.00029861695722313526
2014,E07000040,136518,77156,641,57819,0.011086321105518947,1513.4823846832358,male,50-54,4466,0.0327136348320368,0.00036267386027664933,0.008307843848825755,0.0002717797699120689
2014,E07000091,179014,77156,48,66334,0.0007236108179817289,129.5364669701812,female,50-54,6689,0.03736579261957165,2.703829176198389e-05,0.0006221162320493546,2.32458661120255e-05
2014,E07000091,179014,77156,48,66334,0.0007236108179817289,129.5364669701812,male,50-54,6397,0.03573463527992224,2.585796866518328e-05,0.0006221162320493546,2.2231096654003158e-05
2014,E07000187,111091,77156,97,31667,0.0030631256513089337,340.28569172956077,female,50-54,4318,0.03886903529538847,0.00011906073905493673,0.0012571932189330707,4.886588759983256e-05
2014,E07000187,111091,77156,97,31667,0.0030631256513089337,340.28569172956077,male,50-54,4187,0.03768982185775625,0.00011544866012575732,0.0012571932189330707,4.738338846236659e-05
2014,E07000189,164834,77156,2615,50800,0.051476377952755906,8485.057283464566,female,50-54,5980,0.0362789230377228,0.0018675075540087623,0.03389237389185546,0.0012295788239883498
2014,E07000189,164834,77156,2615,50800,0.051476377952755906,8485.057283464566,male,50-54,5789,0.03512018151594938,0.001807859737484402,0.03389237389185546,0.0011903063230883876
2014,E06000023,443791,77156,8,165960,4.8204386599180526e-05,21.392672933236923,female,55-59,10606,0.023898636971006623,1.152019135743872e-06,0.00010368603867489243,2.4779549972530066e-06
2014,E06000023,443791,77156,8,165960,4.8204386599180526e-05,21.392672933236923,male,55-59,10608,0.023903143596873302,1.1522363748794072e-06,0.00010368603867489243,2.4784222714369126e-06
2014,E06000054,484560,77156,66,174957,0.000377235549306401,182.79325777190968,female,55-59,15670,0.0323386164768037,1.2199275750436075e-05,0.0008554098190678625,2.766277006932765e-05
2014,E06000054,484560,77156,66,174957,0.000377235549306401,182.79325777190968,male,55-59,15265,0.03150280666996863,1.188397857883897e-05,0.0008554098190678625,2.694781015368772e-05
2014,E06000058,388358,77156,1072,180982,0.005923240985291355,2300.33802256578,female,55-59,11143,0.02869259806673224,0.0001699531728433599,0.013893929182435585,0.00039865292559926595
2014,E06000058,388358,77156,1072,180982,0.005923240985291355,2300.33802256578,male,55-59,10823,0.027868616070738855,0.0001650725289135497,0.013893929182435585,0.0003872045780993319
2014,E06000059,369485,77156,72609,162633,0.4464592056962609,164959.97961668295,female,55-59,13158,0.03561172984018296,0.015899184617917915,0.941067447768158,0.03351303971131013
2014,E06000059,369485,77156,72609,162633,0.4464592056962609,164959.97961668295,male,55-59,12400,0.03356022571958266,0.014983271717752102,0.941067447768158,0.03158243596445095
2014,E07000040,136518,77156,641,57819,0.011086321105518947,1513.4823846832358,female,55-59,4751,0.034801271627184695,0.00038581807213935543,0.008307843848825755,0.00028912353041922066
2014,E07000040,136518,77156,641,57819,0.011086321105518947,1513.4823846832358,male,55-59,4351,0.03187125507259116,0.0003533349677706452,0.008307843848825755,0.00026478141040918316
2014,E07000091,179014,77156,48,66334,0.0007236108179817289,129.5364669701812,female,55-59,6300,0.03519277821846336,2.546587503371184e-05,0.0006221162320493546,2.1893998580619024e-05
2014,E07000091,179014,77156,48,66334,0.0007236108179817289,129.5364669701812,male,55-59,5773,0.03224887438971254,2.3335634376129917e-05,0.0006221162320493546,2.0062548223160894e-05
2014,E07000187,111091,77156,97,31667,0.0030631256513089337,340.28569172956077,female,55-59,3832,0.03449424345806591,0.00010566020195889708,0.0012571932189330707,4.33659289677069e-05
2014,E07000187,111091,77156,97,31667,0.0030631256513089337,340.28569172956077,male,55-59,3673,0.03306298440017643,0.00010127607562500754,0.0012571932189330707,4.156655978559171e-05
2014,E07000189,164834,77156,2615,50800,0.051476377952755906,8485.057283464566,female,55-59,5385,0.03266923086256476,0.0016816936753072215,0.03389237389185546,0.0011072377871533885
2014,E07000189,164834,77156,2615,50800,0.051476377952755906,8485.057283464566,male,55-59,5318,0.032262761323513356,0.0016607700956887289,0.03389237389185546,0.0010934615695602082
2014,E06000023,443791,77156,8,165960,4.8204386599180526e-05,21.392672933236923,female,60-64,9473,0.021345633417532126,1.0289531654631056e-06,0.00010368603867489243,2.213244172070312e-06
2014,E06000023,443791,77156,8,165960,4.8204386599180526e-05,21.392672933236923,male,60-64,9336,0.021036929545664513,1.0140722846789352e-06,0.00010368603867489243,2.181235890472758e-06
2014,E06000054,484560,77156,66,174957,0.000377235549306401,182.79325777190968,female,60-64,14778,0.03049777117384844,1.1504843461387638e-05,0.0008554098190678625,2.6088092921794765e-05
2014,E06000054,484560,77156,66,174957,0.000377235549306401,182.79325777190968,male,60-64,14109,0.029117137196631997,1.0984019244601311e-05,0.0008554098190678625,2.4907085061145106e-05
2014,E06000058,388358,77156,1072,180982,0.005923240985291355,2300.33802256578,female,60-64,11098,0.028576725598545672,0.00016926683229073037,0.013893929182435585,0.0003970430017320877
2014,E06000058,388358,77156,1072,180982,0.005923240985291355,2300.33802256578,male,60-64,10296,0.026511620721087245,0.0001570347184416435,0.013893929182435585,0.000368350580810378
2014,E06000059,369485,77156,72609,162633,0.4464592056962609,164959.97961668295,female,60-64,13884,0.0375766269266682,0.016776431010425016,0.941067447768158,0.035362140397615885
2014,E06000059,369485,77156,72609,162633,0.4464592056962609,164959.97961668295,male,60-64,12364,0.03346279280620323,0.014939771896636046,0.941067447768158,0.03149074502132835
2014,E07000040,136518,77156,641,57819,0.011086321105518947,1513.4823846832358,female,60-64,5064,0.037094009581154136,0.00041123610130787115,0.008307843848825755,0.000308171239327075
2014,E07000040,136518,77156,641,57819,0.011086321105518947,1513.4823846832358,male,60-64,4591,0.033629265005347284,0.0003728248303918714,0.008307843848825755,0.00027938668241520563
2014,E07000091,179014,77156,48,66334,0.0007236108179817289,129.5364669701812,female,60-64,6379,0.035634084485012346,2.5785209022229817e-05,0.0006221162320493546,2.2168542372344246e-05
2014,E07000091,179014,77156,48,66334,0.0007236108179817289,129.5364669701812,male,60-64,5919,0.033064453059537244,2.392579592453022e-05,0.0006221162320493546,2.0569932952172066e-05
2014,E07000187,111091,77156,97,31667,0.0030631256513089337,340.28569172956077,female,60-64,3717,0.03345905608915214,0.0001024892929752663,0.0012571932189330707,4.206449842718333e-05
2014,E07000187,111091,77156,97,31667,0.0030631256513089337,340.28569172956077,male,60-64,3619,0.032576896418251705,9.978712705878092e-05,0.0012571932189330707,4.0955453270911083e-05
2014,E07000189,164834,77156,2615,50800,0.051476377952755906,8485.057283464566,female,60-64,5677,0.034440710047684335,0.0017728830073758767,0.03389237389185546,0.0011672774220371006
2014,E07000189,164834,77156,2615,50800,0.051476377952755906,8485.057283464566,male,60-64,5535,0.03357923729327687,0.0017285375102739965,0.03389237389185546,0.0011380800653470764
2014,E06000023,443791,77156,8,165960,4.8204386599180526e-05,21.392672933236923,female,65-69,8831,0.019899006514327692,9.592194029562637e-07,0.00010368603867489243,2.0632491590365174e-06
2014,E06000023,443791,77156,8,165960,4.8204386599180526e-05,21.392672933236923,male,65-69,8773,0.019768314364193955,9.52919468025739e-07,0.00010368603867489243,2.0496982077032457e-06
2014,E06000054,484560,77156,66,174957,0.000377235549306401,182.79325777190968,female,65-69,15586,0.03216526333168235,1.2133880781512228e-05,0.0008554098190678625,2.751448208682455e-05
2014,E06000054,484560,77156,66,174957,0.000377235549306401,182.79325777190968,male,65-69,14873,0.03069382532606901,1.1578802057194365e-05,0.0008554098190678625,2.6255799568673266e-05
2014,E06000058,388358,77156,1072,180982,0.005923240985291355,2300.33802256578,female,65-69,12128,0.031228917648149387,0.00018497640493980697,0.013893929182435585,0.0004338923702475004
2014,E06000058,388358,77156,1072,180982,0.005923240985291355,2300.33802256578,male,65-69,11431,0.02943418186312629,0.0001743457523801891,0.013893929182435585,0.0004089564383492066
2014,E06000059,369485,77156,72609,162633,0.4464592056962609,164959.97961668295,female,65-69,15654,0.042367078501157014,0.018915172215297694,0.941067447768158,0.039870278434477026
2014,E06000059,369485,77156,72609,162633,0.4464592056962609,164959.97961668295,male,65-69,14475,0.03917615058798057,0.01749055307374691,0.941067447768158,0.036867400047211896
2014,E07000040,136518,77156,641,57819,0.011086321105518947,1513.4823846832358,female,65-69,6094,0.044638802209232484,0.0004948800950572999,0.008307843848825755,0.0003708521983529216
2014,E07000040,136518,77156,641,57819,0.011086321105518947,1513.4823846832358,male,65-69,5475,0.04010460159099899,0.00044461249104672085,0.008307843848825755,0.00033318276763738856
2014,E07000091,179014,77156,48,66334,0.0007236108179817289,129.5364669701812,female,65-69,7317,0.040873898130872444,2.9576794860582467e-05,0.0006221162320493546,2.5428315494347523e-05
2014,E07000091,179014,77156,48,66334,0.0007236108179817289,129.5364669701812,male,65-69,6827,0.03813668204721418,2.759611569129377e-05,0.0006221162320493546,2.3725448938077154e-05
2014,E07000187,111091,77156,97,31667,0.0030631256513089337,340.28569172956077,female,65-69,3888,0.03499833469858044,0.00010720429676831728,0.0012571932189330707,4.3999669057005324e-05
2014,E07000187,111091,77156,97,31667,0.0030631256513089337,340.28569172956077,male,65-69,3704,0.033342034908318406,0.00010213084239450802,0.0012571932189330707,4.191738019216762e-05
2014,E07000189,164834,77156,2615,50800,0.051476377952755906,8485.057283464566,female,65-69,6140,0.03724959656381572,0.0019174743113066555,0.03389237389185546,0.0012624772540616167
2014,E07000189,164834,77156,2615,50800,0.051476377952755906,8485.057283464566,male,65-69,5871,0.035617651698072,0.0018334677005995726,0.03389237389185546,0.001207166768500937
2014,E06000023,443791,77156,8,165960,4.8204386599180526e-05,21.392672933236923,female,70-74,6788,0.015295488191513574,7.373096260069209e-07,0.00010368603867489243,1.585928580176637e-06
2014,E06000023,443791,77156,8,165960,4.8204386599180526e-05,21.392672933236923,male,70-74,6235,0.014049406139376419,6.772430050314013e-07,0.00010368603867489243,1.4567272683266544e-06
2014,E06000054,484560,77156,66,174957,0.000377235549306401,182.79325777190968,female,70-74,11609,0.023957817401353807,9.037740407582155e-06,0.0008554098190678625,2.0493752248552947e-05
2014,E06000054,484560,77156,66,174957,0.000377235549306401,182.79325777190968,male,70-74,10726,0.02213554564966155,8.350314722346989e-06,0.0008554098190678625,1.8934963099145396e-05
2014,E06000058,388358,77156,1072,180982,0.005923240985291355,2300.33802256578,female,70-74,9045,0.023290366105500594,0.00013795445107854173,0.013893929182435585,0.00032359469730282336
2014,E06000058,388358,77156,1072,180982,0.005923240985291355,2300.33802256578,male,70-74,8278,0.021315384258853945,0.00012625615765927788,0.013893929182435585,0.00029615443938891894
2014,E06000059,369485,77156,72609,162633,0.4464592056962609,164959.97961668295,female,70-74,11802,0.03194175676955763,0.014260691355879863,0.941067447768158,0.03005934752035888
2014,E06000059,369485,77156,72609,162633,0.4464592056962609,164959.97961668295,male,70-74,10926,0.029570889210658077,0.013202195708722537,0.941067447768158,0.027828201237708957
2014,E07000040,136518,77156,641,57819,0.011086321105518947,1513.4823846832358,female,70-74,4689,0.034347119061222696,0.0003807831909622053,0.008307843848825755,0.0002853505018176648
2014,E07000040,136518,77156,641,57819,0.011086321105518947,1513.4823846832358,male,70-74,4310,0.03157092837574532,0.0003500054495728524,0.008307843848825755,0.0002622863431081543
2014,E07000091,179014,77156,48,66334,0.0007236108179817289,129.5364669701812,female,70-74,5599,0.031276883372250215,2.263229116091311e-05,0.0006221162320493546,1.9457856833791415e-05
2014,E07000091,179014,77156,48,66334,0.0007236108179817289,129.5364669701812,male,70-74,5037,0.028137464108952372,2.0360573419810565e-05,0.0006221162320493546,1.75047731508854e-05
2014,E07000187,111091,77156,97,31667,0.0030631256513089337,340.28569172956077,female,70-74,2891,0.026023710291562772,7.971389453631822e-05,0.0012571932189330707,3.271683211003148e-05
2014,E07000187,111091,77156,97,31667,0.0030631256513089337,340.28569172956077,male,70-74,2597,0.023377231278861474,7.160739678686214e-05,0.0012571932189330707,2.938969664121472e-05
2014,E07000189,164834,77156,2615,50800,0.051476377952755906,8485.057283464566,female,70-74,4682,0.028404334057294006,0.0014621522354296029,0.03389237389185546,0.0009626903100189723
2014,E07000189,164834,77156,2615,50800,0.051476377952755906,8485.057283464566,male,70-74,4347,0.02637198636203696,0.0013575343373371388,0.03389237389185546,0.0008938092220530697
2014,E06000023,443791,77156,8,165960,4.8204386599180526e-05,21.392672933236923,female,75-79,5861,0.013206667102307166,6.366192866862939e-07,0.00010368603867489243,1.3693469959362504e-06
2014,E06000023,443791,77156,8,165960,4.8204386599180526e-05,21.392672933236923,male,75-79,4806,0.01082942195763321,5.220256426914057e-07,0.00010368603867489243,1.1228598639258863e-06
2014,E06000054,484560,77156,66,174957,0.000377235549306401,182.79325777190968,female,75-79,9404,0.019407297341918442,7.321122473331259e-06,0.0008554098190678625,1.660119270784666e-05
2014,E06000054,484560,77156,66,174957,0.000377235549306401,182.79325777190968,male,75-79,8281,0.017089730889879477,6.4468540197422535e-06,0.0008554098190678625,1.4618723608430263e-05
2014,E06000058,388358,77156,1072,180982,0.005923240985291355,2300.33802256578,female,75-79,8083,0.020813270230045474,0.00012328201526454977,0.013893929182435585,0.0002891781026311466
2014,E06000058,388358,77156,1072,180982,0.005923240985291355,2300.33802256578,male,75-79,7021,0.018078679980842418,0.00010708437822249214,0.013893929182435585,0.0002511838993657405
2014,E06000059,369485,77156,72609,162633,0.4464592056962609,164959.97961668295,female,75-79,9646,0.026106607846055997,0.011655535402373933,0.941067447768158,0.024568078815572086
2014,E06000059,369485,77156,72609,162633,0.4464592056962609,164959.97961668295,male,75-79,8610,0.023302705116581186,0.010403707216923032,0.941067447768158,0.021929417230155054
2014,E07000040,136518,77156,641,57819,0.011086321105518947,1513.4823846832358,female,75-79,4020,0.029446666373665012,0.0003264551989055375,0.008307843848825755,0.00024463830610087705
2014,E07000040,136518,77156,641,57819,0.011086321105518947,1513.4823846832358,male,75-79,3425,0.02508826674870713,0.00027813658115708107,0.008307843848825755,0.00020842940258594623
2014,E07000091,179014,77156,48,66334,0.0007236108179817289,129.5364669701812,female,75-79,4789,0.026752097601304925,1.9358107228007303e-05,0.0006221162320493546,1.6642914159140395e-05
2014,E07000091,179014,77156,48,66334,0.0007236108179817289,129.5364669701812,male,75-79,4096,0.022880891997273955,1.6556860974299002e-05,0.0006221162320493546,1.4234574315272303e-05
2014,E07000187,111091,77156,97,31667,0.0030631256513089337,340.28569172956077,female,75-79,2244,0.020199656137760934,6.187408486319546e-05,0.0012571932189330707,2.5394870721172827e-05
2014,E07000187,111091,77156,97,31667,0.0030631256513089337,340.28569172956077,male,75-79,2060,0.018543356347498898,5.6800630489386216e-05,0.0012571932189330707,2.3312581856335127e-05
2014,E07000189,164834,77156,2615,50800,0.051476377952755906,8485.057283464566,female,75-79,3695,0.022416491743208318,0.0011539198013482235,0.03389237389185546,0.0007597481195045071
2014,E07000189,164834,77156,2615,50800,0.051476377952755906,8485.057283464566,male,75-79,3306,0.020056541732894912,0.0010324381226677203,0.03389237389185546,0.000679763811388877
2014,E06000023,443791,77156,8,165960,4.8204386599180526e-05,21.392672933236923,female,80-84,4924,0.01109531288376736,5.348427516879904e-07,0.00010368603867489243,1.1504290407763346e-06
2014,E06000023,443791,77156,8,165960,4.8204386599180526e-05,21.392672933236923,male,80-84,3512,0.007913635021890936,3.8147192200004513e-07,0.00010368603867489243,8.205334669387667e-07
2014,E06000054,484560,77156,66,174957,0.000377235549306401,182.79325777190968,female,80-84,7355,0.015178718837708436,5.725952338510358e-06,0.0008554098190678625,1.2984025134646129e-05
2014,E06000054,484560,77156,66,174957,0.000377235549306401,182.79325777190968,male,80-84,5711,0.011785950140333498,4.446079375286561e-06,0.0008554098190678625,1.0081817477085526e-05
2014,E06000058,388358,77156,1072,180982,0.005923240985291355,2300.33802256578,female,80-84,7299,0.018794514339861675,0.00011132443763651478,0.013893929182435585,0.0002611296512563082
2014,E06000058,388358,77156,1072,180982,0.005923240985291355,2300.33802256578,male,80-84,5273,0.01357767832772854,8.042386075590388e-05,0.013893929182435585,0.00018864730114735075
2014,E06000059,369485,77156,72609,162633,0.4464592056962609,164959.97961668295,female,80-84,7962,0.021548912675751385,0.009620710436834053,0.941067447768158,0.020278980253948264
2014,E06000059,369485,77156,72609,162633,0.4464592056962609,164959.97961668295,male,80-84,6206,0.016796351678687902,0.007498885829062059,0.941067447768158,0.01580649980607924
2014,E07000040,136518,77156,641,57819,0.011086321105518947,1513.4823846832358,female,80-84,3362,0.02462678914135865,0.0002730204922190092,0.008307843848825755,0.00020459551868436536
2014,E07000040,136518,77156,641,57819,0.011086321105518947,1513.4823846832358,male,80-84,2605,0.019081732811790385,0.00021154621720122517,0.008307843848825755,0.00015852805656536934
2014,E07000091,179014,77156,48,66334,0.0007236108179817289,129.5364669701812,female,80-84,3989,0.022283173383087357,1.612434531896453e-05,0.0006221162320493546,1.3862723863188776e-05
2014,E07000091,179014,77156,48,66334,0.0007236108179817289,129.5364669701812,male,80-84,3148,0.017585216798686135,1.2724853112083313e-05,0.0006221162320493546,1.0940048814569632e-05
2014,E07000187,111091,77156,97,31667,0.0030631256513089337,340.28569172956077,female,80-84,1859,0.01673402885922352,5.125843304843154e-05,0.0012571932189330707,2.103790760724612e-05
2014,E07000187,111091,77156,97,31667,0.0030631256513089337,340.28569172956077,male,80-84,1388,0.012494261461324499,3.827149277634372e-05,0.0012571932189330707,1.5707700784753957e-05
2014,E07000189,164834,77156,2615,50800,0.051476377952755906,8485.057283464566,female,80-84,3020,0.01832146280500382,0.0009431225439977361,0.03389237389185546,0.0006209578676329125
2014,E07000189,164834,77156,2615,50800,0.051476377952755906,8485.057283464566,male,80-84,2368,0.014365968186175183,0.0007395080080088209,0.03389237389185546,0.00048689676508434994
2014,E06000023,443791,77156,8,165960,4.8204386599180526e-05,21.392672933236923,female,85-89,3566,0.008035313920291309,3.873373786594991e-07,0.00010368603867489243,8.331498699042262e-07
2014,E06000023,443791,77156,8,165960,4.8204386599180526e-05,21.392672933236923,male,85-89,1995,0.0044953593020137855,2.1669603769649484e-07,0.00010368603867489243,4.661059984461388e-07
2014,E06000054,484560,77156,66,174957,0.000377235549306401,182.79325777190968,female,85-89,5110,0.010545649661548622,3.9781939428671565e-06,0.0008554098190678625,9.020852268938372e-06
2014,E06000054,484560,77156,66,174957,0.000377235549306401,182.79325777190968,male,85-89,3176,0.006554399867921413,2.4725526345491367e-06,0.0008554098190678625,5.606698005117078e-06
2014,E06000058,388358,77156,1072,180982,0.005923240985291355,2300.33802256578,female,85-89,5224,0.013451506084592052,7.967651215415169e-05,0.013893929182435585,0.00018689427293642336
2014,E06000058,388358,77156,1072,180982,0.005923240985291355,2300.33802256578,male,85-89,3211,0.008268144341046148,4.8974211433189325e-05,0.013893929182435585,0.00011487701194465072
2014,E06000059,369485,77156,72609,162633,0.4464592056962609,164959.97961668295,female,85-89,5441,0.014725902269374942,0.006574514630345902,0.941067447768158,0.013858067264724001
2014,E06000059,369485,77156,72609,162633,0.4464592056962609,164959.97961668295,male,85-89,3639,0.009848843660771073,0.004397106917814508,0.941067447768158,0.009268426167309435
2014,E07000040,136518,77156,641,57819,0.011086321105518947,1513.4823846832358,female,85-89,2436,0.01784380081747462,0.00019782210560544513,0.008307843848825755,0.0001482435108611285
2014,E07000040,136518,77156,641,57819,0.011086321105518947,1513.4823846832358,male,85-89,1499,0.010980237038339266,0.00012173043362174146,0.008307843848825755,9.12220947376156e-05
2014,E07000091,179014,77156,48,66334,0.0007236108179817289,129.5364669701812,female,85-89,2889,0.016138402583038197,1.1677922694030715e-05,0.0006221162320493546,1.0039962206255294e-05
2014,E07000091,179014,77156,48,66334,0.0007236108179817289,129.5364669701812,male,85-89,1888,0.010546661154993465,7.631678105340946e-06,0.0006221162320493546,6.561249098445828e-06
2014,E07000187,111091,77156,97,31667,0.0030631256513089337,340.28569172956077,female,85-89,1332,0.011990170220809967,3.672739796692351e-05,0.0012571932189330707,1.507396069545553e-05
2014,E07000187,111091,77156,97,31667,0.0030631256513089337,340.28569172956077,male,85-89,792,0.007129290401562683,2.1837912304657225e-05,0.0012571932189330707,8.962895548649234e-06
2014,E07000189,164834,77156,2615,50800,0.051476377952755906,8485.057283464566,female,85-89,2079,0.01261268912966985,0.0006492555526395011,0.03389237389185546,0.00042747397576451155
2014,E07000189,164834,77156,2615,50800,0.051476377952755906,8485.057283464566,male,85-89,1361,0.00825679168132788,0.00042502972926520486,0.03389237389185546,0.0002798422708107264
2014,E06000023,443791,77156,8,165960,4.8204386599180526e-05,21.392672933236923,female,90+,2560,0.005768481109351024,2.780660934852265e-07,0.00010368603867489243,5.981109553995566e-07
2014,E06000023,443791,77156,8,165960,4.8204386599180526e-05,21.392672933236923,male,90+,951,0.0021429005996065715,1.0329720894705093e-07,0.00010368603867489243,2.2218887444725714e-07
2014,E06000054,484560,77156,66,174957,0.000377235549306401,182.79325777190968,female,90+,3545,0.007315915469704474,2.759823390893164e-06,0.0008554098190678625,6.25810592825568e-06
2014,E06000054,484560,77156,66,174957,0.000377235549306401,182.79325777190968,male,90+,1452,0.0029965329370975733,1.1303987485407263e-06,0.0008554098190678625,2.563263697553526e-06
2014,E06000058,388358,77156,1072,180982,0.005923240985291355,2300.33802256578,female,90+,3848,0.009908383501820486,5.8689743255967786e-05,0.013893929182435585,0.00013766637868670693
2014,E06000058,388358,77156,1072,180982,0.005923240985291355,2300.33802256578,male,90+,1665,0.0042872813229030944,2.539460044729375e-05,0.013893929182435585,5.956718308559435e-05
2014,E06000059,369485,77156,72609,162633,0.4464592056962609,164959.97961668295,female,90+,3827,0.010357659986197004,0.0046242726503094595,0.941067447768158,0.00974725664806079
2014,E06000059,369485,77156,72609,162633,0.4464592056962609,164959.97961668295,male,90+,1661,0.004495446364534419,0.0020070334131601806,0.941067447768158,0.00423051823685105
2014,E07000040,136518,77156,641,57819,0.011086321105518947,1513.4823846832358,female,90+,1771,0.01297264829546287,0.0001438189445924644,0.008307843848825755,0.00010777473634444111
2014,E07000040,136518,77156,641,57819,0.011086321105518947,1513.4823846832358,male,90+,826,0.006050484185235646,6.707761052138656e-05,0.008307843848825755,5.026647782072747e-05
2014,E07000091,179014,77156,48,66334,0.0007236108179817289,129.5364669701812,female,90+,2183,0.012194576960461194,8.82412780930047e-06,0.0006221162320493546,7.5864442700779895e-06
2014,E07000091,179014,77156,48,66334,0.0007236108179817289,129.5364669701812,male,90+,927,0.005178365937859608,3.747121612103314e-06,0.0006221162320493546,3.221545505433942e-06
2014,E07000187,111091,77156,97,31667,0.0030631256513089337,340.28569172956077,female,90+,896,0.00806545984823253,2.4705516950723322e-05,0.0012571932189330707,1.013984142877489e-05
2014,E07000187,111091,77156,97,31667,0.0030631256513089337,340.28569172956077,male,90+,367,0.0033035979512291724,1.0119335626021718e-05,0.0012571932189330707,4.153260942366501e-06
2014,E07000189,164834,77156,2615,50800,0.051476377952755906,8485.057283464566,female,90+,1523,0.00923959862649696,0.0004756210710293219,0.03389237389185546,0.00031315193125990915
2014,E07000189,164834,77156,2615,50800,0.051476377952755906,8485.057283464566,male,90+,602,0.003652159141924603,0.00018799992433332356,0.03389237389185546,0.00012378034315066667
