year,ltla,ppln_ltla,patients_from_ltla_to_trust,total_patients_of_ltla,tfp_ltla,etc_ltla,sex,ag,ag_ppln_ltla,agf_ppln_ltla,ag_trust_factor
2017,E06000007,209704,13,95557,0.00013604445514195715,28.52906642108898,female,0-4,5883,0.02805382825315683,3.816567779346764e-06
2017,E06000007,209704,13,95557,0.00013604445514195715,28.52906642108898,male,0-4,6323,0.03015202380498226,4.102015649976134e-06
2017,E06000021,255378,671,108888,0.006162295202409815,1573.7146242010137,female,0-4,8643,0.03384394896976247,0.00020855640436696988
2017,E06000021,255378,671,108888,0.006162295202409815,1573.7146242010137,male,0-4,8997,0.03523012945516059,0.00021709845772181283
2017,E06000049,378846,48313,171071,0.2824149037534123,106991.75662736525,female,0-4,9788,0.02583635566958606,0.007296571899765076
2017,E06000049,378846,48313,171071,0.2824149037534123,106991.75662736525,male,0-4,10426,0.027520417267174524,0.0077721759937628395
2017,E06000050,337986,611,153803,0.003972614318316288,1342.6880229904489,female,0-4,8985,0.026583941346682998,0.00010560774603111325
2017,E06000050,337986,611,153803,0.003972614318316288,1342.6880229904489,male,0-4,9780,0.02893610977969502,0.00011495200402718839
2017,E07000035,71849,189,28157,0.0067123628227439,482.2765564513265,female,0-4,1428,0.019875015657837964,0.00013340831620312446
2017,E07000035,71849,189,28157,0.0067123628227439,482.2765564513265,male,0-4,1445,0.02011162298709794,0.00013499651044363784
2017,E07000037,92063,4552,41227,0.11041307880757756,10164.959274262013,female,0-4,2191,0.02379892030457404,0.002627712063124191
2017,E07000037,92063,4552,41227,0.11041307880757756,10164.959274262013,male,0-4,2313,0.025124099801223074,0.002774029211321887
2017,E07000195,128963,578,50695,0.011401518887464247,1470.3740802840516,female,0-4,3001,0.02327024030148182,0.0002653160843131767
2017,E07000195,128963,578,50695,0.011401518887464247,1470.3740802840516,male,0-4,3232,0.02506145173421834,0.000285738615294964
2017,E07000197,134764,13,50852,0.00025564382915126247,34.45158499174074,female,0-4,3285,0.024375946098364548,6.23156019977069e-06
2017,E07000197,134764,13,50852,0.00025564382915126247,34.45158499174074,male,0-4,3515,0.026082633344216555,6.6678642624639186e-06
2017,E07000198,98496,5139,38267,0.1342932552852327,13227.34847257428,female,0-4,2113,0.02145264782326186,0.0028809459106734965
2017,E07000198,98496,5139,38267,0.1342932552852327,13227.34847257428,male,0-4,2276,0.023107537361923326,0.0031031864139578215
2017,E08000003,545501,30,245653,0.00012212348312457002,66.61848216793607,female,0-4,18779,0.03442523478417088,4.204129579224054e-06
2017,E08000003,545501,30,245653,0.00012212348312457002,66.61848216793607,male,0-4,19685,0.03608609333438435,4.406959410353346e-06
2017,E08000007,291045,1221,140249,0.008705944427411247,2533.8215958759065,female,0-4,8822,0.030311463862976517,0.0002638899199045578
2017,E08000007,291045,1221,140249,0.008705944427411247,2533.8215958759065,male,0-4,9139,0.03140064251232627,0.0002733722486973196
2017,E08000009,235493,30,120313,0.000249349613092517,58.72008843599611,female,0-4,7301,0.0310030446764872,7.730597194772103e-06
2017,E08000009,235493,30,120313,0.000249349613092517,58.72008843599611,male,0-4,7552,0.03206889376754298,7.996366253241872e-06
2017,E06000007,209704,13,95557,0.00013604445514195715,28.52906642108898,female,5-9,6437,0.030695647197955214,4.175972598275561e-06
2017,E06000007,209704,13,95557,0.00013604445514195715,28.52906642108898,male,5-9,6670,0.03180673711517186,4.327130220677022e-06
2017,E06000021,255378,671,108888,0.006162295202409815,1573.7146242010137,female,5-9,8373,0.032786692667340175,0.00020204127892683543
2017,E06000021,255378,671,108888,0.006162295202409815,1573.7146242010137,male,5-9,8607,0.033702981462772834,0.000207687720974952
2017,E06000049,378846,48313,171071,0.2824149037534123,106991.75662736525,female,5-9,10611,0.02800874233857557,0.007910086271802945
2017,E06000049,378846,48313,171071,0.2824149037534123,106991.75662736525,male,5-9,11326,0.029896052749666092,0.008443090859903888
2017,E06000050,337986,611,153803,0.003972614318316288,1342.6880229904489,female,5-9,9543,0.028234897303438602,0.00011216635730383013
2017,E06000050,337986,611,153803,0.003972614318316288,1342.6880229904489,male,5-9,9862,0.029178723379074872,0.00011591581428590305
2017,E07000035,71849,189,28157,0.0067123628227439,482.2765564513265,female,5-9,1788,0.024885523806872745,0.00016704066482576088
2017,E07000035,71849,189,28157,0.0067123628227439,482.2765564513265,male,5-9,1731,0.02409219334994224,0.00016171554296051012
2017,E07000037,92063,4552,41227,0.11041307880757756,10164.959274262013,female,5-9,2479,0.0269272128868275,0.002973116478541703
2017,E07000037,92063,4552,41227,0.11041307880757756,10164.959274262013,male,5-9,2630,0.02856739406710622,0.0031542139324585226
2017,E07000195,128963,578,50695,0.011401518887464247,1470.3740802840516,female,5-9,3333,0.025844622100912665,0.0002946679470229317
2017,E07000195,128963,578,50695,0.011401518887464247,1470.3740802840516,male,5-9,3563,0.027628079371602707,0.0003150020687796896
2017,E07000197,134764,13,50852,0.00025564382915126247,34.45158499174074,female,5-9,3662,0.02717342910569588,6.9467194677504605e-06
2017,E07000197,134764,13,50852,0.00025564382915126247,34.45158499174074,male,5-9,3823,0.02836811017779229,7.252132311635722e-06
2017,E07000198,98496,5139,38267,0.1342932552852327,13227.34847257428,female,5-9,2559,0.025980750487329434,0.0034890395576968655
2017,E07000198,98496,5139,38267,0.1342932552852327,13227.34847257428,male,5-9,2676,0.027168615984405457,0.0036485618821402157
2017,E08000003,545501,30,245653,0.00012212348312457002,66.61848216793607,female,5-9,17668,0.032388574906370475,3.955405581007007e-06
2017,E08000003,545501,30,245653,0.00012212348312457002,66.61848216793607,male,5-9,18383,0.03369929660990539,4.11547548084966e-06
2017,E08000007,291045,1221,140249,0.008705944427411247,2533.8215958759065,female,5-9,8923,0.03065848923705956,0.0002669111035262264
2017,E08000007,291045,1221,140249,0.008705944427411247,2533.8215958759065,male,5-9,9347,0.03211530862924977,0.0002795940921954094
2017,E08000009,235493,30,120313,0.000249349613092517,58.72008843599611,female,5-9,8152,0.03461674020034566,8.63167077548037e-06
2017,E08000009,235493,30,120313,0.000249349613092517,58.72008843599611,male,5-9,8611,0.0365658427214397,9.117678734992818e-06
2017,E06000007,209704,13,95557,0.00013604445514195715,28.52906642108898,female,10-14,5860,0.02794414984931141,3.801646640654775e-06
2017,E06000007,209704,13,95557,0.00013604445514195715,28.52906642108898,male,10-14,6216,0.029641780795788348,4.032599917800355e-06
2017,E06000021,255378,671,108888,0.006162295202409815,1573.7146242010137,female,10-14,7165,0.028056449655021184,0.00017289212510578956
2017,E06000021,255378,671,108888,0.006162295202409815,1573.7146242010137,male,10-14,7472,0.02925858922851616,0.00018030006403216463
2017,E06000049,378846,48313,171071,0.2824149037534123,106991.75662736525,female,10-14,10417,0.027496660912349608,0.007765466845101429
2017,E06000049,378846,48313,171071,0.2824149037534123,106991.75662736525,male,10-14,10897,0.02876366650301178,0.008123288107043321
2017,E06000050,337986,611,153803,0.003972614318316288,1342.6880229904489,female,10-14,9012,0.026663826312332464,0.00010592509818947052
2017,E06000050,337986,611,153803,0.003972614318316288,1342.6880229904489,male,10-14,9497,0.028098796991591367,0.00011162568325625849
2017,E07000035,71849,189,28157,0.0067123628227439,482.2765564513265,female,10-14,1874,0.02608247853136439,0.00017507505921894625
2017,E07000035,71849,189,28157,0.0067123628227439,482.2765564513265,male,10-14,1971,0.027432532115965427,0.0001841371087089344
2017,E07000037,92063,4552,41227,0.11041307880757756,10164.959274262013,female,10-14,2481,0.026948937140870925,0.0029755151203154353
2017,E07000037,92063,4552,41227,0.11041307880757756,10164.959274262013,male,10-14,2572,0.027937390699846843,0.003084653321020274
2017,E07000195,128963,578,50695,0.011401518887464247,1470.3740802840516,female,10-14,3288,0.025495684808821136,0.00029068953189660945
2017,E07000195,128963,578,50695,0.011401518887464247,1470.3740802840516,male,10-14,3383,0.02623233020323659,0.0002990884082744008
2017,E07000197,134764,13,50852,0.00025564382915126247,34.45158499174074,female,10-14,3499,0.025963907274939895,6.637512675493955e-06
2017,E07000197,134764,13,50852,0.00025564382915126247,34.45158499174074,male,10-14,3720,0.02760381110682378,7.05674397051658e-06
2017,E07000198,98496,5139,38267,0.1342932552852327,13227.34847257428,female,10-14,2617,0.026569606887589345,0.0035681190005833127
2017,E07000198,98496,5139,38267,0.1342932552852327,13227.34847257428,male,10-14,2611,0.02650869070825211,0.003559938368560577
2017,E08000003,545501,30,245653,0.00012212348312457002,66.61848216793607,female,10-14,14887,0.02729050909164236,3.3328120265141108e-06
2017,E08000003,545501,30,245653,0.00012212348312457002,66.61848216793607,male,10-14,15382,0.028197931809474226,3.4436296494821017e-06
2017,E08000007,291045,1221,140249,0.008705944427411247,2533.8215958759065,female,10-14,8065,0.027710491504750124,0.00024124599909660605
2017,E08000007,291045,1221,140249,0.008705944427411247,2533.8215958759065,male,10-14,8891,0.030548540603686714,0.00026595389683421256
2017,E08000009,235493,30,120313,0.000249349613092517,58.72008843599611,female,10-14,7594,0.03224724301783917,8.040837569798568e-06
2017,E08000009,235493,30,120313,0.000249349613092517,58.72008843599611,male,10-14,7966,0.03382690780617683,8.434726373586436e-06
2017,E06000007,209704,13,95557,0.00013604445514195715,28.52906642108898,female,15-19,5589,0.02665185213443711,3.6258367021535044e-06
2017,E06000007,209704,13,95557,0.00013604445514195715,28.52906642108898,male,15-19,6023,0.02872143592873765,3.907392101819746e-06
2017,E06000021,255378,671,108888,0.006162295202409815,1573.7146242010137,female,15-19,6860,0.0268621416096923,0.00016553244636785994
2017,E06000021,255378,671,108888,0.006162295202409815,1573.7146242010137,male,15-19,7389,0.028933580809623383,0.00017829726621167887
2017,E06000049,378846,48313,171071,0.2824149037534123,106991.75662736525,female,15-19,9653,0.025480010347212322,0.007195934669843918
2017,E06000049,378846,48313,171071,0.2824149037534123,106991.75662736525,male,15-19,10087,0.026625594568769367,0.007519464727516379
2017,E06000050,337986,611,153803,0.003972614318316288,1342.6880229904489,female,15-19,9107,0.02694490304332132,0.00010704170763554239
2017,E06000050,337986,611,153803,0.003972614318316288,1342.6880229904489,male,15-19,9252,0.027373914895883263,0.00010874600626375735
2017,E07000035,71849,189,28157,0.0067123628227439,482.2765564513265,female,15-19,1815,0.025261311918050356,0.0001695630909724586
2017,E07000035,71849,189,28157,0.0067123628227439,482.2765564513265,male,15-19,1906,0.026527857033500815,0.00017806460131873617
2017,E07000037,92063,4552,41227,0.11041307880757756,10164.959274262013,female,15-19,2523,0.027405146475782887,0.0030258865975638224
2017,E07000037,92063,4552,41227,0.11041307880757756,10164.959274262013,male,15-19,2516,0.027329111586630893,0.0030174913513557576
2017,E07000195,128963,578,50695,0.011401518887464247,1470.3740802840516,female,15-19,3799,0.02945806161457162,0.00033586664588662385
2017,E07000195,128963,578,50695,0.011401518887464247,1470.3740802840516,male,15-19,4076,0.03160596450144615,0.0003603560012197628
2017,E07000197,134764,13,50852,0.00025564382915126247,34.45158499174074,female,15-19,3287,0.02439078685702413,6.2353541481419345e-06
2017,E07000197,134764,13,50852,0.00025564382915126247,34.45158499174074,male,15-19,3451,0.02560772906710991,6.5464579145840635e-06
2017,E07000198,98496,5139,38267,0.1342932552852327,13227.34847257428,female,15-19,2418,0.024549220272904484,0.0032967947051625716
2017,E07000198,98496,5139,38267,0.1342932552852327,13227.34847257428,male,15-19,2769,0.028112816764132555,0.0037753616784926224
2017,E08000003,545501,30,245653,0.00012212348312457002,66.61848216793607,female,15-19,17330,0.031768961010153966,3.879736173808661e-06
2017,E08000003,545501,30,245653,0.00012212348312457002,66.61848216793607,male,15-19,17587,0.03224008755254344,3.937271788157699e-06
2017,E08000007,291045,1221,140249,0.008705944427411247,2533.8215958759065,female,15-19,7418,0.025487467573742893,0.0002218924762924518
2017,E08000007,291045,1221,140249,0.008705944427411247,2533.8215958759065,male,15-19,7887,0.027098902231613667,0.0002359215368722792
2017,E08000009,235493,30,120313,0.000249349613092517,58.72008843599611,female,15-19,6378,0.02708360758069242,6.753287071395216e-06
2017,E08000009,235493,30,120313,0.000249349613092517,58.72008843599611,male,15-19,6748,0.0286547795475874,7.145058193442288e-06
2017,E06000007,209704,13,95557,0.00013604445514195715,28.52906642108898,female,20-24,5134,0.02448212718879945,3.3306576541163163e-06
2017,E06000007,209704,13,95557,0.00013604445514195715,28.52906642108898,male,20-24,5793,0.027624651890283448,3.7581807148998484e-06
2017,E06000021,255378,671,108888,0.006162295202409815,1573.7146242010137,female,20-24,8625,0.03377346521626765,0.00020812206267096093
2017,E06000021,255378,671,108888,0.006162295202409815,1573.7146242010137,male,20-24,9448,0.03699613905661412,0.00022798113021625958
2017,E06000049,378846,48313,171071,0.2824149037534123,106991.75662736525,female,20-24,8558,0.022589653843514253,0.006379654916038978
2017,E06000049,378846,48313,171071,0.2824149037534123,106991.75662736525,male,20-24,9027,0.02382762388939041,0.006729276107394701
2017,E06000050,337986,611,153803,0.003972614318316288,1342.6880229904489,female,20-24,9644,0.02853372624901623,0.00011335348945175918
2017,E06000050,337986,611,153803,0.003972614318316288,1342.6880229904489,male,20-24,9987,0.02954856118300758,0.00011738503724126076
2017,E07000035,71849,189,28157,0.0067123628227439,482.2765564513265,female,20-24,1413,0.019666244484961515,0.00013200696834384795
2017,E07000035,71849,189,28157,0.0067123628227439,482.2765564513265,male,20-24,1656,0.023048337485559994,0.00015470880366412753
2017,E07000037,92063,4552,41227,0.11041307880757756,10164.959274262013,female,20-24,2375,0.025797551676569306,0.002848387106307601
2017,E07000037,92063,4552,41227,0.11041307880757756,10164.959274262013,male,20-24,2564,0.027850493683673136,0.003075058753925343
2017,E07000195,128963,578,50695,0.011401518887464247,1470.3740802840516,female,20-24,4934,0.03825903553732466,0.000436211116294973
2017,E07000195,128963,578,50695,0.011401518887464247,1470.3740802840516,male,20-24,5176,0.040135542752572445,0.0004576061487520835
2017,E07000197,134764,13,50852,0.00025564382915126247,34.45158499174074,female,20-24,3186,0.023641328544715207,6.043759755394039e-06
2017,E07000197,134764,13,50852,0.00025564382915126247,34.45158499174074,male,20-24,3917,0.029065625834792674,7.430447885084259e-06
2017,E07000198,98496,5139,38267,0.1342932552852327,13227.34847257428,female,20-24,2268,0.023026315789473683,0.003092278904594174
2017,E07000198,98496,5139,38267,0.1342932552852327,13227.34847257428,male,20-24,2331,0.02366593567251462,0.003178175540832901
2017,E08000003,545501,30,245653,0.00012212348312457002,66.61848216793607,female,20-24,34585,0.06340043372972735,7.742681798682778e-06
2017,E08000003,545501,30,245653,0.00012212348312457002,66.61848216793607,male,20-24,34201,0.06269649368195475,7.656714188137912e-06
2017,E08000007,291045,1221,140249,0.008705944427411247,2533.8215958759065,female,20-24,6645,0.022831520898830077,0.00019876995213849314
2017,E08000007,291045,1221,140249,0.008705944427411247,2533.8215958759065,male,20-24,7119,0.02446013503066536,0.00021294857626394771
2017,E08000009,235493,30,120313,0.000249349613092517,58.72008843599611,female,20-24,4905,0.020828644588161856,5.193614469299708e-06
2017,E08000009,235493,30,120313,0.000249349613092517,58.72008843599611,male,20-24,5672,0.02408564161142794,6.005745416894585e-06
2017,E06000007,209704,13,95557,0.00013604445514195715,28.52906642108898,female,25-29,6517,0.031077137298287108,4.227872211117264e-06
2017,E06000007,209704,13,95557,0.00013604445514195715,28.52906642108898,male,25-29,6574,0.031348948994773584,4.264850685266977e-06
2017,E06000021,255378,671,108888,0.006162295202409815,1573.7146242010137,female,25-29,9304,0.03643226902865556,0.00022450639664818787
2017,E06000021,255378,671,108888,0.006162295202409815,1573.7146242010137,male,25-29,9751,0.03818261557377691,0.00023529254876574377
2017,E06000049,378846,48313,171071,0.2824149037534123,106991.75662736525,female,25-29,9583,0.025295238698574092,0.007143752402477393
2017,E06000049,378846,48313,171071,0.2824149037534123,106991.75662736525,male,25-29,9709,0.02562782766612291,0.007237680483737139
2017,E06000050,337986,611,153803,0.003972614318316288,1342.6880229904489,female,25-29,9868,0.029196475593663642,0.00011598633698776022
2017,E06000050,337986,611,153803,0.003972614318316288,1342.6880229904489,male,25-29,9586,0.028362121507991455,0.00011267177000047319
2017,E07000035,71849,189,28157,0.0067123628227439,482.2765564513265,female,25-29,1371,0.01908168520090746,0.0001280831943378737
2017,E07000035,71849,189,28157,0.0067123628227439,482.2765564513265,male,25-29,1748,0.024328800679202216,0.0001633037372010235
2017,E07000037,92063,4552,41227,0.11041307880757756,10164.959274262013,female,25-29,2590,0.028132908986237683,0.003106241096983868
2017,E07000037,92063,4552,41227,0.11041307880757756,10164.959274262013,male,25-29,2739,0.02975136591247298,0.0032849399091269557
2017,E07000195,128963,578,50695,0.011401518887464247,1470.3740802840516,female,25-29,4307,0.03339717593418267,0.0003807785322015501
2017,E07000195,128963,578,50695,0.011401518887464247,1470.3740802840516,male,25-29,4916,0.038119460620488044,0.000434619750244444
2017,E07000197,134764,13,50852,0.00025564382915126247,34.45158499174074,female,25-29,3770,0.027974830073313348,7.151592679797717e-06
2017,E07000197,134764,13,50852,0.00025564382915126247,34.45158499174074,male,25-29,4642,0.034445400848891396,8.805754169660744e-06
2017,E07000198,98496,5139,38267,0.1342932552852327,13227.34847257428,female,25-29,2505,0.025432504873294348,0.0034154138694922425
2017,E07000198,98496,5139,38267,0.1342932552852327,13227.34847257428,male,25-29,2553,0.025919834307992204,0.0034808589256741297
2017,E08000003,545501,30,245653,0.00012212348312457002,66.61848216793607,female,25-29,30898,0.056641509364785764,6.917258413060589e-06
2017,E08000003,545501,30,245653,0.00012212348312457002,66.61848216793607,male,25-29,33924,0.062188703595410455,7.594701094072996e-06
2017,E08000007,291045,1221,140249,0.008705944427411247,2533.8215958759065,female,25-29,8921,0.03065161744747376,0.00026685127810797553
2017,E08000007,291045,1221,140249,0.008705944427411247,2533.8215958759065,male,25-29,8411,0.028899311103094023,0.0002515957964540054
2017,E08000009,235493,30,120313,0.000249349613092517,58.72008843599611,female,25-29,6382,0.02710059322357777,6.757522434876805e-06
2017,E08000009,235493,30,120313,0.000249349613092517,58.72008843599611,male,25-29,6549,0.027809743814041183,6.934348860233188e-06
2017,E06000007,209704,13,95557,0.00013604445514195715,28.52906642108898,female,30-34,6768,0.03227406248807843,4.3907072464081085e-06
2017,E06000007,209704,13,95557,0.00013604445514195715,28.52906642108898,male,30-34,6712,0.03200701941784611,4.354377517418917e-06
2017,E06000021,255378,671,108888,0.006162295202409815,1573.7146242010137,female,30-34,8758,0.0342942618393127,0.00021133136520258268
2017,E06000021,255378,671,108888,0.006162295202409815,1573.7146242010137,male,30-34,9167,0.03589580934927832,0.0002212005737396752
2017,E06000049,378846,48313,171071,0.2824149037534123,106991.75662736525,female,30-34,10224,0.026987219081104196,0.007621592879362294
2017,E06000049,378846,48313,171071,0.2824149037534123,106991.75662736525,male,30-34,9403,0.024820111602075777,0.007009569429249183
2017,E06000050,337986,611,153803,0.003972614318316288,1342.6880229904489,female,30-34,9826,0.029072210091542254,0.00011549267807476002
2017,E06000050,337986,611,153803,0.003972614318316288,1342.6880229904489,male,30-34,9173,0.027140177403797792,0.00010781745735597128
2017,E07000035,71849,189,28157,0.0067123628227439,482.2765564513265,female,30-34,1486,0.020682264192960237,0.00013882686125899366
2017,E07000035,71849,189,28157,0.0067123628227439,482.2765564513265,male,30-34,1494,0.020793608818494343,0.00013957424678394116
2017,E07000037,92063,4552,41227,0.11041307880757756,10164.959274262013,female,30-34,2499,0.027144455427261766,0.0029971028962790295
2017,E07000037,92063,4552,41227,0.11041307880757756,10164.959274262013,male,30-34,2435,0.026449279297872108,0.002920346359519583
2017,E07000195,128963,578,50695,0.011401518887464247,1470.3740802840516,female,30-34,3766,0.029202174267037834,0.00033294914146065425
2017,E07000195,128963,578,50695,0.011401518887464247,1470.3740802840516,male,30-34,3770,0.029233190915223747,0.0003333027783607718
2017,E07000197,134764,13,50852,0.00025564382915126247,34.45158499174074,female,30-34,3735,0.02771511679677065,7.085198583300921e-06
2017,E07000197,134764,13,50852,0.00025564382915126247,34.45158499174074,male,30-34,3892,0.028880116351547892,7.383023530443691e-06
2017,E07000198,98496,5139,38267,0.1342932552852327,13227.34847257428,female,30-34,2341,0.023767462638076674,0.003191809927537461
2017,E07000198,98496,5139,38267,0.1342932552852327,13227.34847257428,male,30-34,2266,0.023006010396361274,0.003089552027253262
2017,E08000003,545501,30,245653,0.00012212348312457002,66.61848216793607,female,30-34,23781,0.043594787177292066,5.32394725616525e-06
2017,E08000003,545501,30,245653,0.00012212348312457002,66.61848216793607,male,30-34,26908,0.049327132305898615,6.024001209742842e-06
2017,E08000007,291045,1221,140249,0.008705944427411247,2533.8215958759065,female,30-34,9369,0.03219089831469361,0.0002802521717961689
2017,E08000007,291045,1221,140249,0.008705944427411247,2533.8215958759065,male,30-34,8509,0.029236028792798366,0.0002545272419482977
2017,E08000009,235493,30,120313,0.000249349613092517,58.72008843599611,female,30-34,7867,0.03340651314476439,8.329901127417083e-06
2017,E08000009,235493,30,120313,0.000249349613092517,58.72008843599611,male,30-34,7266,0.030854420301240377,7.69353776430819e-06
2017,E06000007,209704,13,95557,0.00013604445514195715,28.52906642108898,female,35-39,6864,0.03273185060847671,4.452986781818153e-06
2017,E06000007,209704,13,95557,0.00013604445514195715,28.52906642108898,male,35-39,6627,0.03160168618624347,4.299234178774607e-06
2017,E06000021,255378,671,108888,0.006162295202409815,1573.7146242010137,female,35-39,7708,0.030182709552114904,0.0001859947662687266
2017,E06000021,255378,671,108888,0.006162295202409815,1573.7146242010137,male,35-39,8095,0.031698110252253525,0.00019533311273291928
2017,E06000049,378846,48313,171071,0.2824149037534123,106991.75662736525,female,35-39,10902,0.02877686447791451,0.008127015411855216
2017,E06000049,378846,48313,171071,0.2824149037534123,106991.75662736525,male,35-39,10386,0.027414833467952676,0.007742357555267682
2017,E06000050,337986,611,153803,0.003972614318316288,1342.6880229904489,female,35-39,10022,0.02965211576810874,0.00011779641966876095
2017,E06000050,337986,611,153803,0.003972614318316288,1342.6880229904489,male,35-39,9253,0.027376873598314724,0.00010875776004740022
2017,E07000035,71849,189,28157,0.0067123628227439,482.2765564513265,female,35-39,1596,0.022213252794054197,0.00014910341222702146
2017,E07000035,71849,189,28157,0.0067123628227439,482.2765564513265,male,35-39,1544,0.021489512728082506,0.00014424540631486287
2017,E07000037,92063,4552,41227,0.11041307880757756,10164.959274262013,female,35-39,2674,0.02904532765606161,0.0032069840514806426
2017,E07000037,92063,4552,41227,0.11041307880757756,10164.959274262013,male,35-39,2425,0.026340658027654975,0.002908353150650919
2017,E07000195,128963,578,50695,0.011401518887464247,1470.3740802840516,female,35-39,3726,0.028892007785178694,0.00032941277245947893
2017,E07000195,128963,578,50695,0.011401518887464247,1470.3740802840516,male,35-39,3521,0.027302404565650612,0.00031128888132845553
2017,E07000197,134764,13,50852,0.00025564382915126247,34.45158499174074,female,35-39,3970,0.029458905939271616,7.530987516922264e-06
2017,E07000197,134764,13,50852,0.00025564382915126247,34.45158499174074,male,35-39,3878,0.028776231040930814,7.356465891844973e-06
2017,E07000198,98496,5139,38267,0.1342932552852327,13227.34847257428,female,35-39,2575,0.02614319363222872,0.0035108545764241613
2017,E07000198,98496,5139,38267,0.1342932552852327,13227.34847257428,male,35-39,2415,0.024518762183235867,0.003292704389151204
2017,E08000003,545501,30,245653,0.00012212348312457002,66.61848216793607,female,35-39,18888,0.03462505109981467,4.228531843675592e-06
2017,E08000003,545501,30,245653,0.00012212348312457002,66.61848216793607,male,35-39,21436,0.03929598662513909,4.798962759478503e-06
2017,E08000007,291045,1221,140249,0.008705944427411247,2533.8215958759065,female,35-39,9842,0.033816076551735984,0.00029440088321249804
2017,E08000007,291045,1221,140249,0.008705944427411247,2533.8215958759065,male,35-39,9149,0.03143500146025529,0.00027367137578857394
2017,E08000009,235493,30,120313,0.000249349613092517,58.72008843599611,female,35-39,8984,0.0381497539204987,9.512626379651086e-06
2017,E08000009,235493,30,120313,0.000249349613092517,58.72008843599611,male,35-39,8040,0.03414114219955582,8.51308059799585e-06
2017,E06000007,209704,13,95557,0.00013604445514195715,28.52906642108898,female,40-44,6699,0.03194502727654217,4.345943830332139e-06
2017,E06000007,209704,13,95557,0.00013604445514195715,28.52906642108898,male,40-44,6773,0.03229790561934918,4.393950972210715e-06
2017,E06000021,255378,671,108888,0.006162295202409815,1573.7146242010137,female,40-44,7166,0.02806036541910423,0.00017291625520001228
2017,E06000021,255378,671,108888,0.006162295202409815,1573.7146242010137,male,40-44,7483,0.029301662633429662,0.00018056549506861457
2017,E06000049,378846,48313,171071,0.2824149037534123,106991.75662736525,female,40-44,12085,0.031899505339900644,0.009008895730349503
2017,E06000049,378846,48313,171071,0.2824149037534123,106991.75662736525,male,40-44,11355,0.029972601004101932,0.008464709227812877
2017,E06000050,337986,611,153803,0.003972614318316288,1342.6880229904489,female,40-44,10285,0.030430254507583153,0.00012088766476683359
2017,E06000050,337986,611,153803,0.003972614318316288,1342.6880229904489,male,40-44,9772,0.028912440160243323,0.00011485797375804549
2017,E07000035,71849,189,28157,0.0067123628227439,482.2765564513265,female,40-44,2061,0.028685159153224123,0.0001925451958645935
2017,E07000035,71849,189,28157,0.0067123628227439,482.2765564513265,male,40-44,1948,0.02711241631755487,0.0001819883753247104
2017,E07000037,92063,4552,41227,0.11041307880757756,10164.959274262013,female,40-44,2721,0.02955584762608214,0.0032633521331633616
2017,E07000037,92063,4552,41227,0.11041307880757756,10164.959274262013,male,40-44,2590,0.028132908986237683,0.003106241096983868
2017,E07000195,128963,578,50695,0.011401518887464247,1470.3740802840516,female,40-44,3653,0.028325953955785767,0.000322958899032334
2017,E07000195,128963,578,50695,0.011401518887464247,1470.3740802840516,male,40-44,3710,0.02876794119243504,0.0003279982248590088
2017,E07000197,134764,13,50852,0.00025564382915126247,34.45158499174074,female,40-44,3992,0.029622154284527025,7.572720949005964e-06
2017,E07000197,134764,13,50852,0.00025564382915126247,34.45158499174074,male,40-44,4033,0.02992638983704847,7.650496890616497e-06
2017,E07000198,98496,5139,38267,0.1342932552852327,13227.34847257428,female,40-44,2898,0.02942251461988304,0.003951245266981445
2017,E07000198,98496,5139,38267,0.1342932552852327,13227.34847257428,male,40-44,2808,0.02850877192982456,0.0038285357866404057
2017,E08000003,545501,30,245653,0.00012212348312457002,66.61848216793607,female,40-44,14863,0.027246512838656575,3.3274390508550566e-06
2017,E08000003,545501,30,245653,0.00012212348312457002,66.61848216793607,male,40-44,15901,0.029149350780291877,3.559820248109147e-06
2017,E08000007,291045,1221,140249,0.008705944427411247,2533.8215958759065,female,40-44,9137,0.03139377072274047,0.0002733124232790688
2017,E08000007,291045,1221,140249,0.008705944427411247,2533.8215958759065,male,40-44,8921,0.03065161744747376,0.00026685127810797553
2017,E08000009,235493,30,120313,0.000249349613092517,58.72008843599611,female,40-44,8454,0.03589915623818967,8.951440718340412e-06
2017,E08000009,235493,30,120313,0.000249349613092517,58.72008843599611,male,40-44,8117,0.03446811582509884,8.594611345016458e-06
2017,E06000007,209704,13,95557,0.00013604445514195715,28.52906642108898,female,45-49,8025,0.038268225689543356,5.206179913183373e-06
2017,E06000007,209704,13,95557,0.00013604445514195715,28.52906642108898,male,45-49,7831,0.03734311219623851,5.080323352042243e-06
2017,E06000021,255378,671,108888,0.006162295202409815,1573.7146242010137,female,45-49,8324,0.03259482022727095,0.00020085890430992219
2017,E06000021,255378,671,108888,0.006162295202409815,1573.7146242010137,male,45-49,8680,0.033988832240835154,0.00020944921785321052
2017,E06000049,378846,48313,171071,0.2824149037534123,106991.75662736525,female,45-49,14886,0.03929301088041051,0.011096931885972917
2017,E06000049,378846,48313,171071,0.2824149037534123,106991.75662736525,male,45-49,13938,0.036790674838852726,0.010390234893637681
2017,E06000050,337986,611,153803,0.003972614318316288,1342.6880229904489,female,45-49,12559,0.03715834383672696,0.00014761576877070132
2017,E06000050,337986,611,153803,0.003972614318316288,1342.6880229904489,male,45-49,11912,0.03524406336357127,0.00014001107075376973
2017,E07000035,71849,189,28157,0.0067123628227439,482.2765564513265,female,45-49,2733,0.038038107698089046,0.0002553255799601815
2017,E07000035,71849,189,28157,0.0067123628227439,482.2765564513265,male,45-49,2665,0.03709167838104915,0.0002489728029981279
2017,E07000037,92063,4552,41227,0.11041307880757756,10164.959274262013,female,45-49,3604,0.03914710578625506,0.004322352476266356
2017,E07000037,92063,4552,41227,0.11041307880757756,10164.959274262013,male,45-49,3531,0.03835417051366999,0.004234802051525112
2017,E07000195,128963,578,50695,0.011401518887464247,1470.3740802840516,female,45-49,4351,0.03373835906422772,0.00038466853810284295
2017,E07000195,128963,578,50695,0.011401518887464247,1470.3740802840516,male,45-49,4379,0.033955475601529124,0.00038714399640366574
2017,E07000197,134764,13,50852,0.00025564382915126247,34.45158499174074,female,45-49,5021,0.03725772461488231,9.52470738601176e-06
2017,E07000197,134764,13,50852,0.00025564382915126247,34.45158499174074,male,45-49,4968,0.03686444451040337,9.424167754173754e-06
2017,E07000198,98496,5139,38267,0.1342932552852327,13227.34847257428,female,45-49,3900,0.03959551656920078,0.005317410814778342
2017,E07000198,98496,5139,38267,0.1342932552852327,13227.34847257428,male,45-49,3842,0.039006660168940874,0.005238331371891895
2017,E08000003,545501,30,245653,0.00012212348312457002,66.61848216793607,female,45-49,14513,0.026604900815947175,3.249083155827184e-06
2017,E08000003,545501,30,245653,0.00012212348312457002,66.61848216793607,male,45-49,15183,0.02783312954513374,3.3990787263091114e-06
2017,E08000007,291045,1221,140249,0.008705944427411247,2533.8215958759065,female,45-49,10734,0.03688089470700407,0.00032108301975238305
2017,E08000007,291045,1221,140249,0.008705944427411247,2533.8215958759065,male,45-49,10366,0.03561648542321634,0.0003100751427942242
2017,E08000009,235493,30,120313,0.000249349613092517,58.72008843599611,female,45-49,9119,0.0387230193678793,9.655569897154746e-06
2017,E08000009,235493,30,120313,0.000249349613092517,58.72008843599611,male,45-49,8632,0.0366550173465878,9.139914393271167e-06
2017,E06000007,209704,13,95557,0.00013604445514195715,28.52906642108898,female,50-54,8237,0.03927917445542288,5.343713887213887e-06
2017,E06000007,209704,13,95557,0.00013604445514195715,28.52906642108898,male,50-54,8370,0.03991340174722466,5.429996993563219e-06
2017,E06000021,255378,671,108888,0.006162295202409815,1573.7146242010137,female,50-54,8324,0.03259482022727095,0.00020085890430992219
2017,E06000021,255378,671,108888,0.006162295202409815,1573.7146242010137,male,50-54,8583,0.03360900312477974,0.0002071085987136067
2017,E06000049,378846,48313,171071,0.2824149037534123,106991.75662736525,female,50-54,15179,0.04006641220971054,0.011315351947949947
2017,E06000049,378846,48313,171071,0.2824149037534123,106991.75662736525,male,50-54,14799,0.03906336611710299,0.011032076782245949
2017,E06000050,337986,611,153803,0.003972614318316288,1342.6880229904489,female,50-54,13242,0.03917913759741528,0.00015564360299877593
2017,E06000050,337986,611,153803,0.003972614318316288,1342.6880229904489,male,50-54,12482,0.03693052374950442,0.00014671072743020096
2017,E07000035,71849,189,28157,0.0067123628227439,482.2765564513265,female,50-54,3159,0.04396720900778021,0.0002951238591636346
2017,E07000035,71849,189,28157,0.0067123628227439,482.2765564513265,male,50-54,3106,0.04322955086361675,0.0002901724300608576
2017,E07000037,92063,4552,41227,0.11041307880757756,10164.959274262013,female,50-54,3904,0.042405743892769084,0.0046821487423262635
2017,E07000037,92063,4552,41227,0.11041307880757756,10164.959274262013,male,50-54,3803,0.04130866906357603,0.004561017332752762
2017,E07000195,128963,578,50695,0.011401518887464247,1470.3740802840516,female,50-54,4613,0.035769949520405075,0.00040783175506054116
2017,E07000195,128963,578,50695,0.011401518887464247,1470.3740802840516,male,50-54,4499,0.034885975047106534,0.0003977531034071916
2017,E07000197,134764,13,50852,0.00025564382915126247,34.45158499174074,female,50-54,5205,0.03862307441156392,9.873750636166345e-06
2017,E07000197,134764,13,50852,0.00025564382915126247,34.45158499174074,male,50-54,5139,0.03813332937579769,9.748550339915243e-06
2017,E07000198,98496,5139,38267,0.1342932552852327,13227.34847257428,female,50-54,3949,0.04009299870045484,0.005384219309630685
2017,E07000198,98496,5139,38267,0.1342932552852327,13227.34847257428,male,50-54,3954,0.04014376218323587,0.005391036502982965
2017,E08000003,545501,30,245653,0.00012212348312457002,66.61848216793607,female,50-54,14211,0.02605128129920935,3.1814732121174197e-06
2017,E08000003,545501,30,245653,0.00012212348312457002,66.61848216793607,male,50-54,13929,0.025534325326626348,3.1183407481235337e-06
2017,E08000007,291045,1221,140249,0.008705944427411247,2533.8215958759065,female,50-54,10996,0.03778109914274425,0.0003289201495432462
2017,E08000007,291045,1221,140249,0.008705944427411247,2533.8215958759065,male,50-54,10625,0.036506382174577814,0.000317822534457711
2017,E08000009,235493,30,120313,0.000249349613092517,58.72008843599611,female,50-54,9098,0.0386338447427312,9.6333342388764e-06
2017,E08000009,235493,30,120313,0.000249349613092517,58.72008843599611,male,50-54,8469,0.03596285239900974,8.967323331396376e-06
2017,E06000007,209704,13,95557,0.00013604445514195715,28.52906642108898,female,55-59,6936,0.033075191698775416,4.499696433375686e-06
2017,E06000007,209704,13,95557,0.00013604445514195715,28.52906642108898,male,55-59,7027,0.03350913668790295,4.558732242983124e-06
2017,E06000021,255378,671,108888,0.006162295202409815,1573.7146242010137,female,55-59,7583,0.029693239041734213,0.00018297850449088657
2017,E06000021,255378,671,108888,0.006162295202409815,1573.7146242010137,male,55-59,7843,0.03071133770332605,0.00018925232898879378
2017,E06000049,378846,48313,171071,0.2824149037534123,106991.75662736525,female,55-59,13706,0.03617828880336601,0.010217287950365765
2017,E06000049,378846,48313,171071,0.2824149037534123,106991.75662736525,male,55-59,13488,0.035602857097606945,0.010054777460567158
2017,E06000050,337986,611,153803,0.003972614318316288,1342.6880229904489,female,55-59,12004,0.03551626398726575,0.00014109241884891304
2017,E06000050,337986,611,153803,0.003972614318316288,1342.6880229904489,male,55-59,11379,0.033667074967602205,0.00013374630407212438
2017,E07000035,71849,189,28157,0.0067123628227439,482.2765564513265,female,55-59,2838,0.039499505908224194,0.0002651350149751171
2017,E07000035,71849,189,28157,0.0067123628227439,482.2765564513265,male,55-59,2843,0.03956909629918301,0.0002656021309282093
2017,E07000037,92063,4552,41227,0.11041307880757756,10164.959274262013,female,55-59,3506,0.03808261733812715,0.004204819029353452
2017,E07000037,92063,4552,41227,0.11041307880757756,10164.959274262013,male,55-59,3502,0.0380391688300403,0.004200021745805987
2017,E07000195,128963,578,50695,0.011401518887464247,1470.3740802840516,female,55-59,4243,0.03290090956320805,0.0003751203417996696
2017,E07000195,128963,578,50695,0.011401518887464247,1470.3740802840516,male,55-59,4237,0.03285438459092918,0.0003745898864494934
2017,E07000197,134764,13,50852,0.00025564382915126247,34.45158499174074,female,55-59,4635,0.03439345819358285,8.792475350361383e-06
2017,E07000197,134764,13,50852,0.00025564382915126247,34.45158499174074,male,55-59,4664,0.03460864919414681,8.847487601744444e-06
2017,E07000198,98496,5139,38267,0.1342932552852327,13227.34847257428,female,55-59,3629,0.03684413580246913,0.004947918935084769
2017,E07000198,98496,5139,38267,0.1342932552852327,13227.34847257428,male,55-59,3570,0.036245126705653025,0.004867476053527867
2017,E08000003,545501,30,245653,0.00012212348312457002,66.61848216793607,female,55-59,11599,0.02126302243258949,2.5967143612236967e-06
2017,E08000003,545501,30,245653,0.00012212348312457002,66.61848216793607,male,55-59,11535,0.02114569909129406,2.5823864261328856e-06
2017,E08000007,291045,1221,140249,0.008705944427411247,2533.8215958759065,female,55-59,9870,0.033912281605937226,0.00029523843906801016
2017,E08000007,291045,1221,140249,0.008705944427411247,2533.8215958759065,male,55-59,9627,0.03307735917126218,0.0002879696507505303
2017,E08000009,235493,30,120313,0.000249349613092517,58.72008843599611,female,55-59,7540,0.03201793683888693,7.983660162797103e-06
2017,E08000009,235493,30,120313,0.000249349613092517,58.72008843599611,male,55-59,7390,0.03138097523068626,7.824834032237479e-06
2017,E06000007,209704,13,95557,0.00013604445514195715,28.52906642108898,female,60-64,5831,0.0278058596879411,3.7828330309996575e-06
2017,E06000007,209704,13,95557,0.00013604445514195715,28.52906642108898,male,60-64,5682,0.027095334376072942,3.686170002081985e-06
2017,E06000021,255378,671,108888,0.006162295202409815,1573.7146242010137,female,60-64,6983,0.0273437805919069,0.00016850044795725452
2017,E06000021,255378,671,108888,0.006162295202409815,1573.7146242010137,male,60-64,6846,0.026807320912529662,0.00016519462504874184
2017,E06000049,378846,48313,171071,0.2824149037534123,106991.75662736525,female,60-64,11700,0.030883261272390366,0.008721893259833611
2017,E06000049,378846,48313,171071,0.2824149037534123,106991.75662736525,male,60-64,11369,0.03000955533382958,0.008475145681286182
2017,E06000050,337986,611,153803,0.003972614318316288,1342.6880229904489,female,60-64,10430,0.030859266360145094,0.00012259196339504854
2017,E06000050,337986,611,153803,0.003972614318316288,1342.6880229904489,male,60-64,10069,0.029791174782387436,0.00011834884749997544
2017,E07000035,71849,189,28157,0.0067123628227439,482.2765564513265,female,60-64,2659,0.037008169911898564,0.0002484122638544173
2017,E07000035,71849,189,28157,0.0067123628227439,482.2765564513265,male,60-64,2548,0.03546326323261284,0.0002380422896957711
2017,E07000037,92063,4552,41227,0.11041307880757756,10164.959274262013,female,60-64,2895,0.03144585772786027,0.0034720339674781083
2017,E07000037,92063,4552,41227,0.11041307880757756,10164.959274262013,male,60-64,3074,0.03339017846474697,0.0036867124062271864
2017,E07000195,128963,578,50695,0.011401518887464247,1470.3740802840516,female,60-64,3769,0.029225436753177268,0.0003332143691357424
2017,E07000195,128963,578,50695,0.011401518887464247,1470.3740802840516,male,60-64,3651,0.028310445631692813,0.0003227820805822753
2017,E07000197,134764,13,50852,0.00025564382915126247,34.45158499174074,female,60-64,4153,0.03081683535662343,7.878133792891225e-06
2017,E07000197,134764,13,50852,0.00025564382915126247,34.45158499174074,male,60-64,4002,0.02969635807782494,7.591690690862192e-06
2017,E07000198,98496,5139,38267,0.1342932552852327,13227.34847257428,female,60-64,3319,0.03369679987004549,0.004525252947243414
2017,E07000198,98496,5139,38267,0.1342932552852327,13227.34847257428,male,60-64,3197,0.03245817089018843,0.004358913429447784
2017,E08000003,545501,30,245653,0.00012212348312457002,66.61848216793607,female,60-64,9266,0.016986220006929408,2.0744163523664773e-06
2017,E08000003,545501,30,245653,0.00012212348312457002,66.61848216793607,male,60-64,9565,0.017534339992044012,2.1413546741188604e-06
2017,E08000007,291045,1221,140249,0.008705944427411247,2533.8215958759065,female,60-64,8284,0.02846295246439554,0.00024779688239507557
2017,E08000007,291045,1221,140249,0.008705944427411247,2533.8215958759065,male,60-64,8385,0.028809977838478586,0.0002508180660167442
2017,E08000009,235493,30,120313,0.000249349613092517,58.72008843599611,female,60-64,6037,0.025635581524716233,6.392222334589671e-06
2017,E08000009,235493,30,120313,0.000249349613092517,58.72008843599611,male,60-64,6051,0.025695031274814963,6.407046106775235e-06
2017,E06000007,209704,13,95557,0.00013604445514195715,28.52906642108898,female,65-69,5633,0.026861671689619653,3.6543814892164413e-06
2017,E06000007,209704,13,95557,0.00013604445514195715,28.52906642108898,male,65-69,5389,0.02569812688360737,3.496087670049246e-06
2017,E06000021,255378,671,108888,0.006162295202409815,1573.7146242010137,female,65-69,6583,0.02577747495868869,0.00015884841026816645
2017,E06000021,255378,671,108888,0.006162295202409815,1573.7146242010137,male,65-69,6336,0.024810281230176444,0.0001528882769951546
2017,E06000049,378846,48313,171071,0.2824149037534123,106991.75662736525,female,65-69,12397,0.03272305897383106,0.009241479550611734
2017,E06000049,378846,48313,171071,0.2824149037534123,106991.75662736525,male,65-69,11779,0.031091789275853512,0.008780784675861547
2017,E06000050,337986,611,153803,0.003972614318316288,1342.6880229904489,female,65-69,10688,0.031622611587462206,0.0001256244395749069
2017,E06000050,337986,611,153803,0.003972614318316288,1342.6880229904489,male,65-69,10075,0.029808926996976206,0.00011841937020183261
2017,E07000035,71849,189,28157,0.0067123628227439,482.2765564513265,female,65-69,2861,0.03981962170663475,0.0002672837483593411
2017,E07000035,71849,189,28157,0.0067123628227439,482.2765564513265,male,65-69,2782,0.038720093529485446,0.00025990331630048474
2017,E07000037,92063,4552,41227,0.11041307880757756,10164.959274262013,female,65-69,2954,0.03208672322214136,0.0035427938998032226
2017,E07000037,92063,4552,41227,0.11041307880757756,10164.959274262013,male,65-69,2934,0.03186948068170709,0.0035188074820658955
2017,E07000195,128963,578,50695,0.011401518887464247,1470.3740802840516,female,65-69,3874,0.030039623768057504,0.0003424973377638276
2017,E07000195,128963,578,50695,0.011401518887464247,1470.3740802840516,male,65-69,3664,0.02841124973829703,0.00032393140050765727
2017,E07000197,134764,13,50852,0.00025564382915126247,34.45158499174074,female,65-69,4318,0.032041197946039005,8.191134533518977e-06
2017,E07000197,134764,13,50852,0.00025564382915126247,34.45158499174074,male,65-69,4163,0.030891039149921345,7.897103534747452e-06
2017,E07000198,98496,5139,38267,0.1342932552852327,13227.34847257428,female,65-69,3668,0.037240090968161145,0.005001093043232553
2017,E07000198,98496,5139,38267,0.1342932552852327,13227.34847257428,male,65-69,3493,0.03546336907082521,0.004762491275902755
2017,E08000003,545501,30,245653,0.00012212348312457002,66.61848216793607,female,65-69,7960,0.01459209057361948,1.782036926919616e-06
2017,E08000003,545501,30,245653,0.00012212348312457002,66.61848216793607,male,65-69,8039,0.01473691157303103,1.7997229717973357e-06
2017,E08000007,291045,1221,140249,0.008705944427411247,2533.8215958759065,female,65-69,8162,0.028043773299661564,0.0002441475318817729
2017,E08000007,291045,1221,140249,0.008705944427411247,2533.8215958759065,male,65-69,7900,0.027143568863921386,0.00023631040209090982
2017,E08000009,235493,30,120313,0.000249349613092517,58.72008843599611,female,65-69,5801,0.024633428594480516,6.142335889175862e-06
2017,E08000009,235493,30,120313,0.000249349613092517,58.72008843599611,male,65-69,5584,0.023711957467950216,5.912567420299606e-06
2017,E06000007,209704,13,95557,0.00013604445514195715,28.52906642108898,female,70-74,5395,0.025726738641132264,3.499980141012374e-06
2017,E06000007,209704,13,95557,0.00013604445514195715,28.52906642108898,male,70-74,4922,0.023471178422919924,3.1931236800858022e-06
2017,E06000021,255378,671,108888,0.006162295202409815,1573.7146242010137,female,70-74,5904,0.023118671146300777,0.00014246407629093952
2017,E06000021,255378,671,108888,0.006162295202409815,1573.7146242010137,male,70-74,5640,0.022084909428376757,0.00013609373141614138
2017,E06000049,378846,48313,171071,0.2824149037534123,106991.75662736525,female,70-74,11548,0.030482042835347344,0.008608583193552012
2017,E06000049,378846,48313,171071,0.2824149037534123,106991.75662736525,male,70-74,10860,0.02866600148873157,0.0080957060514353
2017,E06000050,337986,611,153803,0.003972614318316288,1342.6880229904489,female,70-74,9533,0.02820531027912399,0.00011204881946740152
2017,E06000050,337986,611,153803,0.003972614318316288,1342.6880229904489,male,70-74,9079,0.026862059375240395,0.00010671260169354226
2017,E07000035,71849,189,28157,0.0067123628227439,482.2765564513265,female,70-74,2624,0.03652103717518685,0.00024514245218277213
2017,E07000035,71849,189,28157,0.0067123628227439,482.2765564513265,male,70-74,2546,0.03543542707622931,0.00023785544331453423
2017,E07000037,92063,4552,41227,0.11041307880757756,10164.959274262013,female,70-74,2665,0.02894756851286619,0.0031961901634988453
2017,E07000037,92063,4552,41227,0.11041307880757756,10164.959274262013,male,70-74,2469,0.026818591616610366,0.002961123269673039
2017,E07000195,128963,578,50695,0.011401518887464247,1470.3740802840516,female,70-74,3433,0.02662003830556051,0.0003035088695258699
2017,E07000195,128963,578,50695,0.011401518887464247,1470.3740802840516,male,70-74,3353,0.025999705341842233,0.0002964361315235193
2017,E07000197,134764,13,50852,0.00025564382915126247,34.45158499174074,female,70-74,4173,0.030965242943219257,7.916073276603679e-06
2017,E07000197,134764,13,50852,0.00025564382915126247,34.45158499174074,male,70-74,3897,0.028917218248196846,7.392508401371804e-06
2017,E07000198,98496,5139,38267,0.1342932552852327,13227.34847257428,female,70-74,3332,0.033828784925276155,0.0045429776499593425
2017,E07000198,98496,5139,38267,0.1342932552852327,13227.34847257428,male,70-74,3224,0.032732293697205976,0.004395726273550096
2017,E08000003,545501,30,245653,0.00012212348312457002,66.61848216793607,female,70-74,6463,0.011847824293630993,1.4468975701861153e-06
2017,E08000003,545501,30,245653,0.00012212348312457002,66.61848216793607,male,70-74,5628,0.01031712132516714,1.2599627920481908e-06
2017,E08000007,291045,1221,140249,0.008705944427411247,2533.8215958759065,female,70-74,7679,0.02638423611469017,0.00022969969337418946
2017,E08000007,291045,1221,140249,0.008705944427411247,2533.8215958759065,male,70-74,6869,0.02360116133244,0.00020547039898258983
2017,E08000009,235493,30,120313,0.000249349613092517,58.72008843599611,female,70-74,5295,0.022484744769483592,5.60656240875473e-06
2017,E08000009,235493,30,120313,0.000249349613092517,58.72008843599611,male,70-74,4640,0.019703345747007342,4.913021638644371e-06
2017,E06000007,209704,13,95557,0.00013604445514195715,28.52906642108898,female,75-79,4162,0.01984702246976691,2.70007735808962e-06
2017,E06000007,209704,13,95557,0.00013604445514195715,28.52906642108898,male,75-79,3344,0.01594628619387327,2.1694038167832025e-06
2017,E06000021,255378,671,108888,0.006162295202409815,1573.7146242010137,female,75-79,4285,0.01677904909585007,0.00010339745374435565
2017,E06000021,255378,671,108888,0.006162295202409815,1573.7146242010137,male,75-79,3687,0.01443742217418885,8.896765739916903e-05
2017,E06000049,378846,48313,171071,0.2824149037534123,106991.75662736525,female,75-79,8297,0.021900719553591696,0.006185089604858075
2017,E06000049,378846,48313,171071,0.2824149037534123,106991.75662736525,male,75-79,7224,0.01906843413946564,0.00538520999222547
2017,E06000050,337986,611,153803,0.003972614318316288,1342.6880229904489,female,75-79,7034,0.020811512902901303,8.267611414388989e-05
2017,E06000050,337986,611,153803,0.003972614318316288,1342.6880229904489,male,75-79,6215,0.018388335611534204,7.304976534038606e-05
2017,E07000035,71849,189,28157,0.0067123628227439,482.2765564513265,female,75-79,1773,0.024676752633996296,0.00016563931696648437
2017,E07000035,71849,189,28157,0.0067123628227439,482.2765564513265,male,75-79,1558,0.021684365822767192,0.00014555333098352095
2017,E07000037,92063,4552,41227,0.11041307880757756,10164.959274262013,female,75-79,1818,0.019747346925474946,0.0021803653723230397
2017,E07000037,92063,4552,41227,0.11041307880757756,10164.959274262013,male,75-79,1539,0.01671681348641691,0.0018457548448873257
2017,E07000195,128963,578,50695,0.011401518887464247,1470.3740802840516,female,75-79,2543,0.01971883408419469,0.00022482465924971953
2017,E07000195,128963,578,50695,0.011401518887464247,1470.3740802840516,male,75-79,2203,0.01708241898839202,0.00019476552273972952
2017,E07000197,134764,13,50852,0.00025564382915126247,34.45158499174074,female,75-79,2938,0.021801074470926954,5.5733101573596e-06
2017,E07000197,134764,13,50852,0.00025564382915126247,34.45158499174074,male,75-79,2722,0.020198272535692025,5.163563733265089e-06
2017,E07000198,98496,5139,38267,0.1342932552852327,13227.34847257428,female,75-79,2362,0.023980669265756985,0.0032204421396170367
2017,E07000198,98496,5139,38267,0.1342932552852327,13227.34847257428,male,75-79,2182,0.022153183885640026,0.0029750231789349595
2017,E08000003,545501,30,245653,0.00012212348312457002,66.61848216793607,female,75-79,5180,0.00949585793609911,1.159667246412514e-06
2017,E08000003,545501,30,245653,0.00012212348312457002,66.61848216793607,male,75-79,4023,0.007374871906742609,9.006450448489465e-07
2017,E08000007,291045,1221,140249,0.008705944427411247,2533.8215958759065,female,75-79,5833,0.02004157432699411,0.00017448083232864266
2017,E08000007,291045,1221,140249,0.008705944427411247,2533.8215958759065,male,75-79,4893,0.016811833221666753,0.00014636288575073695
2017,E08000009,235493,30,120313,0.000249349613092517,58.72008843599611,female,75-79,4101,0.017414530368206272,4.342306409500122e-06
2017,E08000009,235493,30,120313,0.000249349613092517,58.72008843599611,male,75-79,3282,0.013936719987430624,3.4751157366445746e-06
2017,E06000007,209704,13,95557,0.00013604445514195715,28.52906642108898,female,80-84,2793,0.013318773127837332,1.8119452333359702e-06
2017,E06000007,209704,13,95557,0.00013604445514195715,28.52906642108898,male,80-84,2306,0.010996452142066914,1.496006340162101e-06
2017,E06000021,255378,671,108888,0.006162295202409815,1573.7146242010137,female,80-84,3280,0.012843706192389321,7.914670905052195e-05
2017,E06000021,255378,671,108888,0.006162295202409815,1573.7146242010137,male,80-84,2419,0.009472233316887124,5.837069792475994e-05
2017,E06000049,378846,48313,171071,0.2824149037534123,106991.75662736525,female,80-84,6418,0.016940920585145416,0.004784368456548045
2017,E06000049,378846,48313,171071,0.2824149037534123,106991.75662736525,male,80-84,5150,0.013593914149812853,0.003839123956251547
2017,E06000050,337986,611,153803,0.003972614318316288,1342.6880229904489,female,80-84,5450,0.016124928251466036,6.405812085359679e-05
2017,E06000050,337986,611,153803,0.003972614318316288,1342.6880229904489,male,80-84,4164,0.012320036924606344,4.894275508887652e-05
2017,E07000035,71849,189,28157,0.0067123628227439,482.2765564513265,female,80-84,1386,0.019290456373783908,0.0001294845421971502
2017,E07000035,71849,189,28157,0.0067123628227439,482.2765564513265,male,80-84,1122,0.015616083731158402,0.00010482081987388351
2017,E07000037,92063,4552,41227,0.11041307880757756,10164.959274262013,female,80-84,1340,0.014555250209095946,0.0016070899884009205
2017,E07000037,92063,4552,41227,0.11041307880757756,10164.959274262013,male,80-84,989,0.010742643624474545,0.0011861283571108286
2017,E07000195,128963,578,50695,0.011401518887464247,1470.3740802840516,female,80-84,2067,0.01602785295007095,0.0001827418681357335
2017,E07000195,128963,578,50695,0.011401518887464247,1470.3740802840516,male,80-84,1598,0.012391150950272559,0.00014127794159695314
2017,E07000197,134764,13,50852,0.00025564382915126247,34.45158499174074,female,80-84,2096,0.015553115075242646,3.976057893065256e-06
2017,E07000197,134764,13,50852,0.00025564382915126247,34.45158499174074,male,80-84,1784,0.013237956724347749,3.384201947150962e-06
2017,E07000198,98496,5139,38267,0.1342932552852327,13227.34847257428,female,80-84,1712,0.01738141650422352,0.002334207003820646
2017,E07000198,98496,5139,38267,0.1342932552852327,13227.34847257428,male,80-84,1394,0.014152858999350227,0.001900633506615643
2017,E08000003,545501,30,245653,0.00012212348312457002,66.61848216793607,female,80-84,4081,0.007481196184791595,9.13629736024994e-07
2017,E08000003,545501,30,245653,0.00012212348312457002,66.61848216793607,male,80-84,2749,0.005039404144080396,6.154295869474905e-07
2017,E08000007,291045,1221,140249,0.008705944427411247,2533.8215958759065,female,80-84,4625,0.015891013417169166,0.00013834627970512125
2017,E08000007,291045,1221,140249,0.008705944427411247,2533.8215958759065,male,80-84,3659,0.012571939047226375,0.00010945060268995432
2017,E08000009,235493,30,120313,0.000249349613092517,58.72008843599611,female,80-84,3378,0.014344375416679052,3.5767644602027344e-06
2017,E08000009,235493,30,120313,0.000249349613092517,58.72008843599611,male,80-84,2471,0.010492880892425678,2.6163957907522074e-06
2017,E06000007,209704,13,95557,0.00013604445514195715,28.52906642108898,female,85-89,1737,0.0082831038034563,1.1268703438254851e-06
2017,E06000007,209704,13,95557,0.00013604445514195715,28.52906642108898,male,85-89,1048,0.004997520314347843,6.798849282263147e-07
2017,E06000021,255378,671,108888,0.006162295202409815,1573.7146242010137,female,85-89,2142,0.008387566665883514,5.168666182506647e-05
2017,E06000021,255378,671,108888,0.006162295202409815,1573.7146242010137,male,85-89,1332,0.005215797758616639,3.214128550466318e-05
2017,E06000049,378846,48313,171071,0.2824149037534123,106991.75662736525,female,85-89,4501,0.011880817007438378,0.0033553197916676137
2017,E06000049,378846,48313,171071,0.2824149037534123,106991.75662736525,male,85-89,2802,0.00739614513549041,0.002088781616585793
2017,E06000050,337986,611,153803,0.003972614318316288,1342.6880229904489,female,85-89,3538,0.010467889202511347,4.158488652844504e-05
2017,E06000050,337986,611,153803,0.003972614318316288,1342.6880229904489,male,85-89,2343,0.006932239796914665,2.7539115075225192e-05
2017,E07000035,71849,189,28157,0.0067123628227439,482.2765564513265,female,85-89,925,0.012874222327381035,8.641645132205191e-05
2017,E07000035,71849,189,28157,0.0067123628227439,482.2765564513265,male,85-89,547,0.007613188770894515,5.110248526828367e-05
2017,E07000037,92063,4552,41227,0.11041307880757756,10164.959274262013,female,85-89,870,0.009450050508890652,0.001043409171573732
2017,E07000037,92063,4552,41227,0.11041307880757756,10164.959274262013,male,85-89,561,0.006093653259181213,0.0006728190175320271
2017,E07000195,128963,578,50695,0.011401518887464247,1470.3740802840516,female,85-89,1353,0.010491381248885339,0.00011961768146475443
2017,E07000195,128963,578,50695,0.011401518887464247,1470.3740802840516,male,85-89,801,0.006211083799229237,7.081578924853533e-05
2017,E07000197,134764,13,50852,0.00025564382915126247,34.45158499174074,female,85-89,1372,0.010180760440473717,2.6026485826743946e-06
2017,E07000197,134764,13,50852,0.00025564382915126247,34.45158499174074,male,85-89,946,0.0070196788459826066,1.7945375795991087e-06
2017,E07000198,98496,5139,38267,0.1342932552852327,13227.34847257428,female,85-89,1066,0.01082277452891488,0.00145342562270608
2017,E07000198,98496,5139,38267,0.1342932552852327,13227.34847257428,male,85-89,728,0.0073911630929174785,0.000992583352091957
2017,E08000003,545501,30,245653,0.00012212348312457002,66.61848216793607,female,85-89,2656,0.00486891866376047,5.946093062686557e-07
2017,E08000003,545501,30,245653,0.00012212348312457002,66.61848216793607,male,85-89,1440,0.0026397751791472426,3.2237853954324707e-07
2017,E08000007,291045,1221,140249,0.008705944427411247,2533.8215958759065,female,85-89,3189,0.010957068494562697,9.539162940100146e-05
2017,E08000007,291045,1221,140249,0.008705944427411247,2533.8215958759065,male,85-89,2052,0.007050456115033758,6.13808791253857e-05
2017,E08000009,235493,30,120313,0.000249349613092517,58.72008843599611,female,85-89,2381,0.010110703927505276,2.521100112416433e-06
2017,E08000009,235493,30,120313,0.000249349613092517,58.72008843599611,male,85-89,1496,0.006352630439121333,1.5840259421146509e-06
2017,E06000007,209704,13,95557,0.00013604445514195715,28.52906642108898,female,90+,1117,0.005326555525884103,7.246483443022839e-07
2017,E06000007,209704,13,95557,0.00013604445514195715,28.52906642108898,male,90+,457,0.002179262198145958,2.9647653835823073e-07
2017,E06000021,255378,671,108888,0.006162295202409815,1573.7146242010137,female,90+,1149,0.004499212931419308,2.7725478261905403e-05
2017,E06000021,255378,671,108888,0.006162295202409815,1573.7146242010137,male,90+,444,0.001738599252872213,1.0713761834887727e-05
2017,E06000049,378846,48313,171071,0.2824149037534123,106991.75662736525,female,90+,2970,0.00783959709222217,0.002214019058265455
2017,E06000049,378846,48313,171071,0.2824149037534123,106991.75662736525,male,90+,1398,0.0036901537828035666,0.0010421544254057597
2017,E06000050,337986,611,153803,0.003972614318316288,1342.6880229904489,female,90+,2310,0.006834602616676431,2.7151240215010753e-05
2017,E06000050,337986,611,153803,0.003972614318316288,1342.6880229904489,male,90+,1026,0.0030356286946796613,1.2059382017576204e-05
2017,E07000035,71849,189,28157,0.0067123628227439,482.2765564513265,female,90+,637,0.00886581580815321,5.951057242394278e-05
2017,E07000035,71849,189,28157,0.0067123628227439,482.2765564513265,male,90+,262,0.0036465364862419795,2.4476875942029838e-05
2017,E07000037,92063,4552,41227,0.11041307880757756,10164.959274262013,female,90+,560,0.006082791132159499,0.0006716196966451608
2017,E07000037,92063,4552,41227,0.11041307880757756,10164.959274262013,male,90+,228,0.0024765649609506534,0.00027344516220552975
2017,E07000195,128963,578,50695,0.011401518887464247,1470.3740802840516,female,90+,807,0.006257608771508107,7.134624459871162e-05
2017,E07000195,128963,578,50695,0.011401518887464247,1470.3740802840516,male,90+,371,0.0028767941192435038,3.279982248590088e-05
2017,E07000197,134764,13,50852,0.00025564382915126247,34.45158499174074,female,90+,876,0.006500252292897213,1.6617493866055173e-06
2017,E07000197,134764,13,50852,0.00025564382915126247,34.45158499174074,male,90+,435,0.0032278650084592323,8.251837707458904e-07
2017,E07000198,98496,5139,38267,0.1342932552852327,13227.34847257428,female,90+,680,0.006903833658219623,0.0009271382959100698
2017,E07000198,98496,5139,38267,0.1342932552852327,13227.34847257428,male,90+,296,0.003005198180636777,0.00040357784645497156
2017,E08000003,545501,30,245653,0.00012212348312457002,66.61848216793607,female,90+,1680,0.0030797377090051163,3.761082961337883e-07
2017,E08000003,545501,30,245653,0.00012212348312457002,66.61848216793607,male,90+,715,0.0013107217035349156,1.6006989984265393e-07
2017,E08000007,291045,1221,140249,0.008705944427411247,2533.8215958759065,female,90+,1901,0.00653163600130564,5.686406004744552e-05
2017,E08000007,291045,1221,140249,0.008705944427411247,2533.8215958759065,male,90+,881,0.0030270233125461697,2.635309673950526e-05
2017,E08000009,235493,30,120313,0.000249349613092517,58.72008843599611,female,90+,1509,0.006407833778498724,1.5977908734298182e-06
2017,E08000009,235493,30,120313,0.000249349613092517,58.72008843599611,male,90+,681,0.0028918057012310345,7.210706327406933e-07
