ltla,sex,0-4,5-9,10-14,15-19,20-24,25-29,30-34,35-39,40-44,45-49,50-54,55-59,60-64,65-69,70-74,75-79,80-84,85-89,90+
E06000001,female,2747,2797,2482,2848,2888,3025,2816,2521,3031,3504,3550,3043,2719,2663,1967,1914,1490,863,517
E06000001,male,2911,2880,2706,2948,2896,2933,2631,2303,2917,3272,3423,3005,2672,2674,1724,1529,1078,536,183
E06000002,female,4814,4401,3897,4452,5653,4965,4614,3767,4319,4671,4883,4428,3723,3376,2626,2396,1885,1109,676
E06000002,male,5097,4502,3971,4698,6479,5240,4130,3738,4039,4349,4533,4146,3538,3299,2327,2005,1367,647,231
E06000003,female,3838,3606,3419,3831,3940,4134,3866,3466,4408,5178,5114,4560,4396,4716,3549,3039,2149,1361,861
E06000003,male,4083,3952,3628,4136,4033,3915,3495,3175,3984,4766,4953,4402,4015,4415,3286,2594,1621,873,345
E06000004,female,6071,6040,5226,5612,6100,6470,6442,5783,6591,7159,7355,6287,5580,5427,3927,3547,2795,1529,978
E06000004,male,6405,6125,5649,6160,6605,6420,6157,5307,6297,7030,6776,6111,5465,5082,3626,2946,2003,929,411
E06000005,female,3163,3190,2844,3113,2995,3274,3407,3194,3783,3934,3890,3437,3143,3199,2305,2179,1557,1097,698
E06000005,male,3338,3242,3067,3106,2798,3134,3208,3074,3519,3839,3757,3270,2971,3147,2172,1760,1130,679,264
E06000006,female,4015,4019,3574,3658,3829,4172,4149,3883,4508,4491,4684,4364,4039,3673,2571,2104,1597,917,505
E06000006,male,4195,4222,3613,3835,3813,3961,3860,3648,4239,4432,4380,3998,3904,3663,2393,1770,1076,552,195
E06000007,female,6188,6035,5690,5864,5606,6484,6736,6346,7645,8210,7673,6252,5707,5969,4746,3736,2586,1673,1035
E06000007,male,6430,6402,6138,6149,6150,6394,6658,6363,7620,8118,7860,6282,5615,5690,4099,3229,1951,961,391
E06000008,female,5355,5404,4924,4818,4403,5294,5298,4482,5092,5074,4738,4069,3600,3421,2473,2061,1566,1040,576
E06000008,male,5730,5468,5152,5360,4714,4944,5326,4716,5165,5225,4746,4113,3662,3415,2294,1821,1104,548,225
E06000009,female,4203,3882,3643,4129,4352,4396,4042,3657,4658,5394,5170,4417,3957,4481,3451,2965,2250,1541,1020
E06000009,male,4198,4053,3737,4171,4301,4335,4003,3615,4650,5414,5379,4672,3983,4334,3161,2462,1607,863,352
E06000010,female,8738,7572,6308,7357,11554,10545,9118,7340,8128,8425,8639,7205,6368,6094,4408,4033,3186,1986,1155
E06000010,male,9239,8117,6722,7778,12327,10853,9258,8205,8562,8779,8596,7176,6465,6028,3865,3415,2231,1147,492
E06000011,female,7871,8575,8606,9624,7468,7706,8028,8870,11465,13069,12981,11935,12056,13431,9768,8235,6082,3735,2481
E06000011,male,8477,8967,8881,10116,8546,7779,7847,8485,10962,12456,12953,11572,11346,12770,8923,7104,4693,2406,973
E06000012,female,5034,4755,4281,4589,4878,5410,4894,4175,5236,5961,5781,5052,4606,4815,3631,3284,2494,1609,1043
E06000012,male,5092,5048,4330,4848,4983,5353,4565,4235,5259,5590,5779,4908,4626,4652,3292,2694,1920,909,408
E06000013,female,4837,5009,4529,4602,4575,5173,5065,4536,5608,6388,6164,5690,5398,5379,4061,3250,2537,1622,1176
E06000013,male,4941,5312,4806,4901,4730,5053,4928,4522,5492,6362,6367,5556,5314,5343,3815,2957,1859,969,387
E06000014,female,5186,5153,4553,6928,11394,6958,6408,5910,6558,6844,6757,5665,5300,5854,4394,3950,2976,2040,1361
E06000014,male,5440,5309,4726,6814,11085,7396,6707,5854,6486,6713,6409,5565,5087,5220,3651,3110,2121,1189,583
E06000015,female,8894,8145,6916,7533,9510,9407,8829,7747,8414,8940,8143,6620,5930,6132,4781,4201,3418,2428,1496
E06000015,male,9004,8658,7612,8192,10118,9364,8576,7720,8292,8920,8116,6604,5803,5688,4123,3493,2578,1376,592
E06000016,female,12518,11339,9713,11387,19064,14695,13082,10663,10340,10148,9821,8660,7416,5984,4649,4271,3334,2339,1436
E06000016,male,12905,11814,10178,11505,18508,14036,13778,11491,10314,9837,9670,8585,7520,5891,4019,3343,2331,1305,602
E06000017,female,842,970,1038,1243,792,751,857,913,1205,1397,1302,1230,1271,1365,1075,887,613,486,327
E06000017,male,942,976,1137,1546,1146,1309,1056,1142,1225,1364,1380,1156,1235,1338,987,801,541,269,149
E06000018,female,10207,9017,7553,12307,23697,12307,10976,8827,8966,9339,8580,7087,6102,5338,4305,3959,3222,2291,1377
E06000018,male,10725,9498,7988,12222,24953,13683,12199,10016,9641,9339,8677,7156,6358,5562,3744,3109,2302,1196,560
E06000019,female,4796,4706,4837,5115,4507,4955,5053,4778,5878,7080,6846,6595,6353,6870,5168,4159,3293,2298,1548
E06000019,male,5123,5182,4951,5375,4995,5576,5367,4867,5707,6850,6792,6121,6110,6517,4940,3799,2618,1435,577
E06000020,female,5621,5504,5064,5410,5155,5459,5488,4993,5961,6386,5951,5027,4809,4754,3514,2721,1884,1136,763
E06000020,male,5808,5558,4997,5593,5839,5321,5500,5206,6064,6436,5827,4861,4694,4384,3339,2300,1442,721,278
E06000021,female,8669,7919,6586,7232,9405,9192,8330,7064,8169,8458,7984,7254,6686,6830,5137,4248,3288,2030,1264
E06000021,male,9093,8040,6809,7627,9538,9141,8764,7466,8473,8854,8394,7295,6737,6595,4877,3538,2373,1180,417
E06000022,female,4525,4671,4454,6277,9400,5129,4727,4880,5864,6320,6301,5323,5086,5334,4038,3459,2839,1997,1408
E06000022,male,4943,4942,4764,6476,9834,5819,4785,4609,5609,6212,5881,5152,4664,5029,3540,3008,2114,1241,587
E06000023,female,15149,12859,10561,13222,23502,21175,19213,14667,13474,13336,12486,10606,9473,8831,6788,5861,4924,3566,2560
E06000023,male,15919,13193,10810,13102,23174,22485,20180,16229,14359,13713,12158,10608,9336,8773,6235,4806,3512,1995,951
E06000024,female,5890,5679,5586,5535,4644,5261,5871,5991,7256,7930,7491,6767,6734,7721,5610,4664,3745,2601,1937
E06000024,male,6235,6207,5754,5877,4730,5017,5422,5719,7119,7663,7402,6325,6275,7143,5274,4010,2757,1551,792
E06000025,female,7904,8070,7210,8129,7629,8346,8398,8358,9583,10815,9878,7956,7346,7748,6182,5032,3903,2379,1621
E06000025,male,8324,8227,7416,8882,8873,8317,8470,8219,9485,10485,10063,7922,7209,7322,5716,4304,3038,1562,673
E06000026,female,7887,7036,6184,8126,12146,8676,8663,7069,8310,8972,8575,7526,7013,7313,5390,4709,3628,2354,1552
E06000026,male,8169,7258,6592,8466,13985,9327,8821,7221,7863,8590,8433,7578,6471,6921,5090,3853,2708,1371,666
E06000027,female,3613,3289,3183,3581,3257,3540,3418,3272,4175,4814,4942,4510,4672,5213,3993,3309,2648,1972,1402
E06000027,male,3646,3472,3341,3868,3477,3515,3084,2904,3990,4616,4718,4331,4201,5106,3670,2838,2005,1077,602
E06000030,female,7396,6709,5874,6179,5841,7617,8040,7319,8075,8202,7694,6281,5482,5238,3866,3198,2573,1658,1007
E06000030,male,7682,7090,6138,6339,5933,7145,7916,7657,8648,8649,7976,6391,5480,4967,3502,2741,1970,1057,461
E06000031,female,7464,6396,5466,5465,5514,7543,7468,6402,6486,6600,5970,5186,4726,4285,3147,2741,2327,1557,879
E06000031,male,8081,6655,5643,5766,5951,7610,7592,6791,6634,6512,5993,4922,4390,4200,2889,2316,1657,895,374
E06000032,female,8486,7580,6513,6620,7536,8879,8752,7173,6532,6809,6306,5026,4267,3743,3010,2874,2113,1235,820
E06000032,male,8993,8234,6778,6753,8021,9517,9278,7597,6874,6606,6348,5067,4143,3619,2679,2553,1658,840,341
E06000033,female,5567,5381,4601,5051,4963,5678,5932,5843,6559,6676,6053,4965,4865,5243,3906,3286,2691,2091,1529
E06000033,male,5852,5501,4993,5314,5010,5396,5951,5620,6492,6486,6319,5086,4623,4945,3389,2744,1998,1197,571
E06000034,female,6044,5884,4791,4922,4814,6007,6411,6216,6119,6132,5172,4265,3999,3891,2736,2170,1668,1166,683
E06000034,male,6327,5914,4992,5116,4901,5452,5739,5925,6111,6383,5389,4422,4000,3755,2362,1817,1209,655,263
E06000035,female,8917,8441,7978,8552,9919,9369,9277,8519,9318,10071,9582,7963,7001,7268,5029,4235,3041,1907,1286
E06000035,male,9436,8804,8293,9132,10078,9747,8977,8482,9399,9997,9350,7913,6907,6990,4699,3512,2277,1091,455
E06000036,female,4023,3901,3333,3544,2901,3846,4521,4509,4599,4724,4402,3474,2858,2772,1835,1663,1177,762,562
E06000036,male,4128,4068,3533,3860,3216,3977,4190,4177,4641,4654,4391,3597,2925,2553,1685,1353,933,500,210
E06000037,female,4766,4754,4733,4714,3483,4126,4632,5233,6075,6355,5825,5057,4584,4626,3242,2565,1969,1255,853
E06000037,male,5052,5126,4956,4907,3820,4237,4505,4797,5879,6361,6023,5135,4414,4472,3081,2293,1540,807,381
E06000038,female,6126,5031,3946,4704,7561,6865,7487,6034,5260,5071,4458,3624,3012,2976,2267,1926,1583,1037,740
E06000038,male,6427,5361,4094,4720,7189,6862,7709,6729,5864,5331,4742,3792,3056,2808,2048,1670,1098,728,332
E06000039,female,6533,5790,4575,4130,3979,6197,7370,6111,5035,4624,4116,3460,2658,2149,1642,1381,1184,709,452
E06000039,male,6727,6048,4788,4449,4050,5353,7023,6657,5627,4927,4076,3491,2934,1996,1496,1166,823,391,223
E06000040,female,4550,4487,4228,3979,3147,4196,5027,5199,5707,5891,5185,4286,3927,4187,3147,2678,2147,1440,1097
E06000040,male,4709,4824,4752,4658,3283,4298,4740,5003,5617,5788,5348,4304,3748,3932,2785,2196,1622,915,449
E06000041,female,4973,5162,4845,4534,3358,4200,4990,5797,6306,6477,6070,4918,4320,4515,3273,2726,2040,1246,894
E06000041,male,5326,5501,5116,4931,3757,4297,4283,5412,6220,6279,6115,5037,4109,4158,3018,2393,1638,806,374
E06000042,female,9990,9375,7836,7164,6530,9529,10880,10302,9700,9396,8554,7542,6798,5884,3932,3102,2288,1510,1056
E06000042,male,10530,9861,8194,7765,6642,8938,10539,10458,9831,9384,8446,7311,6429,5484,3579,2503,1654,897,412
E06000043,female,7423,6945,6404,8183,16146,11307,10582,9893,10463,10461,9082,6684,5811,5610,4202,3633,3161,2344,1699
E06000043,male,7630,7410,6839,8204,15776,12297,11534,10325,10973,10865,9096,6767,5814,5784,3934,3059,2275,1361,674
E06000044,female,6704,6040,5190,6536,10968,8043,7415,6158,6569,6875,6414,5242,4340,4690,3320,2981,2361,1714,1227
E06000044,male,6935,6392,5409,6941,13334,8675,7863,6425,6944,6847,6608,5393,4334,4499,3129,2426,1681,929,486
E06000045,female,7824,6657,5404,8109,15030,9931,9269,7375,6789,7020,6731,5722,5219,5120,3758,3220,2770,1975,1304
E06000045,male,8426,7060,5770,8180,17141,10755,9970,8332,7573,7206,7010,6006,5039,4879,3371,2616,1909,1147,489
E06000046,female,3276,3246,3394,3809,3251,3316,3217,3208,4450,5284,5103,4855,5069,5811,4375,3383,2764,1976,1459
E06000046,male,3467,3623,3594,4241,3570,3420,3306,3228,3928,4899,4869,4686,4699,5565,4152,3019,2074,1143,603
E06000047,female,13942,13824,12592,15057,18581,15223,15106,13979,17018,19602,19238,17843,16477,16859,12414,10578,7606,4786,2790
E06000047,male,14878,14403,13191,15945,19117,14694,15145,13301,16373,19231,18713,16835,15798,16258,11505,8890,5731,2879,1171
E06000049,female,9867,10242,9958,10159,9003,9444,10177,10747,13689,15251,14589,12323,11815,12779,9703,7988,6170,4244,2978
E06000049,male,10521,10968,10221,10947,9809,9282,9649,10149,12846,14397,14350,12136,11481,12389,8942,6963,4704,2557,1169
E06000050,female,9064,8923,8601,9548,10140,9378,9714,9521,11741,12998,12668,10956,10313,10909,8219,6824,5214,3436,2250
E06000050,male,9517,9527,8881,9955,9931,9149,9002,8978,11157,12223,12283,10407,10125,10405,7598,5910,3840,2059,908
E06000051,female,7433,8005,8299,8739,7386,7742,7893,7923,10142,11815,11595,10474,10560,11397,8867,6898,5333,3542,2560
E06000051,male,7983,8348,8278,9398,8886,9147,8142,7812,10083,11744,11885,10229,9931,10736,8164,6114,4156,2189,946
E06000052,female,14197,13952,13668,15367,14593,13398,14150,14287,18162,20322,20002,19228,19575,21737,15589,12202,9440,6546,4468
E06000052,male,14968,14669,14428,16327,15335,13643,13544,13342,16310,18694,18969,17752,17954,20695,14517,10789,7347,4024,1771
E06000053,female,53,47,54,42,65,69,82,49,96,69,82,73,75,92,58,51,37,30,23
E06000053,male,53,67,53,36,64,76,61,75,57,86,70,91,80,91,78,39,29,29,10
E06000054,female,14001,14282,13800,14073,11053,12611,13477,13776,17717,19130,18019,15670,14778,15586,11609,9404,7355,5110,3545
E06000054,male,14609,14981,14126,14737,13399,14787,13522,13120,16537,18292,17861,15265,14109,14873,10726,8281,5711,3176,1452
E06000055,female,5381,5073,4657,4885,4790,5048,5749,5432,5738,6090,5869,4894,4369,4370,3223,2774,2336,1530,983
E06000055,male,5509,5317,5040,5435,5008,4765,5315,5100,5707,6187,5605,4892,4206,4246,3004,2406,1670,989,407
E06000056,female,8438,8250,7398,7143,6670,8153,8927,9034,9948,10656,10181,8420,7791,7737,5586,4436,3261,2009,1234
E06000056,male,8748,8443,7760,7967,7213,8297,8152,8437,9594,10456,10066,8562,7477,7473,5223,4109,2640,1391,566
E06000057,female,7646,7919,8115,8406,7605,8241,8498,8226,10271,12126,12834,12130,11597,12000,8549,7050,5285,3331,2233
E06000057,male,8065,8683,8542,9156,8299,8281,7794,8127,9624,11232,12053,11401,10792,11393,8001,6190,4065,2150,922
E06000058,female,10573,9848,8851,10795,13261,12091,13073,11443,12376,13233,12708,11143,11098,12128,9045,8083,7299,5224,3848
E06000058,male,11297,10545,9370,10786,14016,12540,13558,12403,13021,13753,12951,10823,10296,11431,8278,7021,5273,3211,1665
E06000059,female,8453,9148,9220,9886,7519,7846,8266,8583,11375,13264,14038,13158,13884,15654,11802,9646,7962,5441,3827
E06000059,male,8846,9479,9945,11101,9214,8616,7752,8360,10804,12715,13400,12400,12364,14475,10926,8610,6206,3639,1661
E06000060,female,16042,16624,15643,15161,13216,14312,15683,16822,19309,20810,19307,16380,14529,14990,11481,9653,7369,4965,3425
E06000060,male,16732,17310,16566,16292,13250,13570,14444,15987,18717,20108,19399,16386,14030,14006,10216,8185,5700,2933,1348
E07000008,female,3331,3072,2553,4250,8810,4941,4829,4005,3561,3454,3095,2795,2506,2283,1686,1555,1299,1024,826
E07000008,male,3645,3144,2654,4523,10367,6734,5565,4459,3855,3692,3230,2811,2341,2161,1523,1251,958,622,325
E07000009,female,2790,2632,2274,2290,1909,2504,2985,2997,3231,3357,3168,2609,2565,2697,1908,1497,1246,919,539
E07000009,male,2850,2944,2532,2392,2026,2355,2691,2917,3258,3346,3068,2559,2419,2595,1902,1398,928,546,202
E07000010,female,2830,2447,2541,2741,2545,2853,2838,2533,3237,3504,3499,3166,3221,3328,2460,2135,1677,1156,715
E07000010,male,2936,2662,2584,2837,2691,2932,2783,2644,3130,3495,3476,3024,3089,3310,2336,1910,1338,692,296
E07000011,female,5113,4913,4726,4823,4245,5206,5496,5435,6370,6859,6531,5399,5196,5446,3939,2981,2168,1469,1051
E07000011,male,5415,5301,5034,5189,4517,5435,5243,5302,6354,6804,6456,5538,5001,5432,3665,2763,1742,900,426
E07000012,female,4594,4805,4466,4312,3185,3969,4785,5298,5919,6127,5701,4699,4444,4616,3330,2672,2123,1469,956
E07000012,male,4842,5105,4658,4532,3310,4005,4490,5175,5756,5883,5565,4786,4286,4503,3040,2452,1629,1002,443
E07000026,female,2496,2373,2393,2619,2308,2366,2588,2365,3319,3860,3720,3420,3395,3485,2645,2225,1646,1152,680
E07000026,male,2341,2621,2580,2884,2591,2471,2433,2336,2993,3779,3613,3325,3262,3537,2635,1913,1267,632,264
E07000027,female,1805,1835,1780,1936,1867,2088,1797,1794,2404,2668,2445,2214,2112,2252,1789,1407,995,633,443
E07000027,male,1849,1973,1837,2079,2010,2082,1865,1696,2142,2617,2636,2134,2079,2245,1726,1221,786,359,169
E07000028,female,3075,2883,2690,2985,3678,3087,3410,2864,3638,3955,4088,3661,3355,3387,2631,2223,1744,1206,739
E07000028,male,3205,3017,2722,2928,3372,3067,3242,2928,3647,3831,4063,3585,3354,3239,2436,1809,1311,669,335
E07000029,female,1797,1761,1694,1862,1740,1926,1940,1852,2336,2657,2746,2480,2263,2264,1776,1500,1115,661,411
E07000029,male,1931,1925,1811,1992,2049,2054,1918,1760,2228,2730,2799,2596,2318,2452,1804,1336,833,393,156
E07000030,female,1142,1206,1297,1352,1179,1121,1196,1235,1775,2163,2074,1968,1969,1984,1497,1302,951,680,456
E07000030,male,1238,1370,1359,1526,1430,1293,1173,1146,1570,2073,2096,1806,2012,2043,1527,1125,756,382,177
E07000031,female,2098,2377,2424,2600,1926,2198,2441,2536,3411,4003,4202,3869,3900,4265,3246,2626,2212,1604,977
E07000031,male,2215,2495,2665,3011,2360,2214,2316,2375,3075,3812,3874,3698,3669,4398,3088,2418,1576,920,407
E07000032,female,3157,3204,3176,3562,3291,3480,3555,3479,4504,5018,4576,4104,4075,4342,3158,2420,1835,1265,941
E07000032,male,3377,3358,3377,3510,3353,3231,3341,3297,4468,4859,4650,4184,4003,4315,3008,2115,1371,764,327
E07000033,female,2205,2154,2001,2286,2130,2393,2334,2043,2847,3136,2743,2461,2299,2424,1880,1477,1110,733,498
E07000033,male,2207,2210,2084,2333,2289,2232,2289,2118,2690,3169,2817,2485,2345,2397,1789,1245,823,397,158
E07000034,female,2942,2774,2522,2962,2993,3163,3017,3100,3722,4027,3830,3386,3154,3369,2552,2088,1608,1155,771
E07000034,male,2882,2822,2633,3244,3005,3112,3179,2839,3633,4000,3872,3441,3215,3122,2371,1700,1191,653,282
E07000035,female,1474,1732,1932,1983,1437,1383,1377,1657,2386,2920,2931,2642,2713,2906,2152,1767,1302,923,617
E07000035,male,1463,1818,1985,2129,1708,1642,1411,1534,2238,2969,2893,2635,2656,2851,2003,1504,994,521,232
E07000036,female,3226,3123,2845,3277,3248,3689,3506,3398,4166,4659,4214,3479,3299,3516,2703,2217,1831,1134,773
E07000036,male,3478,3318,3046,3385,3279,3422,3232,3108,3982,4527,4343,3579,3167,3350,2503,1878,1298,649,308
E07000037,female,2395,2466,2474,2705,2571,2347,2479,2511,3234,3873,3712,3127,2893,3023,2295,1692,1256,839,597
E07000037,male,2418,2598,2451,2828,2796,2432,2285,2292,3176,3697,3693,3200,3066,2961,1983,1440,938,454,220
E07000038,female,2325,2509,2506,2704,2477,2517,2474,2602,3474,3914,3760,3542,3388,3857,2947,2317,1694,1033,653
E07000038,male,2476,2538,2516,2866,2739,2481,2453,2372,3214,3884,3666,3503,3278,3667,2674,2065,1295,697,306
E07000039,female,2831,2898,2824,2801,2629,2850,3200,3181,3747,4043,3642,3059,2968,2939,2045,1607,1257,769,458
E07000039,male,2967,3138,2950,3200,2612,2653,2955,3029,3688,4114,3542,3015,2916,2913,2028,1352,907,479,189
E07000040,female,2968,3257,3239,3529,2544,2692,2942,3102,4280,4917,4907,4751,5064,6094,4689,4020,3362,2436,1771
E07000040,male,3296,3471,3485,3811,3223,3084,2785,2914,3795,4542,4466,4351,4591,5475,4310,3425,2605,1499,826
E07000041,female,3265,3055,2525,4622,8089,4578,4322,3579,3526,3889,3580,3186,2981,2999,2274,1958,1777,1337,956
E07000041,male,3628,3184,2689,4253,8322,5180,4455,3774,3693,3854,3509,3020,2697,2640,1941,1561,1149,655,316
E07000042,female,2179,2247,2151,2286,1763,1964,2099,2105,2647,3046,3050,2720,2693,2813,2119,1652,1369,900,625
E07000042,male,2273,2438,2350,2433,1930,1869,2001,1870,2543,2808,2829,2588,2667,2778,2075,1515,994,631,252
E07000043,female,2509,2506,2352,2554,2114,2344,2342,2411,2976,3520,3519,3227,3219,3649,2809,2167,1738,1220,876
E07000043,male,2613,2554,2549,2717,2525,2481,2324,2256,2855,3273,3372,3041,2983,3491,2506,2003,1327,755,350
E07000044,female,1886,2044,2191,2148,1500,1668,1822,2038,2614,3397,3521,3317,3459,3776,2655,2034,1646,1140,733
E07000044,male,1983,2149,2231,2445,1946,1859,1678,1794,2256,2907,3159,3083,3153,3510,2465,1895,1259,723,351
E07000045,female,3077,3137,3077,3265,2827,3020,3117,3186,4055,4950,5042,4552,4756,5199,3808,2994,2462,1943,1371
E07000045,male,3275,3389,3325,3600,2985,3107,2898,2969,3779,4552,4738,4204,4311,4880,3506,2611,1833,1071,561
E07000046,female,1601,1596,1625,1670,1482,1549,1482,1617,2036,2316,2481,2515,2646,2770,2028,1579,1187,792,562
E07000046,male,1754,1720,1731,1856,1591,1476,1412,1467,1883,2303,2308,2325,2428,2698,2062,1400,993,510,206
E07000047,female,1246,1355,1326,1418,1038,1197,1215,1312,1648,2069,2311,2018,2129,2335,1656,1296,1012,715,547
E07000047,male,1258,1455,1430,1497,1182,1277,1187,1172,1564,1995,2117,1963,1949,2231,1656,1165,793,413,196
E07000061,female,2825,2490,2488,2957,2830,2775,3079,2896,3248,3505,3410,3082,3165,3562,2592,2467,2199,1681,1276
E07000061,male,2940,2762,2609,3110,3062,2822,2989,2682,3030,3351,3318,2808,2735,3227,2318,2005,1495,987,563
E07000062,female,2830,2579,2397,2716,2798,2943,2754,2592,3043,3465,3350,3038,2766,2919,1903,1623,1233,944,770
E07000062,male,2961,2721,2496,2827,2714,2712,2756,2657,3098,3499,3243,2689,2575,2850,1823,1381,900,516,279
E07000063,female,2401,2655,2630,2731,2190,2325,2489,2713,3380,3884,3688,3426,3415,3745,2871,2471,2025,1481,1107
E07000063,male,2733,2925,2898,2898,2461,2419,2516,2311,3020,3802,3671,3224,3159,3397,2520,1973,1527,906,441
E07000064,female,1957,2187,2164,2413,1869,1800,1834,1951,2579,3340,3399,3337,3613,4414,3297,2794,2264,1738,1311
E07000064,male,2093,2260,2289,2664,2031,1838,1691,1655,2415,3107,3279,3015,3192,3962,2934,2383,1679,1073,549
E07000065,female,3661,4176,4229,4374,3310,3227,3549,4004,5352,6144,6129,5451,5375,6325,4643,3759,3004,2023,1566
E07000065,male,3891,4507,4423,4536,3498,3373,3272,3295,4749,5758,5858,5236,4892,5745,4223,3205,2325,1318,600
E07000066,female,5992,5607,5099,5354,5241,6075,6288,5987,6434,6801,6421,5461,4815,5162,3706,3277,2623,1559,988
E07000066,male,6199,5995,5413,5657,5224,5807,5703,5723,6103,6629,6090,5224,4522,4643,3110,2575,1870,906,393
E07000067,female,4383,4657,4143,4159,3878,4479,4509,4669,5450,5972,5473,4772,4549,4942,3299,2548,2014,1504,1075
E07000067,male,4717,4736,4497,4537,3958,4207,4310,4343,5445,5751,5340,4610,4313,4502,3164,2317,1547,918,389
E07000068,female,1970,2115,2168,2231,1921,2157,2305,2424,2724,3050,2996,2394,2120,2296,1693,1620,1365,913,608
E07000068,male,2193,2119,2171,2311,2039,2211,2019,2340,2507,2890,2954,2321,1987,2172,1485,1281,1003,572,269
E07000069,female,2229,2223,2325,2501,2418,2239,2205,2274,2901,3300,3191,2887,3130,3681,2721,2247,1588,948,647
E07000069,male,2136,2273,2411,2791,2619,2402,2047,2093,2691,3281,3189,2819,2780,3332,2372,1891,1270,583,277
E07000070,female,4883,4899,4706,4666,4881,5360,5580,5498,6217,6571,6145,5347,4749,5402,3724,3187,2449,1635,1062
E07000070,male,5178,5279,4920,5103,4976,5453,5502,5383,6239,6315,5977,5225,4631,4909,3305,2792,1981,981,480
E07000071,female,5575,5090,4665,5161,7145,6274,6055,5758,6141,6662,5869,5058,4930,5341,3725,2909,2326,1565,1070
E07000071,male,5920,5521,4843,5633,8002,6402,6073,5766,6209,6285,5747,4766,4494,4796,3334,2647,1828,999,389
E07000072,female,3845,3620,3401,3428,3520,3780,4088,4202,4739,5255,4895,4059,3724,3943,2848,2459,2095,1414,998
E07000072,male,4075,3863,3449,3725,3657,3562,3646,3805,4326,4806,4667,3911,3448,3746,2533,2081,1556,875,407
E07000073,female,3235,2738,2350,2422,2481,3085,3336,2908,2925,3032,2939,2568,2143,1906,1507,1519,1329,781,423
E07000073,male,3353,2922,2426,2664,2478,2785,3142,2765,2696,2910,2855,2489,1975,1762,1240,1028,877,462,163
E07000074,female,1426,1639,1621,1690,1425,1403,1435,1633,2253,2627,2372,2313,2227,2588,1738,1341,982,608,435
E07000074,male,1566,1753,1724,1951,1620,1416,1255,1497,1993,2529,2401,2291,2236,2447,1683,1301,821,388,173
E07000075,female,2055,2242,2373,2528,2166,1944,2159,2421,3094,3391,3198,2716,2705,3137,2255,1954,1457,973,559
E07000075,male,2175,2401,2380,2698,2380,2088,1924,2276,2930,3277,3071,2774,2527,2905,2006,1647,1196,596,231
E07000076,female,3504,3553,3333,3744,3395,3144,3032,3190,4105,4842,4966,4710,5132,6511,4871,4030,3181,2203,1532
E07000076,male,3622,3515,3631,4133,3634,3058,2767,2852,3690,4566,4650,4372,4531,5739,4528,3656,2440,1409,624
E07000077,female,2397,2571,2600,2543,1882,1977,2224,2559,3292,3507,3370,2776,2408,2559,1889,1429,1160,842,574
E07000077,male,2507,2787,2747,2746,2067,2054,1969,2337,3039,3426,3251,2834,2423,2560,1769,1319,918,483,271
E07000078,female,3290,2991,2991,3724,4402,4253,4142,3484,3777,4004,3986,3293,3123,3214,2480,2132,1787,1283,969
E07000078,male,3411,3158,2948,3369,4312,4285,4532,3738,3886,4144,3906,3270,2930,2891,2070,1784,1234,800,386
E07000079,female,1989,2161,2237,2383,1994,1783,1911,2198,2957,3494,3479,3009,3075,3221,2490,1963,1659,1152,801
E07000079,male,2017,2238,2274,2390,2280,1701,1802,1972,2819,3226,3158,2925,2854,2989,2318,1744,1252,698,307
E07000080,female,2059,2104,2151,2660,2085,1872,1967,1935,2825,3315,3281,3006,3061,3172,2330,1826,1372,932,643
E07000080,male,2104,2185,2247,2832,2260,1955,1817,1906,2684,3272,3155,2839,2930,3016,2358,1664,1056,547,259
E07000081,female,4365,3834,3479,3667,3926,4681,4559,3764,4340,4777,4388,3701,3221,3209,2428,1932,1580,1129,721
E07000081,male,4390,4022,3496,4095,4102,4284,4395,4026,4378,4730,4446,3639,3067,2943,2194,1727,1143,632,276
E07000082,female,2879,3207,3250,3192,2524,2667,2726,3178,4262,4654,4608,4060,3845,4071,2972,2418,1887,1228,798
E07000082,male,3112,3410,3399,3500,2825,2648,2767,3117,4197,4554,4405,3973,3765,3803,2789,2130,1403,745,306
E07000083,female,2372,2303,2239,2200,1903,2322,2487,2491,2953,3332,3296,2857,2801,2902,2318,1842,1439,972,670
E07000083,male,2662,2495,2353,2383,2068,2149,2397,2431,2870,3384,3150,2714,2611,2722,2096,1649,1080,616,269
E07000084,female,5791,5358,4768,4834,4143,5626,6322,6028,6531,6957,6437,5085,4625,4923,3412,2715,1999,1251,818
E07000084,male,6154,5637,4998,5218,4182,5132,5833,5869,6478,6985,6587,5199,4589,4521,3184,2355,1599,840,391
E07000085,female,3097,3369,3313,3643,2594,2607,2819,3385,4188,4923,4926,4131,3669,4163,3143,2453,1927,1342,952
E07000085,male,3210,3396,3538,3937,2863,2751,2527,2789,3923,4461,4690,4106,3621,3847,2807,2155,1464,869,387
E07000086,female,3880,3854,3437,3570,3398,4046,4349,4234,4602,4959,4757,4094,3814,3779,2785,2395,1828,1213,784
E07000086,male,4146,4044,3721,3863,3500,3884,3919,3940,4483,4635,4577,4141,3572,3670,2538,1987,1382,771,316
E07000087,female,2907,2942,3019,3174,2660,3015,2992,3198,4153,4694,4417,3754,3563,4033,3166,2545,2059,1272,887
E07000087,male,2873,3107,3228,3622,3263,3114,3044,2896,3864,4225,4385,3854,3196,3805,2690,2209,1628,869,341
E07000088,female,2455,2460,2363,2402,2369,2692,2600,2397,2909,3085,3025,2629,2358,2667,1807,1597,1341,815,554
E07000088,male,2713,2671,2400,2661,2620,2825,2661,2455,2779,2923,3043,2685,2240,2516,1602,1349,949,496,233
E07000089,female,2790,3015,2751,2527,1890,2160,2690,3195,3827,3784,3531,2880,2644,2978,2188,1712,1216,826,547
E07000089,male,2899,3132,2937,2884,2185,2710,2538,3045,3667,3805,3635,2806,2441,2656,1942,1507,985,536,219
E07000090,female,3227,3278,3219,3668,3356,3319,3279,3066,3979,4700,4615,4152,3744,4360,3265,2917,2352,1509,963
E07000090,male,3531,3591,3375,3785,3680,3312,3060,2853,3587,4203,4389,3942,3584,3953,2866,2382,1855,993,436
E07000091,female,4271,4490,4411,4623,3843,4084,4110,4554,5767,6687,6689,6300,6379,7317,5599,4789,3989,2889,2183
E07000091,male,4402,4718,4643,5039,4086,3997,3799,4028,5141,6175,6397,5773,5919,6827,5037,4096,3148,1888,927
E07000092,female,3269,2936,2429,2782,2893,3699,3702,3607,3641,3724,3185,2504,2207,2121,1535,1287,921,683,469
E07000092,male,3489,3079,2623,2864,3233,3699,3810,3467,3755,3690,3371,2563,2075,2114,1518,1093,649,361,181
E07000093,female,3423,3520,3365,3360,2838,3067,3176,3581,4564,4806,4725,3912,3752,4103,2997,2340,1778,1215,853
E07000093,male,3406,3649,3439,3502,2909,3031,2966,3311,4165,4668,4619,4044,3541,3840,2707,2211,1369,742,341
E07000094,female,3189,3499,3222,3979,4374,2867,3235,3648,4273,4492,4386,3814,3524,3791,2828,2367,1923,1464,1018
E07000094,male,3390,3618,3603,4277,3627,2917,2951,3301,4046,4352,4297,3747,3370,3597,2571,2038,1466,843,386
E07000095,female,3144,2978,2633,2751,2682,3189,3394,3117,3523,3863,3487,2911,2457,2646,1997,1865,1432,904,491
E07000095,male,3232,3045,2932,2963,2774,2911,3035,3012,3167,3622,3226,2736,2262,2449,1744,1456,1088,518,201
E07000096,female,4823,4552,4199,4289,3747,4704,5219,5189,5500,5712,5575,4771,3954,3987,2767,2524,2196,1464,911
E07000096,male,5217,4878,4315,4361,3871,4617,4796,5153,5400,5589,5458,4760,3966,3618,2470,2067,1553,938,405
E07000098,female,3402,3257,2941,2923,2771,3328,3500,3471,3790,4019,3782,3092,2696,2780,2140,1774,1514,1126,817
E07000098,male,3519,3468,3173,3130,2669,3060,3092,3250,3364,3706,3528,3012,2508,2521,1794,1500,1093,700,330
E07000099,female,4092,4001,3654,3620,2986,3717,4533,4571,4986,5271,4657,3920,3558,3684,2739,2403,1979,1312,955
E07000099,male,4430,4116,3772,3733,3097,3664,4149,4435,4875,5064,4828,3896,3455,3465,2587,2048,1518,737,395
E07000102,female,2818,2832,2686,2604,2238,2426,3014,3146,3415,3620,3433,2820,2464,2514,1870,1694,1365,935,661
E07000102,male,2905,2970,2838,2703,2264,2402,2579,3042,3203,3532,3310,2748,2333,2324,1615,1393,996,572,241
E07000103,female,3789,3130,2640,2508,2703,4158,4619,3900,3584,3263,2909,2346,2002,1860,1412,1293,1010,725,492
E07000103,male,3690,3313,2943,2693,2642,3687,4315,4041,3659,3447,3035,2445,1953,1751,1248,1034,774,338,202
E07000105,female,3900,3990,3813,3755,3241,3658,3720,3722,4590,4886,4345,3665,3451,3983,2843,2166,1705,1137,810
E07000105,male,3968,4071,3999,3943,3310,3315,3235,3337,4131,4848,4439,3487,3341,3656,2513,1850,1269,705,362
E07000106,female,3689,3800,3839,6164,10154,4142,3982,3824,4614,5060,4885,4482,4437,5076,3747,3070,2552,1785,1395
E07000106,male,3968,4128,4118,5984,10392,4799,3839,3339,4048,4848,4586,4228,4137,4626,3301,2590,1753,1115,548
E07000107,female,3683,3249,2889,2946,2939,3959,4081,3538,3694,3937,3406,2721,2368,2355,1791,1556,1304,796,522
E07000107,male,3775,3419,3012,3057,2828,3665,3806,3568,3775,3819,3497,2850,2344,2196,1593,1295,1004,545,228
E07000108,female,2912,3185,3026,3298,2910,2893,3078,2874,3638,4174,4209,3994,3718,4235,2955,2365,1853,1302,903
E07000108,male,3197,3211,3070,3646,3045,3026,2853,2825,3522,4197,3963,3836,3638,4132,2878,2163,1411,781,376
E07000109,female,3557,3375,2925,3213,3252,3498,3488,3314,3595,3842,3639,2967,2684,2842,2089,1878,1454,899,523
E07000109,male,3682,3458,3260,3402,3127,3583,3264,3167,3592,3911,3649,3037,2562,2607,1954,1557,1136,589,231
E07000110,female,4831,4719,4540,4399,4201,5117,5285,5006,5806,6197,5666,4940,4591,4956,3601,3021,2363,1529,1024
E07000110,male,5290,5077,4714,4813,4647,5056,4986,4808,5568,6214,5698,4893,4278,4786,3317,2589,1735,873,376
E07000111,female,3576,3681,3365,3345,2715,2808,3183,3705,4382,4788,4292,3872,3685,3962,2813,2387,1971,1294,874
E07000111,male,3756,3836,3451,3318,2576,2932,2877,3491,3939,4509,4320,3565,3500,3677,2545,2019,1518,804,294
E07000112,female,2953,2834,2745,3008,2829,2829,2926,2728,3512,4040,3857,3586,3705,4116,2957,2385,1860,1421,1031
E07000112,male,2942,3131,2937,3281,3035,3091,2830,2825,3492,4058,3903,3420,3417,4015,2814,2122,1433,808,448
E07000113,female,4409,4271,4014,4365,3762,4152,4433,4095,4772,5393,5062,4275,4092,4607,3192,2484,1869,1202,776
E07000113,male,4743,4587,4206,4565,4248,4026,4112,3804,4614,5224,5061,4475,4049,4370,3006,2238,1337,733,278
E07000114,female,4035,3932,3653,4223,3875,4009,3996,3653,4330,4901,4802,4342,4507,5110,3764,3061,2468,1809,1236
E07000114,male,4348,4223,4107,4541,4117,3555,3466,3254,3978,4505,4537,4109,4198,4697,3386,2545,1766,1028,460
E07000115,female,3622,3880,3959,3871,3191,3173,3566,4027,4901,5079,4643,3751,3309,3739,2941,2338,1774,1073,741
E07000115,male,3911,4174,4069,4297,3088,3146,3052,3532,4667,4896,4590,3832,3304,3500,2484,2050,1390,737,286
E07000116,female,3406,3644,3704,3767,2532,3173,3524,3525,4408,4675,4219,3558,3187,3377,2488,1970,1747,1300,924
E07000116,male,3501,3919,3629,3627,2576,3446,3636,3645,4466,4801,4205,3411,2938,3261,2256,1684,1290,748,358
E07000117,female,2908,2788,2270,2476,2752,2999,2899,2589,2762,3101,3019,2681,2522,2701,1839,1484,1141,777,563
E07000117,male,3041,2875,2582,2646,2699,2810,2721,2573,2769,3085,2911,2725,2445,2586,1762,1282,799,417,195
E07000118,female,3229,3168,2905,3063,2753,3483,3305,3386,4093,4308,4014,3522,3370,3634,2648,1902,1419,918,634
E07000118,male,3373,3387,3123,3104,3084,3385,3481,3499,4260,4326,4218,3489,3381,3686,2530,1753,1062,506,222
E07000119,female,1787,1937,1849,1835,1610,1735,1868,1855,2435,3024,3079,2710,2610,3009,2405,2055,1730,1172,768
E07000119,male,1816,2001,1941,1995,1801,1998,1970,1856,2353,2825,2977,2649,2547,2879,2151,1687,1208,703,310
E07000120,female,2636,2529,2247,2521,2351,2745,2629,2288,2754,2859,2753,2312,2196,2418,1714,1389,1087,643,421
E07000120,male,2802,2674,2511,2563,2417,2555,2464,2355,2689,2968,2673,2333,2194,2300,1651,1190,726,418,175
E07000121,female,3728,3319,3408,5064,7297,3970,3973,3634,4167,4919,4809,4254,4061,4250,3175,2825,2227,1480,966
E07000121,male,3968,3824,3598,5188,7948,3765,3675,3407,4011,4580,4533,3965,3763,4110,3097,2374,1594,851,395
E07000122,female,3104,2929,2643,2459,2457,3107,3085,2692,2928,2988,2998,2853,2609,2680,1822,1528,1215,801,515
E07000122,male,3274,3056,2592,2643,2582,3005,3098,2660,2893,2950,2862,2646,2699,2628,1794,1316,854,469,221
E07000123,female,4606,4292,3690,4541,7189,4951,4650,3919,4486,4645,4501,3726,3255,3055,2420,2165,1675,1033,669
E07000123,male,4717,4536,3884,4707,7469,5363,4887,4277,4648,4846,4657,3802,3362,3049,2211,1834,1267,660,263
E07000124,female,1308,1610,1692,1696,1276,1300,1310,1490,2118,2405,2329,2106,1840,2151,1559,1288,998,666,446
E07000124,male,1354,1656,1873,1921,1398,1356,1183,1294,1984,2353,2325,2018,1863,2081,1476,1084,749,392,157
E07000125,female,2173,2152,1890,2042,1858,2127,2165,2134,2524,2730,2601,2246,2158,2091,1411,1084,875,583,381
E07000125,male,2204,2217,2076,1979,1852,1982,1998,1966,2458,2749,2532,2207,2107,2147,1363,976,607,308,151
E07000126,female,2972,3096,2955,2984,2920,3311,3202,3199,3937,4294,4120,3460,3409,3592,2727,2173,1609,1038,640
E07000126,male,3160,3229,2988,3218,3020,3192,3121,3022,3831,4112,3948,3433,3255,3387,2505,1954,1168,673,262
E07000127,female,2862,2985,2906,3792,4324,2731,2705,2802,3908,4201,4219,3723,3589,3911,2924,2446,1669,1069,676
E07000127,male,2986,3266,3219,3709,4292,2947,2454,2560,3484,4087,4016,3533,3298,3520,2710,2143,1292,640,247
E07000128,female,2356,2698,2567,2874,2657,2646,2559,2492,3496,4082,4115,3781,3667,4283,3569,3026,2325,1588,967
E07000128,male,2680,2861,2833,3161,2931,2635,2510,2350,3041,3892,3922,3579,3507,3970,3251,2625,1805,929,364
E07000129,female,2680,2816,2636,2669,2352,2875,2987,2891,3456,3750,3597,2936,2849,3076,2272,1957,1453,935,595
E07000129,male,2799,2936,2708,3126,2652,2574,2766,2638,3316,3684,3520,3009,2745,2903,2096,1617,1144,579,242
E07000130,female,4604,4376,4239,5667,7632,5194,5393,4766,5671,6103,5774,4963,4900,4928,3648,2968,2391,1631,1022
E07000130,male,4835,4757,4441,6910,9867,5246,4925,4725,5675,5864,5663,5105,4777,4731,3379,2592,1824,940,422
E07000131,female,2212,2540,2588,2492,1876,1952,2136,2510,3366,3847,3480,2962,2715,2951,2114,1755,1310,886,665
E07000131,male,2342,2765,2809,2778,2053,2072,1984,2334,3145,3739,3544,2937,2760,2904,2009,1569,1046,541,247
E07000132,female,2900,2787,2841,2825,2660,3034,3167,3161,3868,4218,4042,3528,3664,3748,2675,2062,1550,1114,720
E07000132,male,3135,3087,2945,3062,2730,2867,2950,3098,3715,4223,3987,3507,3467,3710,2497,1919,1216,647,234
E07000133,female,1408,1408,1383,1450,1268,1256,1411,1404,1771,2199,2061,1712,1677,1701,1270,974,788,520,349
E07000133,male,1401,1452,1413,1510,1291,1276,1254,1266,1707,2098,2084,1690,1708,1707,1226,870,583,325,141
E07000134,female,2631,2744,2672,2637,2643,2489,2896,2810,3596,3843,3592,3003,2921,3193,2209,1665,1269,914,613
E07000134,male,2703,2954,2826,2903,2560,2480,2605,2665,3548,3943,3598,3009,3030,3163,2145,1544,984,521,210
E07000135,female,1510,1497,1491,2184,1479,1603,1639,1535,1819,2146,2136,1694,1585,1698,1327,1332,1133,659,452
E07000135,male,1450,1623,1540,2407,1863,1421,1399,1406,1699,1953,2025,1741,1505,1541,1192,1012,789,398,177
E07000136,female,2082,1905,1626,1686,1854,2266,2193,1905,2079,2313,2270,2170,2098,2084,1684,1363,1081,712,471
E07000136,male,2188,1857,1667,1915,1869,2228,2271,1807,2114,2196,2153,1969,1999,2138,1582,1170,859,485,145
E07000137,female,3222,3204,3147,3517,2929,3203,2949,2929,4159,4893,5199,5190,5546,6419,4876,3694,2691,1635,1095
E07000137,male,3326,3250,3330,3658,3381,3166,2988,2741,3701,4485,4791,4654,5175,6328,4809,3514,2246,1182,500
E07000138,female,2824,2355,2047,3781,6359,3678,3447,2621,2760,2957,3082,2462,2412,2187,1610,1445,1181,824,608
E07000138,male,3013,2588,2158,3389,5957,4036,3545,2807,2791,2927,2938,2430,2265,2199,1538,1129,868,477,215
E07000139,female,2876,2942,3109,3040,2494,2891,3027,3070,4090,4497,4267,3512,3561,3991,3266,2432,1822,1165,762
E07000139,male,2967,2983,3081,3299,2780,3003,2992,2809,3737,4273,4119,3329,3314,3845,2942,2351,1471,752,336
E07000140,female,2449,2219,2240,2465,2162,2576,2518,2467,3031,3335,3216,2961,2955,3361,2550,2165,1710,1097,697
E07000140,male,2528,2396,2328,2589,2201,2520,2441,2297,2866,3248,3192,2796,2766,3232,2411,1993,1352,727,325
E07000141,female,3739,3871,3945,3999,3205,3731,3951,3882,5100,5465,5359,4800,4621,4891,3549,2738,2115,1431,1072
E07000141,male,3928,3943,3887,4213,3274,3500,3452,3565,4632,5140,5205,4467,4307,4607,3387,2452,1611,908,397
E07000142,female,2296,2375,2416,2826,2113,2206,2291,2309,3055,3753,3672,3342,3254,3486,2601,2006,1443,958,575
E07000142,male,2438,2508,2503,2804,2387,2048,2042,2075,2895,3334,3541,3129,3139,3520,2584,1897,1188,625,248
E07000143,female,3743,3537,3269,3651,3287,3748,3556,3478,4202,4852,4584,4253,4471,5068,3625,3114,2392,1568,1146
E07000143,male,3912,3840,3462,3956,3741,4023,3834,3461,4208,4736,4634,4007,4092,4865,3628,2865,1967,1059,453
E07000144,female,2881,3176,3194,3540,2555,2830,3133,3423,4486,5029,4735,4330,4381,4934,3573,3072,2443,1685,1116
E07000144,male,3042,3355,3360,3626,2997,2824,2924,3239,4265,4842,4638,4080,3960,4644,3413,2799,1918,1038,476
E07000145,female,2769,2585,2532,2936,2649,2869,2692,2387,2961,3580,3413,3120,3229,3576,2755,2106,1700,1173,774
E07000145,male,2896,2707,2612,3106,2941,3044,2734,2444,2835,3264,3277,2979,3057,3547,2659,1868,1329,739,283
E07000146,female,4188,3837,3624,4000,3578,4295,4040,3711,4763,5171,5299,4964,5194,5923,4493,3697,2871,1893,1177
E07000146,male,4202,4122,3784,4035,4125,4638,4018,3632,4420,5066,5073,4570,4733,5418,4171,3352,2309,1246,582
E07000147,female,2159,2208,2171,2579,2009,2231,2117,2063,2836,3419,3699,3797,4274,4879,3748,3181,2527,1749,1207
E07000147,male,2260,2295,2357,2621,2219,2321,2188,2028,2771,3227,3450,3574,3891,4713,3569,2874,2117,1109,435
E07000148,female,4223,3728,2764,4167,8753,6282,5424,4270,4008,3949,3609,3300,3083,3155,2286,1975,1767,1288,894
E07000148,male,4479,3846,2991,3906,8062,6296,5894,4465,4513,4359,3895,3083,2933,2817,2073,1665,1228,779,378
E07000149,female,3544,3448,3600,3586,2739,3225,3550,3573,4625,4939,4840,4309,4185,4926,3621,2834,2292,1509,941
E07000149,male,3598,3782,3667,3865,2787,2921,3195,3403,4288,4649,4609,4021,4073,4676,3447,2794,1787,1052,445
E07000150,female,2453,2272,1882,1904,1924,2544,2541,2099,2132,2515,2331,2006,1715,1559,1187,955,694,425,225
E07000150,male,2513,2213,1908,1888,1871,2279,2543,2189,2199,2448,2389,1926,1619,1425,1028,831,467,264,104
E07000151,female,2105,2323,2165,2156,1801,1802,1961,2183,2998,3481,3191,2690,2643,2709,1862,1365,983,698,437
E07000151,male,2166,2422,2482,2432,2020,2011,1837,2073,2819,3329,3189,2803,2539,2658,1860,1281,848,403,169
E07000152,female,2453,2680,2574,2639,1986,2232,2586,2654,3381,3672,3235,2756,2952,2994,1993,1542,1148,827,635
E07000152,male,2555,2796,2832,3057,2164,2119,2208,2442,3260,3679,3276,2828,2761,2975,1945,1486,949,518,238
E07000153,female,3214,3126,2814,2659,2416,3086,3107,3086,3716,3773,3312,2842,2813,3038,1994,1545,1197,925,665
E07000153,male,3302,3174,2931,2722,2663,2795,3040,3126,3591,3723,3330,2771,2677,2819,1933,1379,909,505,231
E07000154,female,7914,7384,6021,6407,7494,8211,8763,7366,7607,7581,7183,5941,5630,5355,3666,2995,2400,1713,1074
E07000154,male,8382,7360,5957,6514,7417,7935,8530,7838,7886,7601,7023,5754,5236,5078,3412,2541,1797,1017,463
E07000155,female,2347,2625,2704,2378,1854,1937,2297,2794,3529,3810,3651,2942,2760,3074,1989,1489,1159,792,538
E07000155,male,2497,2712,2808,2683,2093,1932,2080,2333,3246,3676,3533,2994,2687,3013,1993,1429,1000,533,244
E07000156,female,2557,2486,2183,2176,1827,2354,2491,2335,2857,2905,2731,2367,2294,2509,1703,1261,995,683,427
E07000156,male,2673,2469,2291,2331,1888,2038,2266,2184,2669,2967,2557,2294,2186,2317,1635,1148,772,396,191
E07000163,female,1242,1320,1436,1590,1102,1218,1225,1330,1935,2206,2280,2092,2070,2256,1667,1387,1122,806,579
E07000163,male,1282,1440,1614,1595,1248,1212,1219,1202,1707,2037,2148,2015,1946,2107,1512,1155,777,454,217
E07000164,female,2178,2261,2310,2398,1902,2147,1973,2156,2965,3734,3648,3157,3168,3460,2658,2236,1643,1036,692
E07000164,male,2299,2390,2449,2480,2213,2505,2149,2066,2630,3461,3594,2972,3101,3294,2454,1874,1268,707,287
E07000165,female,4078,4459,4463,4435,3290,4000,4130,4534,5690,6648,6269,5406,4935,5383,4103,3604,2758,2050,1379
E07000165,male,4308,4704,4598,5263,3492,4107,4333,4216,5438,6132,6214,5319,4608,5079,3568,2982,2013,1104,539
E07000166,female,1384,1291,1301,1337,1042,1429,1328,1262,1648,1926,1826,1652,1586,1743,1189,1071,724,458,262
E07000166,male,1480,1464,1541,1729,2856,2748,1736,1378,1830,1820,1807,1694,1479,1687,1193,917,573,289,132
E07000167,female,1175,1284,1297,1453,1132,1162,1155,1169,1733,2078,2065,2039,1979,2121,1589,1368,1023,673,405
E07000167,male,1302,1298,1384,1713,1235,1172,1122,1151,1562,1909,2098,1866,1972,2122,1514,1118,799,425,186
E07000168,female,2573,2683,2510,2797,2997,2781,2513,2531,3278,3836,4170,3937,4080,4389,3351,2846,2204,1431,888
E07000168,male,2720,2710,2700,3009,3195,2811,2468,2321,2983,3592,4072,3681,3736,4175,2965,2431,1579,832,377
E07000169,female,2354,2434,2319,2381,2092,2415,2514,2473,3191,3528,3488,2903,2758,2771,1977,1583,1133,791,492
E07000169,male,2486,2601,2396,2450,2195,2316,2358,2323,3034,3391,3395,2954,2679,2789,1794,1343,868,434,219
E07000170,female,3745,3576,3327,3521,3622,4025,3803,3517,4428,4864,4498,3719,3554,3740,2949,2268,1581,1033,673
E07000170,male,3925,3675,3386,3726,3567,3670,3583,3378,4218,4712,4556,3785,3563,3492,2807,1960,1207,604,233
E07000171,female,3144,2980,2971,3436,2897,3044,3049,3067,3957,4541,4395,3795,3728,3876,2904,2295,1709,1097,721
E07000171,male,3211,3163,3090,3547,3335,3171,3076,3034,3827,4387,4446,3912,3601,3854,2703,2008,1314,706,265
E07000172,female,3078,2943,2601,3159,3013,3565,3513,3256,3859,4200,4158,3439,3393,3725,2670,2215,1655,1157,724
E07000172,male,3376,3071,2783,3164,3438,3745,3387,3345,3838,4208,3946,3465,3266,3430,2473,1923,1339,700,314
E07000173,female,3126,3184,2967,3287,3057,3384,3542,3535,4179,4518,4510,3751,3596,3755,2767,2453,1816,1212,650
E07000173,male,3387,3405,3196,3352,3205,3217,3377,3285,3862,4381,4242,3646,3533,3507,2452,2065,1399,727,288
E07000174,female,3365,2997,2482,2996,3112,3596,3549,3053,3472,4018,4057,3435,3046,3124,2432,1939,1615,1014,585
E07000174,male,3333,3127,2810,3014,3217,3490,3400,2994,3524,3952,3824,3483,3118,3020,2158,1704,1077,570,270
E07000175,female,3266,3322,3174,3243,3168,3129,3159,3163,4116,4615,4440,4003,3745,4103,2998,2428,1780,1204,789
E07000175,male,3428,3365,3239,3564,3349,3234,3190,3044,3900,4633,4379,3827,3691,3880,2837,2086,1369,701,298
E07000176,female,2889,3460,3079,3051,3264,2737,3105,3659,4176,4466,4268,3594,3391,3649,2722,2231,1859,1270,835
E07000176,male,3146,3535,3308,3370,3392,2797,2948,3366,4058,4361,4354,3582,3403,3461,2464,1916,1374,798,352
E07000177,female,4512,4582,4137,4141,3359,4543,5071,4760,5452,5684,5225,4331,3943,3890,2952,2497,1849,1262,818
E07000177,male,4959,4742,3983,4168,3869,4652,5148,4633,5109,5548,5308,4354,3777,3776,2736,2184,1486,765,315
E07000178,female,4714,4166,3434,6008,11668,6795,6656,4794,4385,4152,3954,3282,2980,2660,2169,1755,1404,1067,826
E07000178,male,4913,4286,3830,5733,13098,7544,6791,5312,4248,4295,3826,3192,2858,2531,1793,1484,1106,632,323
E07000179,female,4013,4184,3933,3749,2865,3366,3961,4270,5266,5677,5142,4366,4038,4275,3459,2689,2004,1407,1038
E07000179,male,4243,4159,3937,4220,3384,3934,3873,4038,4909,5415,5166,4265,3826,4062,2906,2464,1662,864,448
E07000180,female,3635,3719,3386,3447,2644,3412,3912,3867,4382,4753,4648,4017,3669,3768,2937,2391,1914,1246,902
E07000180,male,3896,3723,3787,4053,2964,3635,3794,3858,4278,4667,4509,3890,3649,3747,2686,2146,1500,820,370
E07000181,female,3219,3122,2939,2848,2380,2948,3314,3309,3963,4253,4161,3387,3279,3488,2581,2041,1654,1143,824
E07000181,male,3395,3166,3042,2983,2792,3360,3354,3164,3836,4019,4040,3306,2970,3188,2411,1863,1232,768,353
E07000187,female,2939,3019,3024,3564,2458,2846,2748,2885,3936,4516,4318,3832,3717,3888,2891,2244,1859,1332,896
E07000187,male,2947,3197,3324,3881,2785,2687,2613,2642,3536,4180,4187,3673,3619,3704,2597,2060,1388,792,367
E07000188,female,3365,3241,3163,3453,2995,3199,3081,3039,3865,4620,4458,3986,3998,4244,3160,2458,2002,1415,960
E07000188,male,3432,3348,3391,3698,3169,3091,2955,2770,3697,4327,4447,3952,3903,4116,2943,2279,1484,890,365
E07000189,female,4498,4461,4371,4561,3872,4428,4096,4176,5248,5958,5980,5385,5677,6140,4682,3695,3020,2079,1523
E07000189,male,4556,4691,4427,4771,4374,4642,4088,4056,5105,5777,5789,5318,5535,5871,4347,3306,2368,1361,602
E07000192,female,2773,2831,2573,2837,2941,3226,3179,2753,3670,3958,3584,3049,2890,2861,2200,1777,1279,885,500
E07000192,male,2937,2909,2796,3098,3038,3109,3017,2835,3585,3989,3603,3019,2788,2865,2055,1477,896,543,183
E07000193,female,3566,3440,3239,3312,3188,3411,3615,3312,3930,4433,4221,3550,3266,3351,2655,2129,1730,1077,650
E07000193,male,3729,3495,3400,3450,3531,3645,3863,3362,4085,4431,4233,3701,3191,3219,2455,1809,1160,627,259
E07000194,female,2563,2666,2646,2690,2355,2498,2706,2966,3600,4029,3733,3310,3349,3870,3086,2204,1565,996,736
E07000194,male,2654,2874,2862,3060,2865,2645,2531,2689,3603,3878,3755,3271,3145,3612,2940,1979,1297,571,263
E07000195,female,3099,3294,3069,3898,5066,3655,3654,3445,4140,4510,4448,3899,3823,3985,3004,2520,1997,1268,764
E07000195,male,3259,3402,3355,3978,5531,3992,3612,3407,4128,4461,4430,3901,3679,3892,2801,2163,1431,722,296
E07000196,female,2419,2655,2736,3065,2779,2649,2591,2736,3725,4411,4386,3887,3788,4040,3232,2559,1850,1165,782
E07000196,male,2571,2760,2880,3469,3427,3206,2817,2788,3705,4347,4319,3734,3592,3777,3101,2309,1427,717,287
E07000197,female,3133,3626,3315,3433,3433,3490,3631,3589,4633,5049,4980,4281,4102,4479,3569,2788,1993,1371,905
E07000197,male,3487,3672,3403,3830,4823,3999,3606,3637,4551,5073,4926,4207,4086,4280,3330,2493,1607,853,381
E07000198,female,2252,2471,2501,2649,2323,2211,2353,2591,3403,4030,3727,3388,3495,3818,2759,2241,1653,1038,692
E07000198,male,2321,2541,2652,2873,2467,2386,2298,2385,3431,3770,3771,3314,3365,3684,2790,2015,1253,652,275
E07000199,female,2334,2338,2181,2277,2204,2669,2627,2310,2901,2868,2704,2494,2352,2293,1680,1207,940,562,337
E07000199,male,2514,2526,2310,2405,2211,2387,2493,2269,2828,2899,2501,2252,2236,2233,1541,1083,632,319,115
E07000200,female,2151,2422,2630,2460,1856,1977,2069,2282,3107,3503,3357,3069,3189,3605,2614,2002,1596,1086,826
E07000200,male,2188,2564,2597,2716,1967,2117,1980,2171,2976,3290,3294,2802,2949,3358,2438,1904,1255,699,347
E07000202,female,4699,4068,3362,3820,4744,5449,5103,4392,4527,4515,4346,3899,3610,3294,2292,2177,1771,1332,870
E07000202,male,4896,4453,3852,4179,4614,5456,5533,4593,4682,4785,4208,3838,3324,3238,2166,1861,1303,826,352
E07000203,female,2426,2845,2738,2740,2182,2429,2498,2616,3351,3974,3681,3491,3489,3720,2659,2108,1614,1070,682
E07000203,male,2626,2798,2897,2934,2427,2530,2568,2425,3312,3826,3687,3221,3351,3715,2686,1956,1253,714,357
E07000207,female,4997,4551,4048,3571,2548,2825,4321,5363,5666,5675,5201,4016,3598,3640,2726,2368,1916,1382,1107
E07000207,male,5077,4979,4364,3856,2517,2824,3422,4932,5378,5460,4937,3899,3326,3294,2248,1952,1469,886,494
E07000208,female,2514,2394,2276,2447,2292,1987,2502,2780,3040,3047,2874,2277,2211,2219,1647,1383,1119,725,496
E07000208,male,2537,2531,2328,2413,1975,2005,2212,2642,2879,2944,2868,2242,1935,2073,1454,1135,861,480,244
E07000209,female,4006,4115,3757,4272,6235,4757,4656,4561,4886,5061,4828,4064,3558,3658,2651,2373,1863,1305,948
E07000209,male,4313,4324,3849,4561,6596,5203,4748,4526,5033,4939,4784,4042,3440,3580,2446,1936,1448,823,406
E07000210,female,2264,2433,2539,2426,1835,1927,2117,2700,3119,3497,3447,2966,2629,2950,2299,1943,1588,1065,774
E07000210,male,2424,2514,2521,2725,1793,1959,1984,2335,2985,3447,3399,2962,2577,2743,1969,1712,1248,731,325
E07000211,female,4801,4379,4089,3813,3175,4100,4917,5390,5403,5468,5137,4249,3891,3977,2827,2387,2112,1552,1170
E07000211,male,4909,4657,4101,4021,3393,4113,4438,5120,5276,5538,5296,4214,3646,3746,2521,2112,1505,902,513
E07000212,female,2374,2297,2013,2674,4407,2539,2533,2745,3008,2945,3050,2319,2075,2194,1632,1478,1244,811,621
E07000212,male,2532,2442,2067,2423,3939,2652,2466,2670,2836,2898,2984,2425,2009,2112,1577,1211,961,478,265
E07000213,female,3041,2767,2426,2517,2442,3053,3521,3461,3546,3901,3559,2918,2568,2666,2160,1890,1517,976,665
E07000213,male,3250,3027,2634,2755,2539,2927,3250,3380,3495,3665,3794,2948,2578,2561,1858,1634,1145,598,309
E07000214,female,2471,2617,2633,2472,2018,2254,2511,2861,3398,3652,3402,2814,2369,2503,1925,1680,1306,794,538
E07000214,male,2642,2781,2726,2688,2228,2304,2517,2715,3448,3588,3407,2829,2312,2370,1861,1434,1004,514,228
E07000215,female,2408,2559,2449,2571,1968,2125,2475,2684,3106,3476,3274,2816,2568,2755,2090,1534,1363,968,671
E07000215,male,2502,2622,2468,2576,1986,2228,2165,2502,2896,3324,3328,2747,2430,2606,1762,1415,1002,668,253
E07000216,female,3632,3772,3643,3593,2636,2443,3151,4048,4680,4849,4566,3916,3625,3965,3059,2596,2161,1566,1207
E07000216,male,3676,4113,3938,4271,2901,2582,2776,3515,4590,4684,4378,3802,3319,3664,2757,2243,1613,941,488
E07000217,female,3502,3370,2687,2598,2206,2999,3890,3964,3856,3808,3441,2906,2500,2490,1808,1618,1382,959,616
E07000217,male,3748,3545,2868,2730,2163,3044,3610,4222,3978,3795,3428,3047,2527,2403,1689,1396,994,571,276
E07000218,female,1665,1626,1602,1718,1596,1607,1708,1750,2253,2599,2446,2096,2014,2194,1601,1204,923,608,426
E07000218,male,1693,1655,1787,1853,1686,1701,1554,1602,2213,2492,2417,2161,2027,2075,1594,1126,688,330,158
E07000219,female,3913,3778,3505,3660,3594,4163,4141,3723,4288,4867,4373,3851,3795,3865,2983,2334,1763,1096,685
E07000219,male,4089,3810,3430,3915,3653,3826,3918,3736,4358,4690,4487,3833,3736,3695,2664,1945,1293,598,256
E07000220,female,3209,3169,2811,2987,2341,3243,3449,3223,3720,3903,3685,2934,2766,3020,2384,1880,1377,928,737
E07000220,male,3302,3299,3139,3260,2585,3065,3263,3259,3822,3907,3805,3053,2734,2896,2336,1649,1045,693,311
E07000221,female,2808,3133,3181,3278,2370,2671,2977,3220,4388,4915,4805,4239,4102,4764,3633,2934,2249,1605,1183
E07000221,male,2984,3375,3388,3447,2569,2851,2766,2964,3905,4561,4579,4120,4064,4548,3346,2720,1720,1006,411
E07000222,female,3815,3751,3360,3658,5934,3949,4393,4402,4872,5026,4709,3867,3755,3865,3030,2501,1967,1423,970
E07000222,male,4010,3966,3680,3937,6931,4603,4545,4437,4847,4926,4751,4002,3599,3720,2698,2102,1467,872,385
E07000223,female,1878,1686,1490,1610,1415,1629,1892,1974,2291,2359,2217,2043,1906,2311,1726,1573,1233,838,530
E07000223,male,2034,1829,1632,1878,1508,1576,1682,1791,2125,2406,2141,1869,1787,2003,1563,1195,853,532,261
E07000224,female,3813,3688,3612,3790,3712,3776,3978,3884,4877,5599,5391,5032,5310,6604,5090,4475,3582,2520,1898
E07000224,male,4117,4062,3630,4020,3877,3730,3698,3645,4430,5359,5049,4498,4756,5803,4566,3745,2671,1607,759
E07000225,female,2749,3002,2796,3064,3232,2499,2770,2875,3754,4287,4414,4143,3928,4664,3636,3067,2562,1791,1298
E07000225,male,2983,3129,3039,3384,3380,2549,2534,2487,3296,4003,3996,3778,3610,4095,3254,2619,1943,1116,535
E07000226,female,3981,3620,3002,2840,3111,4511,4953,4215,3901,3785,3547,3110,2545,2314,1490,1399,1439,951,495
E07000226,male,4489,3804,3294,3227,3006,4052,4903,4342,4175,3991,3648,3024,2416,2113,1405,1091,878,564,243
E07000227,female,3465,3775,3939,3937,2804,3040,3470,3956,4815,5725,5506,4639,4241,4552,3417,2899,2289,1570,1091
E07000227,male,3715,4003,4186,4019,2973,3097,3138,3539,4502,5305,5251,4477,4074,4292,3150,2434,1786,980,456
E07000228,female,4261,4438,4072,4008,3032,3698,4358,4786,5615,5704,5345,4535,4241,4592,3337,2728,2296,1744,1193
E07000228,male,4447,4535,4487,4538,3205,3669,4102,4396,5253,5643,5255,4471,4051,4235,2936,2260,1760,954,484
E07000229,female,2944,3005,2602,2808,2604,3042,3356,3368,3913,4147,3892,3326,3057,3509,2649,2428,2099,1558,1285
E07000229,male,3143,3218,2886,2885,2647,2915,3122,3195,3673,4128,3751,3148,2809,3237,2248,1898,1435,882,475
E07000234,female,2385,2607,2465,2638,2359,2232,2346,2655,3472,3925,3672,3133,3028,3119,2481,1988,1733,1176,868
E07000234,male,2558,2783,2757,2976,2522,2564,2276,2454,3351,3730,3562,3142,3067,3091,2280,1864,1278,675,307
E07000235,female,1646,1842,2028,2211,1661,1525,1648,1838,2376,2937,2961,2704,2813,3064,2381,1914,1537,1117,824
E07000235,male,1738,1930,2054,2408,1865,1543,1474,1664,2224,2738,2855,2705,2656,2984,2257,1797,1286,674,345
E07000236,female,2711,2644,2208,2339,2353,2853,3210,2652,2966,3010,2781,2781,2733,2494,1593,1180,924,638,435
E07000236,male,2890,2748,2466,2484,2461,2760,3031,2865,2902,2917,2782,2557,2712,2508,1643,1042,692,384,156
E07000237,female,3117,2918,2541,3063,4549,3469,3609,3202,3505,3583,3216,2726,2643,2547,1970,1615,1313,855,605
E07000237,male,3244,3024,2761,3135,4346,3300,3447,3169,3590,3677,3480,2776,2514,2477,1750,1399,936,455,213
E07000238,female,3012,3096,3140,3245,2546,2852,2964,3107,4186,4839,4683,4197,4183,4521,3356,2628,2128,1409,993
E07000238,male,2983,3301,3180,3415,3001,2897,2842,2827,3884,4583,4628,4061,4159,4403,3281,2494,1662,941,380
E07000239,female,2662,2548,2435,2531,2418,2742,2641,2651,3439,3795,3425,3111,3398,3849,2875,2196,1579,1131,734
E07000239,male,2871,2731,2579,2862,2643,2660,2582,2596,3304,3632,3414,2997,3191,3799,2769,2021,1266,658,264
E07000240,female,5075,5088,4478,4027,3063,4110,5089,5658,5861,5684,5116,4107,3714,3725,2695,2408,1927,1366,936
E07000240,male,5357,5348,4595,4140,2914,3904,4433,5433,5888,5685,5022,4049,3598,3346,2449,2041,1570,907,402
E07000241,female,3542,3340,3071,3697,5820,4049,3979,3586,3707,3872,3785,3175,2512,2635,2084,1978,1689,1184,785
E07000241,male,3790,3486,2959,3788,6277,4305,3958,3492,3613,3684,3654,3199,2626,2428,1770,1571,1219,722,310
E07000242,female,4220,4339,4333,4210,3361,3996,4516,4951,5717,6149,5610,4356,3759,4013,2831,2414,1936,1219,808
E07000242,male,4515,4463,4487,4396,3280,3712,4249,4706,5452,5988,5585,4478,3729,3736,2608,2101,1514,736,308
E07000243,female,3040,2585,2313,2431,2635,3258,3289,2800,3015,3350,3200,2513,1953,1966,1496,1466,1185,751,420
E07000243,male,3075,2847,2625,2663,2661,3131,2968,2683,2813,3230,3156,2734,2053,1863,1315,1075,798,450,187
E07000244,female,5977,6504,6436,6635,5357,5665,5679,5877,7737,8899,8847,8195,8567,9820,7292,6165,4937,3390,2382
E07000244,male,6183,6660,6532,7130,5988,5689,5401,5639,7320,8502,8451,7738,7952,9318,6746,5441,3869,2179,1080
E07000245,female,5473,4884,4378,4552,4893,6009,5686,4888,5461,6135,5720,5109,4961,5686,4164,3339,2540,1830,1260
E07000245,male,5844,5042,4632,4879,6127,7159,6455,5072,5531,6005,5799,4832,4731,5226,3789,3145,2016,1085,545
E07000246,female,3896,3916,3692,4040,3609,4031,3936,3775,4771,5361,5422,5027,5111,5400,4181,3398,2910,2140,1493
E07000246,male,4011,3973,3803,4379,3833,4116,3833,3398,4291,4986,5056,4744,4813,5149,3740,3029,2179,1291,586
E08000001,female,9581,8939,7958,8527,8494,9718,9185,8506,9950,10320,9562,8263,7455,7892,5923,4630,3442,2199,1347
E08000001,male,9921,9494,8764,9212,9114,9244,8951,8341,9689,10144,9300,7883,7458,7587,5388,4072,2461,1293,581
E08000002,female,6049,5868,5323,5360,5091,6081,6108,5895,6804,7292,6919,5593,5252,5505,4104,3435,2448,1563,1014
E08000002,male,6440,6200,5665,5780,5346,5557,5930,5434,6260,6987,6605,5517,5088,5277,3680,2810,1681,930,396
E08000003,female,18764,16276,13059,16714,34370,27339,23568,17143,14942,15022,13148,10446,8743,7667,6155,5436,4037,2769,1622
E08000003,male,19542,16801,13714,17282,33637,30000,25946,18849,16086,15294,12904,10903,9022,7603,5150,4038,2761,1436,646
E08000004,female,8288,8123,7253,7259,6856,8054,7751,6776,7665,8054,7751,6426,5996,6041,4668,3719,2760,1669,1170
E08000004,male,8385,8367,7884,7726,7162,7529,7294,6671,7666,7995,7206,6303,5744,5591,4042,3090,1814,988,446
E08000005,female,7258,6955,6154,6766,6656,7420,7303,6605,7255,7748,7416,6547,5831,5605,4142,3391,2649,1730,1024
E08000005,male,7720,7350,6575,7124,6853,6887,6856,6084,7127,7572,7054,6275,5833,5383,3751,2885,1821,982,389
E08000006,female,8427,7252,6232,6897,9363,10544,9907,7479,7619,8046,7422,6231,5465,5549,4362,3642,2768,1896,1201
E08000006,male,8899,7875,6243,7125,9717,11134,10338,7974,7704,8218,7822,6563,5708,5500,3819,3110,1940,1064,484
E08000007,female,8748,8357,7739,7896,7255,8439,9153,8850,10208,11260,10650,8972,8194,8664,6644,5852,4643,2898,1890
E08000007,male,9063,9115,8171,8338,7449,7949,8242,8662,9667,10677,10301,9214,8208,8174,6001,4911,3323,1803,808
E08000008,female,7395,6761,5949,6259,6649,7639,7492,6515,7792,8565,8034,6600,6143,6292,4759,3836,2795,1706,1143
E08000008,male,7551,6860,6189,6772,6626,7001,6725,6448,7544,8360,8118,6856,6045,6302,4363,3215,2013,959,425
E08000009,female,7374,7639,7065,6501,5357,6699,7874,8237,9026,9290,8618,6900,5974,5904,4674,4214,3358,2225,1456
E08000009,male,7776,8008,7183,7056,6079,6807,7483,7743,8433,8700,8263,7069,5936,5588,4009,3391,2461,1325,624
E08000010,female,9464,9458,8540,8858,9190,10375,10256,9396,11840,12548,11632,9699,9117,10128,7497,5640,3936,2440,1458
E08000010,male,9933,9990,9094,9591,9647,10063,10066,9300,11695,12870,11703,9548,9204,9838,7289,4997,2883,1411,520
E08000011,female,4540,4387,3997,4717,4993,5287,4754,4205,4990,5671,5991,5189,4370,3748,2921,2892,2307,1247,605
E08000011,male,4889,4537,4175,4795,4854,4584,4068,3487,4347,4928,5434,4869,4007,3475,2528,2218,1460,720,243
E08000012,female,13733,11998,10992,15301,26908,19412,16904,13612,14334,15582,16083,13806,11890,10687,8280,7781,6005,3592,1975
E08000012,male,14408,12633,11229,15073,25652,22065,19487,15119,14369,14709,14905,13232,11763,10525,7275,6265,4193,2012,780
E08000013,female,5218,4975,4517,5048,5107,5730,5351,5024,6319,6572,6367,5531,5457,5836,4400,3750,2549,1509,977
E08000013,male,5336,5092,4893,5339,5296,5436,5138,4902,6005,6439,6361,5562,5327,5423,4021,3185,1955,925,319
E08000014,female,7172,7052,7101,7771,7359,7727,7328,7045,8976,10279,11086,9968,8759,9025,7541,6917,5696,3432,2195
E08000014,male,7718,7447,7236,8091,7798,7935,6985,6353,8177,9455,10322,9144,8402,8319,6315,5226,3781,1910,813
E08000015,female,9279,9185,8827,9079,8494,9657,9298,9205,10835,12208,12417,10850,10265,10395,8096,6825,5483,3742,2299
E08000015,male,9833,9608,9146,9800,8764,9084,8795,8216,10084,11170,11539,10126,9736,9760,7139,5398,3883,2077,906
E08000016,female,7139,6724,6193,6856,7038,7679,7652,6655,8339,9131,8673,7753,6945,7270,5413,4465,3470,2119,1257
E08000016,male,7482,7151,6298,7070,7002,7405,7362,6365,8206,9386,8636,7694,7105,6994,5170,3714,2442,1238,480
E08000017,female,9277,9307,8120,8738,8779,10236,9727,8184,10058,11199,10936,9808,8929,8994,6610,5955,4503,2761,1677
E08000017,male,9692,9567,8339,8922,9599,10188,10180,8978,10073,10621,11078,9805,8625,8511,6127,4681,3212,1702,700
E08000018,female,7954,7825,7193,7607,7598,8147,8259,7200,9080,9648,9263,8342,7609,8013,6101,5111,3690,2338,1536
E08000018,male,8147,8071,7615,7988,7678,7681,7507,6771,8858,9843,9573,8279,7561,7739,5552,4298,2660,1397,524
E08000019,female,16560,16118,14413,18473,30474,20425,18358,16165,18537,18978,17228,14731,13321,13985,10995,9800,7571,4804,3250
E08000019,male,17363,17018,15108,19035,32066,20994,18094,17002,17996,18956,17349,14700,12830,12991,9970,8042,5389,2991,1383
E08000021,female,8512,7647,6778,10259,18955,11203,9598,7881,8052,8423,8718,7715,6659,6264,4698,4504,3526,2355,1578
E08000021,male,8870,8034,7329,10514,20705,12993,10077,8078,8330,8618,8513,7749,6686,6278,4121,3599,2529,1380,612
E08000022,female,5655,5529,5112,5287,5214,6533,7108,6494,7306,7726,7788,7009,6281,6382,4513,4123,3343,2190,1292
E08000022,male,5987,6131,5282,5711,5300,5742,6470,6350,6946,7311,7370,6539,6012,5875,3908,3168,2269,1129,472
E08000023,female,4064,4038,3730,4296,4420,4804,4599,4112,4873,5827,5897,5212,4748,4498,3355,3106,2516,1705,1030
E08000023,male,4268,4135,3845,4514,4673,4706,4221,3731,4508,5356,5554,5221,4420,4323,2937,2476,1666,828,360
E08000024,female,7574,7365,6766,8040,10075,9175,8302,7817,9478,10341,10352,9527,8636,8559,6227,5592,4366,2441,1277
E08000024,male,8071,7797,7422,8318,10214,9263,8017,7335,8788,9645,9998,9425,8176,7729,5312,4519,3065,1321,457
E08000025,female,41213,39116,34961,39237,50481,44125,41143,35704,35234,35114,32283,26580,23190,21219,17366,15720,12394,8136,5264
E08000025,male,43686,41287,37109,39993,49310,43175,40631,35445,34793,33910,30893,26080,22902,19697,15228,12683,9237,4888,2094
E08000026,female,11405,10286,8964,11317,16652,13815,11975,10012,10362,10523,9567,8178,7343,7284,6072,5079,3862,2641,1890
E08000026,male,12363,10863,8961,11639,18535,15166,12376,10272,10353,10221,9764,8193,7215,6933,5359,4236,2854,1686,802
E08000027,female,9573,9421,8691,9191,8958,9908,9863,8869,10966,11908,10892,9258,9147,9336,7903,6759,5025,3141,1844
E08000027,male,10049,9523,9123,9676,9055,9515,9383,8748,10680,11731,10820,9281,8841,9167,7347,5736,3699,1908,718
E08000028,female,11666,10993,9273,9522,9874,11787,12143,10088,10877,11338,10066,8162,7303,7008,6218,5321,4020,2670,1715
E08000028,male,12265,11495,9987,10266,10552,11239,11291,10087,10899,10971,9932,8523,7174,6797,5532,4328,2833,1434,640
E08000029,female,5967,6006,5977,6345,5572,5739,6020,6003,7330,8272,8170,6418,6219,6753,5200,4408,3586,2515,1582
E08000029,male,6363,6435,6500,6687,5807,5776,5442,5354,6837,7813,7620,6486,5792,6310,4691,3526,2518,1583,605
E08000030,female,9148,8921,8235,8393,8859,9506,8967,7639,9088,9601,9200,7696,7079,7172,6277,5456,4138,2467,1510
E08000030,male,9724,9318,8585,8772,8509,8936,8782,7897,9219,9527,9037,7580,6981,6829,5491,4485,2880,1415,614
E08000031,female,8690,7900,6932,7544,8623,9145,8633,7572,8763,8850,8348,6949,6392,5907,5262,4576,3708,2412,1507
E08000031,male,9294,8233,7201,8151,8960,9221,8709,7844,8937,8768,8072,6821,6310,5712,4656,3768,2752,1504,624
E08000032,female,20232,19811,17832,17222,16346,18988,19338,16569,17690,17318,16979,14759,12808,11889,8793,8099,6336,4101,2619
E08000032,male,20757,20213,18338,18171,17101,17529,18834,17622,18015,16961,15935,14385,12872,11256,7709,6419,4373,2290,1058
E08000033,female,6418,6441,5878,6017,5543,6380,6505,6217,7623,7949,7784,6715,6016,6169,4324,3638,2872,1955,1242
E08000033,male,6732,6329,6088,6379,5642,5937,6298,6006,7482,8002,7586,6683,6038,5893,4109,2886,1828,987,451
E08000034,female,14049,13779,12786,13141,13911,13838,14136,13189,15068,15331,14480,12446,11611,12093,8762,7354,5540,3502,2247
E08000034,male,14566,14133,12869,13861,15322,13460,13787,13000,15238,15810,14419,12545,11707,11456,7783,6221,3725,2014,819
E08000035,female,24698,22207,19158,24988,38789,28431,28173,24037,24977,25452,23829,20646,18655,18797,14012,12890,9813,6384,3757
E08000035,male,26242,23186,19884,24668,37435,29306,27670,24170,25073,25236,23279,19732,17930,17361,12241,10206,6867,3679,1572
E08000036,female,10021,9349,8712,9313,9603,11160,10894,9406,11738,12699,12036,10684,9712,10174,7573,6054,4735,2993,1842
E08000036,male,10600,9931,8961,9612,9662,10481,10147,9138,11454,12889,12227,10634,9700,9794,6910,5230,3324,1650,678
E08000037,female,5648,5635,4953,5739,5745,7120,7117,5905,6799,7426,7346,6372,5691,6013,4522,4189,3135,1860,1086
E08000037,male,5940,5672,5158,6176,5877,6864,6946,6210,6464,7086,7135,6380,5521,5608,3997,3484,2368,1172,422
E09000001,female,163,106,88,80,93,154,179,212,190,219,202,201,216,205,118,108,78,64,36
E09000001,male,170,137,104,93,36,170,374,193,310,364,320,300,235,216,139,124,64,61,17
E09000002,female,9489,8780,6442,6259,6451,8228,8779,8153,7368,6750,5834,4320,3504,3000,2263,2156,1824,1280,819
E09000002,male,10109,9230,6839,6608,6651,7449,7776,7255,7174,6226,5581,4419,3313,2736,1861,1564,1180,671,309
E09000003,female,13267,12377,10610,9919,11253,15577,16455,14543,13746,13479,11829,9836,8561,8180,6210,5194,4295,2947,2267
E09000003,male,14178,13164,11239,10779,11061,15363,15995,14565,13525,12443,11062,9423,7785,7255,5144,4157,3171,1846,1045
E09000004,female,7834,7672,7045,7462,7788,8219,8211,7992,8526,9595,8690,6930,5879,6033,4791,4396,3504,2394,1448
E09000004,male,8209,8012,7519,7610,7675,7488,7316,7226,7858,8497,8415,6900,5605,5544,3832,3486,2482,1354,579
E09000005,female,11809,10026,8732,8731,10080,15224,15053,12266,10978,10538,10095,8533,6724,5473,4506,3835,2877,1724,976
E09000005,male,12445,10509,9462,9418,11058,15988,17112,13223,11378,10405,9735,8564,6504,5132,3859,3356,2242,1043,488
E09000006,female,10397,9909,8914,8675,8220,10137,11561,12195,12415,13131,11897,9381,8423,8996,6521,5806,4929,3284,2279
E09000006,male,11066,10366,9260,9246,7692,9234,10355,11030,11738,12149,11128,9080,7647,8005,5524,4565,3521,1987,939
E09000007,female,6983,6165,5666,6094,11858,13417,11995,9697,8498,7408,6058,5038,4621,4689,3378,2752,2047,1358,972
E09000007,male,7306,6538,5593,6126,10836,13035,13583,10126,8534,7485,6345,5350,4420,4154,2845,2193,1563,878,418
E09000008,female,14100,13188,11190,11322,11216,14620,15618,14373,13638,14423,13712,10886,8841,7861,5906,5173,3867,2528,1683
E09000008,male,14573,13361,11493,11971,10852,13501,14096,13840,12722,13608,13173,10068,8056,7157,5006,4184,2952,1589,726
E09000009,female,12801,11299,9298,9082,9972,15054,16123,13991,12853,11964,10519,8819,7654,6335,4766,4241,3165,1871,1275
E09000009,male,13777,11721,9844,9573,10521,15409,16495,15267,13283,11971,10365,8586,7232,5796,4196,3639,2359,1231,650
E09000010,female,12306,11578,9824,9729,10238,13279,13441,12358,11802,12394,11211,8478,7074,6375,5268,4473,3526,2094,1571
E09000010,male,12927,12315,10452,10683,10113,11887,12154,11070,11161,11324,10174,8354,6460,5859,4447,3554,2509,1383,564
E09000011,female,10619,9348,7134,7484,9412,12195,12680,11313,9792,9365,8016,6228,5040,4636,3424,2857,2149,1499,1096
E09000011,male,11254,9750,7624,7878,9642,12298,12916,12412,10195,9066,7942,6270,4808,4476,2917,2321,1576,823,398
E09000012,female,9969,8381,7069,6586,9348,18941,17215,11745,9028,8091,6789,5132,3961,3276,2320,1919,1367,879,499
E09000012,male,10481,8575,7273,6784,8110,16484,19080,12917,9269,7897,6436,5031,3643,2775,2075,1784,1119,571,293
E09000013,female,5811,4896,3895,3692,7088,12423,10442,8030,7031,6237,5223,4099,3584,3225,2316,1841,1345,879,535
E09000013,male,6029,5086,3861,3690,6921,11333,11144,8642,7067,5925,5049,3581,2884,2690,1947,1497,995,541,205
E09000014,female,9263,8148,7483,6996,8552,13488,13843,11861,9956,9543,8068,6327,5146,4336,3098,2645,1879,1027,647
E09000014,male,9530,8473,7565,7584,8524,13365,15385,12960,10781,9502,7570,5517,4386,3658,2598,2284,1464,635,311
E09000015,female,8598,7697,6837,6642,6634,9428,10205,9008,8375,8522,8261,7335,6109,5648,4361,3764,3017,1879,1249
E09000015,male,8877,8001,7296,7785,7120,9785,10050,9414,8429,7831,7715,6959,5906,5090,3755,3355,2340,1210,662
E09000016,female,7567,7321,6759,7332,7481,8609,8376,7822,8204,9212,8902,7415,6694,7076,5287,4897,4253,2855,1769
E09000016,male,8004,7493,6985,7699,7707,7841,7677,7099,7595,8430,8412,7502,6300,6341,4335,3708,2841,1567,663
E09000017,female,10723,9568,8174,8559,10749,11420,11984,10886,9972,10020,9327,7655,6134,6002,4433,4162,3207,1913,1325
E09000017,male,11479,10074,8542,9340,11924,11191,11519,11030,10143,9779,9175,7525,6028,5565,4042,3483,2434,1271,611
E09000018,female,10366,8624,6777,6902,8013,11584,13189,10936,9286,8618,7702,6722,5655,4863,3632,3092,2298,1319,931
E09000018,male,10897,9057,6961,7630,8483,12339,13592,12320,10125,8775,7917,6603,5459,4547,3186,2665,1765,875,325
E09000019,female,6481,5284,4657,5438,11744,16251,13451,8714,7258,6806,6043,4649,3689,3328,2414,2002,1535,903,548
E09000019,male,6680,5610,4707,5317,10428,14911,14949,9964,7770,7330,5900,4417,3360,2995,2218,1664,1120,611,259
E09000020,female,4306,3996,3356,3058,4845,7402,8002,7068,6083,5850,5301,4441,4071,4053,2861,1965,1332,915,763
E09000020,male,4667,4314,3596,3256,4977,6950,8621,7548,6206,5639,5035,4051,3411,3235,2457,1966,1192,683,358
E09000021,female,5783,5317,4463,4745,6904,6412,7162,6872,6506,5933,5245,4233,3824,3691,2543,2174,1810,1275,999
E09000021,male,5955,5495,4362,4581,6368,6471,6955,6765,6571,5938,5106,4318,3678,3382,2353,1771,1298,783,392
E09000022,female,10143,8787,7360,7053,11821,24762,18707,13418,10840,10338,9340,6782,4978,3942,3174,2596,1909,1322,736
E09000022,male,10545,9130,7538,7259,10015,23558,21991,14859,11973,10739,8996,6302,4661,3614,2638,2212,1512,730,357
E09000023,female,11119,9352,7458,7514,10419,14323,15125,13248,11324,10577,9729,7100,5133,4326,3323,3018,2262,1497,948
E09000023,male,11823,9942,7711,7755,9213,13630,15149,13540,11459,10319,8756,6501,4745,3977,2826,2362,1575,837,369
E09000024,female,7854,6400,5009,4707,5439,9180,10855,9200,7834,7451,6548,5225,4482,3980,2936,2569,2045,1316,913
E09000024,male,8147,6572,5406,5249,5337,8876,10567,9657,7825,7129,6176,4901,3958,3548,2547,2097,1517,764,382
E09000025,female,13851,11226,9612,10016,13246,17465,16522,12053,10188,9682,8334,6576,5120,3740,2969,2427,1653,977,607
E09000025,male,14453,11733,9834,10413,14842,23314,21303,14839,11690,9971,8287,6456,4517,3329,2413,2096,1394,620,298
E09000026,female,11122,10310,9049,8934,8929,11943,12961,11507,10248,9771,8987,7585,6417,5504,4197,3660,2971,2145,1326
E09000026,male,11793,10864,9903,9351,9453,12191,13100,11807,10135,9555,8622,7389,6232,5197,3667,3015,2188,1237,588
E09000027,female,7071,6374,5199,4501,4440,5726,8291,8737,8580,7718,6721,5410,4801,4779,3374,2694,2169,1606,1256
E09000027,male,7367,6640,5230,4707,3794,5414,7297,8628,8375,7594,6525,5348,4545,4417,2936,2130,1551,902,468
E09000028,female,10745,8607,6959,7339,14545,18948,16975,12990,10523,10204,9411,6917,4817,4008,3031,2499,1851,1268,800
E09000028,male,11000,8931,7186,7549,12020,18578,17969,13921,11663,10549,9087,6801,4583,3612,2539,1997,1310,720,366
E09000029,female,6680,6291,5563,5580,5011,6805,8177,7619,7806,8029,6994,5440,4720,4879,3507,3091,2427,1721,1134
E09000029,male,7230,6522,5747,5966,5051,5927,7180,7591,7524,7695,6752,5590,4574,4393,2984,2501,1793,1009,451
E09000030,female,10641,8734,7371,7398,14113,22289,18252,11848,7869,6303,5164,4301,3721,2637,2118,1766,1416,825,464
E09000030,male,11119,9001,7604,7575,13191,22565,20836,14643,10445,7903,6227,5008,3380,2548,1772,1622,1162,515,250
E09000031,female,10593,8870,7454,7233,8657,12453,12991,10851,9724,9584,8133,6609,5299,4336,3290,2870,2218,1462,1053
E09000031,male,11265,9413,7723,7575,9203,13180,13550,11537,10415,9357,7829,6074,4716,4051,2842,2493,1649,852,397
E09000032,female,11295,8226,6377,6068,11528,24760,22917,15489,11551,9900,7861,6162,5546,4778,3683,3126,2230,1456,1018
E09000032,male,11772,8593,6466,6025,8193,20317,22791,16078,11728,9375,7937,6029,4678,4387,2941,2412,1594,849,400
E09000033,female,6743,5588,4815,4676,6883,12159,12783,9966,8163,7495,6556,5667,5044,4421,3189,2821,2020,1290,827
E09000033,male,7029,5978,4900,5441,7992,12665,15502,11975,9615,8386,6828,5264,4450,4191,2982,2416,1728,973,478
