year,ltla,ppln_ltla,total_trust_patients,patients_from_ltla_to_trust,total_patients_of_ltla,tfp_ltla,etc_ltla,sex,ag,ag_ppln_ltla,agf_ppln_ltla,tfp_ltla_ag,ltla_frac_tp,ag_ltla_frac_tp
2014,E06000011,337242,70468,16,137905,0.00011602189913346144,39.12745730756681,female,0-4,7871,0.02333932309736035,2.7078725902452095e-06,0.00022705341431571778,5.299272997073361e-06
2014,E06000011,337242,70468,16,137905,0.00011602189913346144,39.12745730756681,male,0-4,8477,0.025136252305466105,2.9163557295780263e-06,0.00022705341431571778,5.707271909057412e-06
2014,E06000014,203654,70468,524,72026,0.0072751506400466496,1481.6135284480604,female,0-4,5186,0.025464758855706246,0.00018525995668772487,0.007435999318839757,0.00018935592950545033
2014,E06000014,203654,70468,524,72026,0.0072751506400466496,1481.6135284480604,male,0-4,5440,0.026711972266687617,0.00019433362213290076,0.007435999318839757,0.0001986302075799556
2014,E07000163,55750,70468,377,24121,0.015629534430579163,871.3465445047883,female,0-4,1242,0.022278026905829595,0.0003481951885700326,0.0053499460748141,0.00011918624259944595
2014,E07000163,55750,70468,377,24121,0.015629534430579163,871.3465445047883,male,0-4,1282,0.022995515695067265,0.0003594092043049774,0.0053499460748141,0.00012302476893115115
2014,E07000164,89915,70468,1054,36653,0.0287561727552997,2585.6112732927727,female,0-4,2178,0.024222877161763887,0.000696557240294086,0.014957143668047908,0.000362305053761979
2014,E07000164,89915,70468,1054,36653,0.0287561727552997,2585.6112732927727,male,0-4,2299,0.02556859255963966,0.0007352548647548686,0.014957143668047908,0.00038243311230431114
2014,E07000165,159631,70468,50981,64809,0.7866345723587773,125571.26342020398,female,0-4,4078,0.025546416422875255,0.02009569435810772,0.7234631322018504,0.01848189044182612
2014,E07000165,159631,70468,50981,64809,0.7866345723587773,125571.26342020398,male,0-4,4308,0.026987239320683327,0.02122909546216971,0.7234631322018504,0.0195242726884225
2014,E07000166,52812,70468,282,21158,0.013328291899045278,703.8937517723792,female,0-4,1384,0.02620616526546997,0.00034928342021280513,0.004001816427314526,0.00010487226265627705
2014,E07000166,52812,70468,282,21158,0.013328291899045278,703.8937517723792,male,0-4,1480,0.028023933954404303,0.0003735111719038668,0.004001816427314526,0.00011214663925671246
2014,E07000167,52848,70468,62,19586,0.003165526396405596,167.29173899724293,female,0-4,1175,0.022233575537390252,7.038097025008657e-05,0.0008798319804734063,1.9561810798067145e-05
2014,E07000167,52848,70468,62,19586,0.003165526396405596,167.29173899724293,male,0-4,1302,0.02463669391462307,7.798810490690444e-05,0.0008798319804734063,2.1676151199219934e-05
2014,E07000168,108152,70468,9,45479,0.00019789353327909583,21.40258141120077,female,0-4,2573,0.02379059102004586,4.708004115754804e-06,0.00012771754555259126,3.0384758923257757e-06
2014,E07000168,108152,70468,9,45479,0.00019789353327909583,21.40258141120077,male,0-4,2720,0.02514978918559065,4.976980643160928e-06,0.00012771754555259126,3.2120693459487406e-06
2014,E07000169,85622,70468,608,33812,0.01798178161599432,1539.6361055246657,female,0-4,2354,0.027492934059003528,0.0004943719362319337,0.008628029743997276,0.0002372098528108382
2014,E07000169,85622,70468,608,33812,0.01798178161599432,1539.6361055246657,male,0-4,2486,0.029034593912779426,0.0005220937270486777,0.008628029743997276,0.00025051133988434314
2014,E08000032,527567,70468,974,225143,0.0043261393869673944,2282.3283779642275,female,0-4,20232,0.03834963142122233,0.0001659058509670323,0.013821876596469319,0.0005300638730242174
2014,E08000032,527567,70468,974,225143,0.0043261393869673944,2282.3283779642275,male,0-4,20757,0.03934476568852866,0.00017021094051614715,0.013821876596469319,0.0005438184960638434
2014,E08000034,429998,70468,8,169140,4.729809625162587e-05,20.33808679200662,female,0-4,14049,0.03267224498718599,1.5453349881606238e-06,0.00011352670715785889,3.7091723888500867e-06
2014,E08000034,429998,70468,8,169140,4.729809625162587e-05,20.33808679200662,male,0-4,14566,0.033874576160819354,1.602202963737465e-06,0.00011352670715785889,3.845669087905927e-06
2014,E08000035,765430,70468,15565,282324,0.05513169266516484,42199.451516697125,female,0-4,24698,0.03226683040905112,0.0017789249773908016,0.22088039961400918,0.0071271103950286754
2014,E08000035,765430,70468,15565,282324,0.05513169266516484,42199.451516697125,male,0-4,26242,0.034283997230314986,0.0018901347986350885,0.22088039961400918,0.007572663008597558
2014,E08000036,331720,70468,8,138710,5.767428447840819e-05,19.131713647177563,female,0-4,10021,0.030209212588930424,1.7422947207226832e-06,0.00011352670715785889,3.4295524310530087e-06
2014,E08000036,331720,70468,8,138710,5.767428447840819e-05,19.131713647177563,male,0-4,10600,0.031954660557096344,1.842962183380944e-06,0.00011352670715785889,3.6277073913942606e-06
2014,E06000011,337242,70468,16,137905,0.00011602189913346144,39.12745730756681,female,5-9,8575,0.025426844817668024,2.9500708247176563e-06,0.00022705341431571778,5.773251931127439e-06
2014,E06000011,337242,70468,16,137905,0.00011602189913346144,39.12745730756681,male,5-9,8967,0.026589214866475707,3.084931205276178e-06,0.00022705341431571778,6.037172019407551e-06
2014,E06000014,203654,70468,524,72026,0.0072751506400466496,1481.6135284480604,female,5-9,5153,0.02530271931805906,0.0001840810946416981,0.007435999318839757,0.00018815100361388074
2014,E06000014,203654,70468,524,72026,0.0072751506400466496,1481.6135284480604,male,5-9,5309,0.026068724405118485,0.00018965389704109746,0.007435999318839757,0.00019384701691948242
2014,E07000163,55750,70468,377,24121,0.015629534430579163,871.3465445047883,female,5-9,1320,0.02367713004484305,0.0003700625192531748,0.0053499460748141,0.00012667136894627107
2014,E07000163,55750,70468,377,24121,0.015629534430579163,871.3465445047883,male,5-9,1440,0.025829596412556055,0.00040370456645800887,0.0053499460748141,0.00013818694794138662
2014,E07000164,89915,70468,1054,36653,0.0287561727552997,2585.6112732927727,female,5-9,2261,0.025145971195017516,0.0007231018917837138,0.014957143668047908,0.0003761119038364713
2014,E07000164,89915,70468,1054,36653,0.0287561727552997,2585.6112732927727,male,5-9,2390,0.02658065951176111,0.0007643580368700026,0.014957143668047908,0.0003975707431088751
2014,E07000165,159631,70468,50981,64809,0.7866345723587773,125571.26342020398,female,5-9,4459,0.02793317087533123,0.021973197926140837,0.7234631322018504,0.020208619293796637
2014,E07000165,159631,70468,50981,64809,0.7866345723587773,125571.26342020398,male,5-9,4704,0.029467960483865917,0.023180516493511216,0.7234631322018504,0.021318982991257993
2014,E07000166,52812,70468,282,21158,0.013328291899045278,703.8937517723792,female,5-9,1291,0.024445201848064833,0.00032581278576208916,0.004001816427314526,9.782521032460526e-05
2014,E07000166,52812,70468,282,21158,0.013328291899045278,703.8937517723792,male,5-9,1464,0.02772097250624858,0.00036947321328868987,0.004001816427314526,0.00011093424315663989
2014,E07000167,52848,70468,62,19586,0.003165526396405596,167.29173899724293,female,5-9,1284,0.0242960944595822,7.69099283413712e-05,0.0008798319804734063,2.137648090614316e-05
2014,E07000167,52848,70468,62,19586,0.003165526396405596,167.29173899724293,male,5-9,1298,0.02456100514683621,7.774851011456372e-05,0.0008798319804734063,2.160955780075843e-05
2014,E07000168,108152,70468,9,45479,0.00019789353327909583,21.40258141120077,female,5-9,2683,0.024807678082698424,4.909279068235577e-06,0.00012771754555259126,3.1683757555810556e-06
2014,E07000168,108152,70468,9,45479,0.00019789353327909583,21.40258141120077,male,5-9,2710,0.025057326725349507,4.95868292020813e-06,0.00012771754555259126,3.200260267470988e-06
2014,E07000169,85622,70468,608,33812,0.01798178161599432,1539.6361055246657,female,5-9,2434,0.028427273364322252,0.0005111730215754149,0.008628029743997276,0.0002452713601281139
2014,E07000169,85622,70468,608,33812,0.01798178161599432,1539.6361055246657,male,5-9,2601,0.030377706664175094,0.0005462452872299319,0.008628029743997276,0.00026209975665292696
2014,E08000032,527567,70468,974,225143,0.0043261393869673944,2282.3283779642275,female,5-9,19811,0.037551628513534774,0.00016245357915717067,0.013821876596469319,0.0005190339753105362
2014,E08000032,527567,70468,974,225143,0.0043261393869673944,2282.3283779642275,male,5-9,20213,0.03831361703821505,0.00016575004772620717,0.013821876596469319,0.0005295660866665927
2014,E08000034,429998,70468,8,169140,4.729809625162587e-05,20.33808679200662,female,5-9,13779,0.03204433508993065,1.5156360454028924e-06,0.00011352670715785889,3.6378878458228593e-06
2014,E08000034,429998,70468,8,169140,4.729809625162587e-05,20.33808679200662,male,5-9,14133,0.03286759473299876,1.5545746592408068e-06,0.00011352670715785889,3.7313498022363355e-06
2014,E08000035,765430,70468,15565,282324,0.05513169266516484,42199.451516697125,female,5-9,22207,0.029012450518009485,0.0015995055054222015,0.22088039961400918,0.0064082816641996025
2014,E08000035,765430,70468,15565,282324,0.05513169266516484,42199.451516697125,male,5-9,23186,0.030291470154031067,0.0016700200229080543,0.22088039961400918,0.006690792032518214
2014,E08000036,331720,70468,8,138710,5.767428447840819e-05,19.131713647177563,female,5-9,9349,0.028183407693235258,1.6254578728706082e-06,0.00011352670715785889,3.1995694719004665e-06
2014,E08000036,331720,70468,8,138710,5.767428447840819e-05,19.131713647177563,male,5-9,9931,0.029937899433256962,1.7266469285996372e-06,0.00011352670715785889,3.398751141880793e-06
2014,E06000011,337242,70468,16,137905,0.00011602189913346144,39.12745730756681,female,10-14,8606,0.025518766938874754,2.9607358037924373e-06,0.00022705341431571778,5.794123162598571e-06
2014,E06000011,337242,70468,16,137905,0.00011602189913346144,39.12745730756681,male,10-14,8881,0.026334205110869938,3.0553444891332367e-06,0.00022705341431571778,5.979271183713445e-06
2014,E06000014,203654,70468,524,72026,0.0072751506400466496,1481.6135284480604,female,10-14,4553,0.022356545906292043,0.00016264723925939287,0.007435999318839757,0.00016624326013079738
2014,E06000014,203654,70468,524,72026,0.0072751506400466496,1481.6135284480604,male,10-14,4726,0.023206025906684868,0.00016882733422795754,0.007435999318839757,0.00017255999283508644
2014,E07000163,55750,70468,377,24121,0.015629534430579163,871.3465445047883,female,10-14,1436,0.025757847533632288,0.00040258316488451444,0.0053499460748141,0.0001378030953082161
2014,E07000163,55750,70468,377,24121,0.015629534430579163,871.3465445047883,male,10-14,1614,0.02895067264573991,0.00045248553490501826,0.0053499460748141,0.00015488453748430415
2014,E07000164,89915,70468,1054,36653,0.0287561727552997,2585.6112732927727,female,10-14,2310,0.025690930323082912,0.0007387728306149397,0.014957143668047908,0.00038426293580815955
2014,E07000164,89915,70468,1054,36653,0.0287561727552997,2585.6112732927727,male,10-14,2449,0.02723683478841128,0.0007832271264831115,0.014957143668047908,0.0004073852509931527
2014,E07000165,159631,70468,50981,64809,0.7866345723587773,125571.26342020398,female,10-14,4463,0.02795822866485833,0.021992909249689743,0.7234631322018504,0.020226747680693966
2014,E07000165,159631,70468,50981,64809,0.7866345723587773,125571.26342020398,male,10-14,4598,0.028803929061397848,0.022658166419465255,0.7234631322018504,0.020838580738478794
2014,E07000166,52812,70468,282,21158,0.013328291899045278,703.8937517723792,female,10-14,1301,0.02463455275316216,0.0003283365098965748,0.004001816427314526,9.858295788715062e-05
2014,E07000166,52812,70468,282,21158,0.013328291899045278,703.8937517723792,male,10-14,1541,0.02917897447549799,0.0003889058891242288,0.004001816427314526,0.00011676889938823911
2014,E07000167,52848,70468,62,19586,0.003165526396405596,167.29173899724293,female,10-14,1297,0.024542082954889494,7.768861141647854e-05,0.0008798319804734063,2.1592909451143052e-05
2014,E07000167,52848,70468,62,19586,0.003165526396405596,167.29173899724293,male,10-14,1384,0.026188313654253708,8.28997981498892e-05,0.0008798319804734063,2.304131586768079e-05
2014,E07000168,108152,70468,9,45479,0.00019789353327909583,21.40258141120077,female,10-14,2510,0.023208077520526667,4.59272846115218e-06,0.00012771754555259126,2.964078697915934e-06
2014,E07000168,108152,70468,9,45479,0.00019789353327909583,21.40258141120077,male,10-14,2700,0.024964864265108366,4.940385197255333e-06,0.00012771754555259126,3.1884511889932355e-06
2014,E07000169,85622,70468,608,33812,0.01798178161599432,1539.6361055246657,female,10-14,2319,0.027084160612926584,0.0004870214613941607,0.008628029743997276,0.00023368294335953006
2014,E07000169,85622,70468,608,33812,0.01798178161599432,1539.6361055246657,male,10-14,2396,0.027983462194295858,0.0005031925060372613,0.008628029743997276,0.00024144214415240794
2014,E08000032,527567,70468,974,225143,0.0043261393869673944,2282.3283779642275,female,10-14,17832,0.033800446199250524,0.00014622544159965007,0.013821876596469319,0.0004671855962716412
2014,E08000032,527567,70468,974,225143,0.0043261393869673944,2282.3283779642275,male,10-14,18338,0.034759566083549576,0.0001503747279079398,0.013821876596469319,0.0004804424329536426
2014,E08000034,429998,70468,8,169140,4.729809625162587e-05,20.33808679200662,female,10-14,12786,0.02973502202335825,1.4064099337050136e-06,0.00011352670715785889,3.3757191375782766e-06
2014,E08000034,429998,70468,8,169140,4.729809625162587e-05,20.33808679200662,male,10-14,12869,0.02992804617695896,1.4155396087009087e-06,0.00011352670715785889,3.3976325341384983e-06
2014,E08000035,765430,70468,15565,282324,0.05513169266516484,42199.451516697125,female,10-14,19158,0.0250290686280914,0.0013798949192992541,0.22088039961400918,0.005528430680539289
2014,E08000035,765430,70468,15565,282324,0.05513169266516484,42199.451516697125,male,10-14,19884,0.025977555099747855,0.0014321865839516843,0.22088039961400918,0.005737932751427249
2014,E08000036,331720,70468,8,138710,5.767428447840819e-05,19.131713647177563,female,10-14,8712,0.026263113469190885,1.514706277510829e-06,0.00011352670715785889,2.9815647918704532e-06
2014,E08000036,331720,70468,8,138710,5.767428447840819e-05,19.131713647177563,male,10-14,8961,0.02701374653322079,1.5579985023845888e-06,0.00011352670715785889,3.0667816919135824e-06
2014,E06000011,337242,70468,16,137905,0.00011602189913346144,39.12745730756681,female,15-19,9624,0.02853737079011511,3.3109599553449244e-06,0.00022705341431571778,6.479507473489269e-06
2014,E06000011,337242,70468,16,137905,0.00011602189913346144,39.12745730756681,male,15-19,10116,0.029996263810557405,3.480223494209191e-06,0.00022705341431571778,6.8107541149020616e-06
2014,E06000014,203654,70468,524,72026,0.0072751506400466496,1481.6135284480604,female,15-19,6928,0.03401848232786982,0.0002474895834810177,0.007435999318839757,0.00025296141141800227
2014,E06000014,203654,70468,524,72026,0.0072751506400466496,1481.6135284480604,male,15-19,6814,0.033458709379634084,0.00024341715095837975,0.007435999318839757,0.00024879894015621644
2014,E07000163,55750,70468,377,24121,0.015629534430579163,871.3465445047883,female,15-19,1590,0.02852017937219731,0.0004457571254640515,0.0053499460748141,0.00015258142168528106
2014,E07000163,55750,70468,377,24121,0.015629534430579163,871.3465445047883,male,15-19,1595,0.02860986547085202,0.00044715887743091955,0.0053499460748141,0.0001530612374767442
2014,E07000164,89915,70468,1054,36653,0.0287561727552997,2585.6112732927727,female,15-19,2398,0.026669632430628927,0.0007669165574955089,0.014957143668047908,0.00039890152383894657
2014,E07000164,89915,70468,1054,36653,0.0287561727552997,2585.6112732927727,male,15-19,2480,0.02758160484902408,0.0007931413939069483,0.014957143668047908,0.00041254202632217996
2014,E07000165,159631,70468,50981,64809,0.7866345723587773,125571.26342020398,female,15-19,4435,0.02778282413816865,0.021854929984847414,0.7234631322018504,0.020099848972412668
2014,E07000165,159631,70468,50981,64809,0.7866345723587773,125571.26342020398,male,15-19,5263,0.0329697865702777,0.025935173959470557,0.7234631322018504,0.02385242506015961
2014,E07000166,52812,70468,282,21158,0.013328291899045278,703.8937517723792,female,15-19,1337,0.025316216011512536,0.0003374219167807229,0.004001816427314526,0.0001013108491123139
2014,E07000166,52812,70468,282,21158,0.013328291899045278,703.8937517723792,male,15-19,1729,0.03273877149132773,0.0004363519028525579,0.004001816427314526,0.00013101455356409177
2014,E07000167,52848,70468,62,19586,0.003165526396405596,167.29173899724293,female,15-19,1453,0.027493944898577052,8.703280831776663e-05,0.0008798319804734063,2.4190051991141756e-05
2014,E07000167,52848,70468,62,19586,0.003165526396405596,167.29173899724293,male,15-19,1713,0.03241371480472298,0.00010260646981991344,0.0008798319804734063,2.8518622891139588e-05
2014,E07000168,108152,70468,9,45479,0.00019789353327909583,21.40258141120077,female,15-19,2797,0.025861750129447445,5.117873109897469e-06,0.00012771754555259126,3.302999250227437e-06
2014,E07000168,108152,70468,9,45479,0.00019789353327909583,21.40258141120077,male,15-19,3009,0.027821954286559657,5.505784836496777e-06,0.00012771754555259126,3.5533517139557947e-06
2014,E07000169,85622,70468,608,33812,0.01798178161599432,1539.6361055246657,female,15-19,2381,0.027808273574548598,0.0005000423025353587,0.008628029743997276,0.00023993061153041874
2014,E07000169,85622,70468,608,33812,0.01798178161599432,1539.6361055246657,male,15-19,2450,0.028614141225385997,0.0005145332386441112,0.008628029743997276,0.00024688366159156906
2014,E08000032,527567,70468,974,225143,0.0043261393869673944,2282.3283779642275,female,15-19,17222,0.03264419495533269,0.00014122333755210706,0.013821876596469319,0.0004512040342636947
2014,E08000032,527567,70468,974,225143,0.0043261393869673944,2282.3283779642275,male,15-19,18171,0.03444301861185404,0.00014900529942279278,0.013821876596469319,0.0004760671528629425
2014,E08000034,429998,70468,8,169140,4.729809625162587e-05,20.33808679200662,female,15-19,13141,0.030560607258638413,1.4454585436272159e-06,0.00011352670715785889,3.46944511081778e-06
2014,E08000034,429998,70468,8,169140,4.729809625162587e-05,20.33808679200662,male,15-19,13861,0.03223503365131931,1.5246557243144996e-06,0.00011352670715785889,3.659537225557054e-06
2014,E08000035,765430,70468,15565,282324,0.05513169266516484,42199.451516697125,female,15-19,24988,0.032645702415635657,0.0017998128324172545,0.22088039961400918,0.007210795795245629
2014,E08000035,765430,70468,15565,282324,0.05513169266516484,42199.451516697125,male,15-19,24668,0.03222763675319755,0.0017767641648018583,0.22088039961400918,0.007118453284661404
2014,E08000036,331720,70468,8,138710,5.767428447840819e-05,19.131713647177563,female,15-19,9313,0.028074882430965876,1.61919875602139e-06,0.00011352670715785889,3.187248956231581e-06
2014,E08000036,331720,70468,8,138710,5.767428447840819e-05,19.131713647177563,male,15-19,9612,0.028976245025925478,1.6711841987412862e-06,0.00011352670715785889,3.289577683592607e-06
2014,E06000011,337242,70468,16,137905,0.00011602189913346144,39.12745730756681,female,20-24,7468,0.022144335521672866,2.5692278622730567e-06,0.00022705341431571778,5.027946987948656e-06
2014,E06000011,337242,70468,16,137905,0.00011602189913346144,39.12745730756681,male,20-24,8546,0.02534085315589399,2.9400939088089905e-06,0.00022705341431571778,5.753727230718962e-06
2014,E06000014,203654,70468,524,72026,0.0072751506400466496,1481.6135284480604,female,20-24,11394,0.05594783308945565,0.00040702891370997637,0.007435999318839757,0.0004160280487437526
2014,E06000014,203654,70468,524,72026,0.0072751506400466496,1481.6135284480604,male,20-24,11085,0.054430553782395634,0.0003959904781880892,0.007435999318839757,0.0004047455608499647
2014,E07000163,55750,70468,377,24121,0.015629534430579163,871.3465445047883,female,20-24,1102,0.01976681614349776,0.00030894613349772627,0.0053499460748141,0.00010575140043847781
2014,E07000163,55750,70468,377,24121,0.015629534430579163,871.3465445047883,male,20-24,1248,0.022385650224215247,0.00034987729093027435,0.0053499460748141,0.00011976202154920174
2014,E07000164,89915,70468,1054,36653,0.0287561727552997,2585.6112732927727,female,20-24,1902,0.021153311460824113,0.0006082882787141193,0.014957143668047908,0.0003163931185745106
2014,E07000164,89915,70468,1054,36653,0.0287561727552997,2585.6112732927727,male,20-24,2213,0.0246121336818106,0.0007077507680306761,0.014957143668047908,0.00036812721945604204
2014,E07000165,159631,70468,50981,64809,0.7866345723587773,125571.26342020398,female,20-24,3290,0.02061003188603717,0.016212563618973615,0.7234631322018504,0.014910598223052463
2014,E07000165,159631,70468,50981,64809,0.7866345723587773,125571.26342020398,male,20-24,3492,0.021875450257155565,0.017207985458193274,0.7234631322018504,0.01582608176136754
2014,E07000166,52812,70468,282,21158,0.013328291899045278,703.8937517723792,female,20-24,1042,0.019730364311141408,0.0002629720548133981,0.004001816427314526,7.895729601722593e-05
2014,E07000166,52812,70468,282,21158,0.013328291899045278,703.8937517723792,male,20-24,2856,0.05407861849579641,0.0007207756128090835,0.004001816427314526,0.00021641270386295325
2014,E07000167,52848,70468,62,19586,0.003165526396405596,167.29173899724293,female,20-24,1132,0.021419921283681503,6.780532623242384e-05,0.0008798319804734063,1.8845931764605966e-05
2014,E07000167,52848,70468,62,19586,0.003165526396405596,167.29173899724293,male,20-24,1235,0.023368907054193158,7.397489213519738e-05,0.0008798319804734063,2.0560711774989723e-05
2014,E07000168,108152,70468,9,45479,0.00019789353327909583,21.40258141120077,female,20-24,2997,0.027710999334270285,5.483827568953419e-06,0.00012771754555259126,3.539180819782491e-06
2014,E07000168,108152,70468,9,45479,0.00019789353327909583,21.40258141120077,male,20-24,3195,0.029541756047044898,5.8461224834188105e-06,0.00012771754555259126,3.773000573641995e-06
2014,E07000169,85622,70468,608,33812,0.01798178161599432,1539.6361055246657,female,20-24,2092,0.024432972834084698,0.00043934838173203286,0.008628029743997276,0.0002108084163467602
2014,E07000169,85622,70468,608,33812,0.01798178161599432,1539.6361055246657,male,20-24,2195,0.025635934689682557,0.0004609797791117649,0.008628029743997276,0.00022118760701775268
2014,E08000032,527567,70468,974,225143,0.0043261393869673944,2282.3283779642275,female,20-24,16346,0.03098374234931298,0.00013403998813301256,0.013821876596469319,0.0004282534632490044
2014,E08000032,527567,70468,974,225143,0.0043261393869673944,2282.3283779642275,male,20-24,17101,0.032414840200391606,0.00014023111691316819,0.013821876596469319,0.00044803392114408557
2014,E08000034,429998,70468,8,169140,4.729809625162587e-05,20.33808679200662,female,20-24,13911,0.03235131326192215,1.5301555285288944e-06,0.00011352670715785889,3.6727380668583927e-06
2014,E08000034,429998,70468,8,169140,4.729809625162587e-05,20.33808679200662,male,20-24,15322,0.03563272387313429,1.6853600034591127e-06,0.00011352670715785889,4.045265808382164e-06
2014,E08000035,765430,70468,15565,282324,0.05513169266516484,42199.451516697125,female,20-24,38789,0.05067609056347413,0.002793858650417516,0.22088039961400918,0.011193355134535884
2014,E08000035,765430,70468,15565,282324,0.05513169266516484,42199.451516697125,male,20-24,37435,0.04890715022928289,0.0026963339755698705,0.22088039961400918,0.010802630886626386
2014,E08000036,331720,70468,8,138710,5.767428447840819e-05,19.131713647177563,female,20-24,9603,0.028949113710358132,1.6696194195289817e-06,0.00011352670715785889,3.2864975546753856e-06
2014,E08000036,331720,70468,8,138710,5.767428447840819e-05,19.131713647177563,male,20-24,9662,0.02912697455685518,1.6798774165874229e-06,0.00011352670715785889,3.306689510910505e-06
2014,E06000011,337242,70468,16,137905,0.00011602189913346144,39.12745730756681,female,25-29,7706,0.022850060194163243,2.65110737904073e-06,0.00022705341431571778,5.188184184404438e-06
2014,E06000011,337242,70468,16,137905,0.00011602189913346144,39.12745730756681,male,25-29,7779,0.02306652196345651,2.676221684603924e-06,0.00022705341431571778,5.237332568191295e-06
2014,E06000014,203654,70468,524,72026,0.0072751506400466496,1481.6135284480604,female,25-29,6958,0.03416579099845817,0.000248561276250133,0.007435999318839757,0.0002540567985921565
2014,E06000014,203654,70468,524,72026,0.0072751506400466496,1481.6135284480604,male,25-29,7396,0.03631649758904809,0.0002642079906792158,0.007435999318839757,0.00027004945133480727
2014,E07000163,55750,70468,377,24121,0.015629534430579163,871.3465445047883,female,25-29,1218,0.021847533632286996,0.00034146677912906586,0.0053499460748141,0.00011688312680042285
2014,E07000163,55750,70468,377,24121,0.015629534430579163,871.3465445047883,male,25-29,1212,0.021739910313901344,0.0003397846767688241,0.0053499460748141,0.00011630734785066706
2014,E07000164,89915,70468,1054,36653,0.0287561727552997,2585.6112732927727,female,25-29,2147,0.023878107101151087,0.0006866429728702492,0.014957143668047908,0.0003571482784329518
2014,E07000164,89915,70468,1054,36653,0.0287561727552997,2585.6112732927727,male,25-29,2505,0.027859645220486014,0.0008011367708616555,0.014957143668047908,0.0004167007161036535
2014,E07000165,159631,70468,50981,64809,0.7866345723587773,125571.26342020398,female,25-29,4000,0.025057789527096867,0.01971132354890409,0.7234631322018504,0.018128386897328222
2014,E07000165,159631,70468,50981,64809,0.7866345723587773,125571.26342020398,male,25-29,4107,0.02572808539694671,0.02023860145383728,0.7234631322018504,0.018613321246831755
2014,E07000166,52812,70468,282,21158,0.013328291899045278,703.8937517723792,female,25-29,1429,0.02705824433840794,0.0003606401788179903,0.004001816427314526,0.00010828212668773115
2014,E07000166,52812,70468,282,21158,0.013328291899045278,703.8937517723792,male,25-29,2748,0.05203362872074529,0.0006935193921566392,0.004001816427314526,0.0002082290301874634
2014,E07000167,52848,70468,62,19586,0.003165526396405596,167.29173899724293,female,25-29,1162,0.021987587042082955,6.960228717497923e-05,0.0008798319804734063,1.934538225306725e-05
2014,E07000167,52848,70468,62,19586,0.003165526396405596,167.29173899724293,male,25-29,1172,0.022176808961550106,7.020127415583104e-05,0.0008798319804734063,1.9511865749221014e-05
2014,E07000168,108152,70468,9,45479,0.00019789353327909583,21.40258141120077,female,25-29,2781,0.025713810193061615,5.088596753172992e-06,0.00012771754555259126,3.284104724663032e-06
2014,E07000168,108152,70468,9,45479,0.00019789353327909583,21.40258141120077,male,25-29,2811,0.025991197573785044,5.143489922031386e-06,0.00012771754555259126,3.3195319600962907e-06
2014,E07000169,85622,70468,608,33812,0.01798178161599432,1539.6361055246657,female,25-29,2415,0.028205367779309057,0.0005071827638063382,0.008628029743997276,0.00024335675214026093
2014,E07000169,85622,70468,608,33812,0.01798178161599432,1539.6361055246657,male,25-29,2316,0.027049122888977133,0.0004863914206937802,0.008628029743997276,0.00023338063683513223
2014,E08000032,527567,70468,974,225143,0.0043261393869673944,2282.3283779642275,female,25-29,18988,0.03599163708116694,0.0001557048387782725,0.013821876596469319,0.0004974719662407986
2014,E08000032,527567,70468,974,225143,0.0043261393869673944,2282.3283779642275,male,25-29,17529,0.03322611156497658,0.00014374078991701806,0.013821876596469319,0.0004592472138316284
2014,E08000034,429998,70468,8,169140,4.729809625162587e-05,20.33808679200662,female,25-29,13838,0.032181545030442,1.5221258143758781e-06,0.00011352670715785889,3.653464838558438e-06
2014,E08000034,429998,70468,8,169140,4.729809625162587e-05,20.33808679200662,male,25-29,13460,0.03130247117428453,1.480547294515054e-06,0.00011352670715785889,3.553666478320319e-06
2014,E08000035,765430,70468,15565,282324,0.05513169266516484,42199.451516697125,female,25-29,28431,0.03714382765243066,0.0020478020905416584,0.22088039961400918,0.00820434349506277
2014,E08000035,765430,70468,15565,282324,0.05513169266516484,42199.451516697125,male,25-29,29306,0.03828697594815986,0.0021108257910525076,0.22088039961400918,0.008456842547441508
2014,E08000036,331720,70468,8,138710,5.767428447840819e-05,19.131713647177563,female,25-29,11160,0.03364283130350899,1.9403262232576736e-06,0.00011352670715785889,3.819359857354713e-06
2014,E08000036,331720,70468,8,138710,5.767428447840819e-05,19.131713647177563,male,25-29,10481,0.031595924273483664,1.8222723249071393e-06,0.00011352670715785889,3.5869812423776654e-06
2014,E06000011,337242,70468,16,137905,0.00011602189913346144,39.12745730756681,female,30-34,8028,0.023804864162826695,2.76188554878523e-06,0.00022705341431571778,5.404975685491672e-06
2014,E06000011,337242,70468,16,137905,0.00011602189913346144,39.12745730756681,male,30-34,7847,0.023268157584168045,2.6996158322518307e-06,0.00022705341431571778,5.2831146243215184e-06
2014,E06000014,203654,70468,524,72026,0.0072751506400466496,1481.6135284480604,female,30-34,6408,0.03146513203767174,0.0002289135754830199,0.007435999318839757,0.00023397470039933008
2014,E06000014,203654,70468,524,72026,0.0072751506400466496,1481.6135284480604,male,30-34,6707,0.03293330845453563,0.00023959478008186863,0.007435999318839757,0.0002448920592350666
2014,E07000163,55750,70468,377,24121,0.015629534430579163,871.3465445047883,female,30-34,1225,0.02197309417040359,0.0003434292318826812,0.0053499460748141,0.00011755486890847126
2014,E07000163,55750,70468,377,24121,0.015629534430579163,871.3465445047883,male,30-34,1219,0.021865470852017937,0.0003417471295224395,0.0053499460748141,0.00011697908995871546
2014,E07000164,89915,70468,1054,36653,0.0287561727552997,2585.6112732927727,female,30-34,1973,0.02194294611577601,0.0006309951492654875,0.014957143668047908,0.0003282037975538956
2014,E07000164,89915,70468,1054,36653,0.0287561727552997,2585.6112732927727,male,30-34,2149,0.023900350330868042,0.0006872826030266258,0.014957143668047908,0.00035748097361546963
2014,E07000165,159631,70468,50981,64809,0.7866345723587773,125571.26342020398,female,30-34,4130,0.025872167686727517,0.020351941564243477,0.7234631322018504,0.018717559471491393
2014,E07000165,159631,70468,50981,64809,0.7866345723587773,125571.26342020398,male,30-34,4333,0.02714385050522768,0.021352291234350358,0.7234631322018504,0.0196375751065308
2014,E07000166,52812,70468,282,21158,0.013328291899045278,703.8937517723792,female,30-34,1328,0.02514580019692494,0.0003351505650596859,0.004001816427314526,0.00010062887630602307
2014,E07000166,52812,70468,282,21158,0.013328291899045278,703.8937517723792,male,30-34,1736,0.032871317124895855,0.00043811850974669774,0.004001816427314526,0.00013154497685787352
2014,E07000167,52848,70468,62,19586,0.003165526396405596,167.29173899724293,female,30-34,1155,0.02185513169845595,6.918299628838297e-05,0.0008798319804734063,1.922884380575962e-05
2014,E07000167,52848,70468,62,19586,0.003165526396405596,167.29173899724293,male,30-34,1122,0.021230699364214352,6.720633925157203e-05,0.0008798319804734063,1.8679448268452203e-05
2014,E07000168,108152,70468,9,45479,0.00019789353327909583,21.40258141120077,female,30-34,2513,0.02323581625859901,4.598217778038019e-06,0.00012771754555259126,2.9676214214592594e-06
2014,E07000168,108152,70468,9,45479,0.00019789353327909583,21.40258141120077,male,30-34,2468,0.02281973518751387,4.51587802475043e-06,0.00012771754555259126,2.9144805683093725e-06
2014,E07000169,85622,70468,608,33812,0.01798178161599432,1539.6361055246657,female,30-34,2514,0.02936161266964098,0.0005279741069188961,0.008628029743997276,0.00025333286744538965
2014,E07000169,85622,70468,608,33812,0.01798178161599432,1539.6361055246657,male,30-34,2358,0.027539651024269463,0.0004952119904991078,0.008628029743997276,0.00023761292817670198
2014,E08000032,527567,70468,974,225143,0.0043261393869673944,2282.3283779642275,female,30-34,19338,0.036655059926037833,0.00015857489847768242,0.013821876596469319,0.0005066417149338828
2014,E08000032,527567,70468,974,225143,0.0043261393869673944,2282.3283779642275,male,30-34,18834,0.035699731029423754,0.00015444201251053216,0.013821876596469319,0.0004934372768158417
2014,E08000034,429998,70468,8,169140,4.729809625162587e-05,20.33808679200662,female,30-34,14136,0.03287457150963493,1.5549046474936704e-06,0.00011352670715785889,3.732141852714416e-06
2014,E08000034,429998,70468,8,169140,4.729809625162587e-05,20.33808679200662,male,30-34,13787,0.032062939827627104,1.5165160140771955e-06,0.00011352670715785889,3.639999980431073e-06
2014,E08000035,765430,70468,15565,282324,0.05513169266516484,42199.451516697125,female,30-34,28173,0.036806762212089936,0.0020292191022767453,0.22088039961400918,0.008129892345904237
2014,E08000035,765430,70468,15565,282324,0.05513169266516484,42199.451516697125,male,30-34,27670,0.036149615248945034,0.001992989477868794,0.22088039961400918,0.00798474146207966
2014,E08000036,331720,70468,8,138710,5.767428447840819e-05,19.131713647177563,female,30-34,10894,0.03284095019896298,1.8940783043162267e-06,0.00011352670715785889,3.7283249360234977e-06
2014,E08000036,331720,70468,8,138710,5.767428447840819e-05,19.131713647177563,male,30-34,10147,0.030589051006873265,1.764201629694947e-06,0.00011352670715785889,3.47267423589411e-06
2014,E06000011,337242,70468,16,137905,0.00011602189913346144,39.12745730756681,female,35-39,8870,0.026301587583990132,3.0515601417196048e-06,0.00022705341431571778,5.97186526286885e-06
2014,E06000011,337242,70468,16,137905,0.00011602189913346144,39.12745730756681,male,35-39,8485,0.025159974143196873,2.9191079822424857e-06,0.00022705341431571778,5.712658033308026e-06
2014,E06000014,203654,70468,524,72026,0.0072751506400466496,1481.6135284480604,female,35-39,5910,0.029019808105905112,0.00021112347551570653,0.007435999318839757,0.00021579127330837087
2014,E06000014,203654,70468,524,72026,0.0072751506400466496,1481.6135284480604,male,35-39,5854,0.02874483192080686,0.00020912298234669139,0.007435999318839757,0.0002137465505832831
2014,E07000163,55750,70468,377,24121,0.015629534430579163,871.3465445047883,female,35-39,1330,0.023856502242152466,0.00037286602318691096,0.0053499460748141,0.00012763100052919736
2014,E07000163,55750,70468,377,24121,0.015629534430579163,871.3465445047883,male,35-39,1202,0.021560538116591928,0.00033698117283508796,0.0053499460748141,0.00011534771626774076
2014,E07000164,89915,70468,1054,36653,0.0287561727552997,2585.6112732927727,female,35-39,2156,0.023978201634877384,0.0006895213085739438,0.014957143668047908,0.00035864540675428227
2014,E07000164,89915,70468,1054,36653,0.0287561727552997,2585.6112732927727,male,35-39,2066,0.022977256297614414,0.0006607379515369981,0.014957143668047908,0.00034367412354097734
2014,E07000165,159631,70468,50981,64809,0.7866345723587773,125571.26342020398,female,35-39,4534,0.0284030044289643,0.02234278524268279,0.7234631322018504,0.020548526548121542
2014,E07000165,159631,70468,50981,64809,0.7866345723587773,125571.26342020398,male,35-39,4216,0.026410910161560098,0.020775735020544913,0.7234631322018504,0.019107319789783948
2014,E07000166,52812,70468,282,21158,0.013328291899045278,703.8937517723792,female,35-39,1262,0.02389608422328259,0.000318493985772081,0.004001816427314526,9.562774239322373e-05
2014,E07000166,52812,70468,282,21158,0.013328291899045278,703.8937517723792,male,35-39,1378,0.026092554722411572,0.00034776918573211377,0.004001816427314526,0.00010441761411874983
2014,E07000167,52848,70468,62,19586,0.003165526396405596,167.29173899724293,female,35-39,1169,0.02212004238570996,7.00215780615755e-05,0.0008798319804734063,1.9461920700374887e-05
2014,E07000167,52848,70468,62,19586,0.003165526396405596,167.29173899724293,male,35-39,1151,0.02177944293066909,6.894340149604226e-05,0.0008798319804734063,1.9162250407298115e-05
2014,E07000168,108152,70468,9,45479,0.00019789353327909583,21.40258141120077,female,35-39,2531,0.023402248687033063,4.631153679353054e-06,0.00012771754555259126,2.9888777627192143e-06
2014,E07000168,108152,70468,9,45479,0.00019789353327909583,21.40258141120077,male,35-39,2321,0.02146053702196908,4.246901497344307e-06,0.00012771754555259126,2.740887114686407e-06
2014,E07000169,85622,70468,608,33812,0.01798178161599432,1539.6361055246657,female,35-39,2473,0.02888276377566513,0.000519363550680362,0.008628029743997276,0.0002492013449452858
2014,E07000169,85622,70468,608,33812,0.01798178161599432,1539.6361055246657,male,35-39,2323,0.02713087757819252,0.00048786151566133473,0.008628029743997276,0.00023408601872539384
2014,E08000032,527567,70468,974,225143,0.0043261393869673944,2282.3283779642275,female,35-39,16569,0.031406437476187855,0.00013586862617006513,0.013821876596469319,0.0004340959031305979
2014,E08000032,527567,70468,974,225143,0.0043261393869673944,2282.3283779642275,male,35-39,17622,0.03340239249232799,0.0001445034057800041,0.013821876596469319,0.00046168374705579066
2014,E08000034,429998,70468,8,169140,4.729809625162587e-05,20.33808679200662,female,35-39,13189,0.03067223568481714,1.4507383556730349e-06,0.00011352670715785889,3.482117918467065e-06
2014,E08000034,429998,70468,8,169140,4.729809625162587e-05,20.33808679200662,male,35-39,13000,0.030232698756738403,1.4299490957426228e-06,0.00011352670715785889,3.4322187383480055e-06
2014,E08000035,765430,70468,15565,282324,0.05513169266516484,42199.451516697125,female,35-39,24037,0.031403263525077406,0.0017313150733477486,0.22088039961400918,0.006936365396603136
2014,E08000035,765430,70468,15565,282324,0.05513169266516484,42199.451516697125,male,35-39,24170,0.03157702206602825,0.001740894675825398,0.22088039961400918,0.006974745252564705
2014,E08000036,331720,70468,8,138710,5.767428447840819e-05,19.131713647177563,female,35-39,9406,0.028355239358495116,1.6353681412152037e-06,0.00011352670715785889,3.2190769550428698e-06
2014,E08000036,331720,70468,8,138710,5.767428447840819e-05,19.131713647177563,male,35-39,9138,0.027547329072711926,1.588772493559912e-06,0.00011352670715785889,3.1273575606189394e-06
2014,E06000011,337242,70468,16,137905,0.00011602189913346144,39.12745730756681,female,40-44,11465,0.033996358697908326,3.9443220997536945e-06,0.00022705341431571778,7.718989316661936e-06
2014,E06000011,337242,70468,16,137905,0.00011602189913346144,39.12745730756681,male,40-44,10962,0.03250484815058623,3.771274213475796e-06,0.00022705341431571778,7.380336754404548e-06
2014,E06000014,203654,70468,524,72026,0.0072751506400466496,1481.6135284480604,female,40-44,6558,0.03220167539061349,0.0002342720393285962,0.007435999318839757,0.0002394516362701009
2014,E06000014,203654,70468,524,72026,0.0072751506400466496,1481.6135284480604,male,40-44,6486,0.03184813458120145,0.00023169997668271954,0.007435999318839757,0.00023682270705213088
2014,E07000163,55750,70468,377,24121,0.015629534430579163,871.3465445047883,female,40-44,1935,0.0347085201793722,0.0005424780111779494,0.0053499460748141,0.00018568871129623826
2014,E07000163,55750,70468,377,24121,0.015629534430579163,871.3465445047883,male,40-44,1707,0.03061883408071749,0.0004785581214887647,0.0053499460748141,0.00016380911120551873
2014,E07000164,89915,70468,1054,36653,0.0287561727552997,2585.6112732927727,female,40-44,2965,0.03297558805538564,0.0009482517068282668,0.014957143668047908,0.0004932206080827676
2014,E07000164,89915,70468,1054,36653,0.0287561727552997,2585.6112732927727,male,40-44,2630,0.029249847077795696,0.0008411136556351912,0.014957143668047908,0.00043749416501102147
2014,E07000165,159631,70468,50981,64809,0.7866345723587773,125571.26342020398,female,40-44,5690,0.035644705602295296,0.028039357748316073,0.7234631322018504,0.0257876303614494
2014,E07000165,159631,70468,50981,64809,0.7866345723587773,125571.26342020398,male,40-44,5438,0.03406606486208819,0.026797544364735117,0.7234631322018504,0.02464554198691772
2014,E07000166,52812,70468,282,21158,0.013328291899045278,703.8937517723792,female,40-44,1648,0.031205029160039387,0.00041590973736322463,0.004001816427314526,0.0001248767983074744
2014,E07000166,52812,70468,282,21158,0.013328291899045278,703.8937517723792,male,40-44,1830,0.034651215632810727,0.0004618415166108623,0.004001816427314526,0.00013866780394579986
2014,E07000167,52848,70468,62,19586,0.003165526396405596,167.29173899724293,female,40-44,1733,0.03279215864365728,0.00010380444378161706,0.0008798319804734063,2.8851589883447117e-05
2014,E07000167,52848,70468,62,19586,0.003165526396405596,167.29173899724293,male,40-44,1562,0.029556463820769,9.356176640905126e-05,0.0008798319804734063,2.6004722099217772e-05
2014,E07000168,108152,70468,9,45479,0.00019789353327909583,21.40258141120077,female,40-44,3278,0.03030919446704638,5.997993583927029e-06,0.00012771754555259126,3.871015925007343e-06
2014,E07000168,108152,70468,9,45479,0.00019789353327909583,21.40258141120077,male,40-44,2983,0.027581551889932686,5.458210756819503e-06,0.00012771754555259126,3.522648109913637e-06
2014,E07000169,85622,70468,608,33812,0.01798178161599432,1539.6361055246657,female,40-44,3191,0.0372684590409007,0.0006701532916381055,0.008628029743997276,0.00032155337311783543
2014,E07000169,85622,70468,608,33812,0.01798178161599432,1539.6361055246657,male,40-44,3034,0.035434818154212705,0.0006371811616515238,0.008628029743997276,0.00030573266500768186
2014,E08000032,527567,70468,974,225143,0.0043261393869673944,2282.3283779642275,female,40-44,17690,0.03353128607361719,0.0001450610173787466,0.013821876596469319,0.000463465298230447
2014,E08000032,527567,70468,974,225143,0.0043261393869673944,2282.3283779642275,male,40-44,18015,0.03414732157242587,0.00014772607281391295,0.013821876596469319,0.00047198006487402503
2014,E08000034,429998,70468,8,169140,4.729809625162587e-05,20.33808679200662,female,40-44,15068,0.035042023451271866,1.6574209980499878e-06,0.00011352670715785889,3.978205534571365e-06
2014,E08000034,429998,70468,8,169140,4.729809625162587e-05,20.33808679200662,male,40-44,15238,0.03543737412732152,1.6761203323789297e-06,0.00011352670715785889,4.023088394995916e-06
2014,E08000035,765430,70468,15565,282324,0.05513169266516484,42199.451516697125,female,40-44,24977,0.032631331408489346,0.0017990205344679752,0.22088039961400918,0.007207621521444296
2014,E08000035,765430,70468,15565,282324,0.05513169266516484,42199.451516697125,male,40-44,25073,0.032756751107220775,0.001805935134752594,0.22088039961400918,0.007235324274619563
2014,E08000036,331720,70468,8,138710,5.767428447840819e-05,19.131713647177563,female,40-44,11738,0.035385264681056315,2.0408198215590115e-06,0.00011352670715785889,4.017172581149607e-06
2014,E08000036,331720,70468,8,138710,5.767428447840819e-05,19.131713647177563,male,40-44,11454,0.034529120945375615,1.9914423441929558e-06,0.00011352670715785889,3.919977401983949e-06
2014,E06000011,337242,70468,16,137905,0.00011602189913346144,39.12745730756681,female,45-49,13069,0.03875258716292751,4.496148758977848e-06,0.00022705341431571778,8.798907228910146e-06
2014,E06000011,337242,70468,16,137905,0.00011602189913346144,39.12745730756681,male,45-49,12456,0.03693490134680734,4.28525739856363e-06,0.00022705341431571778,8.386195458206809e-06
2014,E06000014,203654,70468,524,72026,0.0072751506400466496,1481.6135284480604,female,45-49,6844,0.03360601805022244,0.00024448884372749505,0.007435999318839757,0.0002498943273303706
2014,E06000014,203654,70468,524,72026,0.0072751506400466496,1481.6135284480604,male,45-49,6713,0.032962770188653304,0.0002398091186356917,0.007435999318839757,0.0002451111366698974
2014,E07000163,55750,70468,377,24121,0.015629534430579163,871.3465445047883,female,45-49,2206,0.0395695067264574,0.0006184529677821997,0.0053499460748141,0.00021169472719354088
2014,E07000163,55750,70468,377,24121,0.015629534430579163,871.3465445047883,male,45-49,2037,0.03653811659192825,0.0005710737513020584,0.0053499460748141,0.0001954769534420865
2014,E07000164,89915,70468,1054,36653,0.0287561727552997,2585.6112732927727,female,45-49,3734,0.0415281098815548,0.0011941895019550585,0.014957143668047908,0.0006211419057608952
2014,E07000164,89915,70468,1054,36653,0.0287561727552997,2585.6112732927727,male,45-49,3461,0.03849190902519046,0.0011068799856096565,0.014957143668047908,0.0005757290133472036
2014,E07000165,159631,70468,50981,64809,0.7866345723587773,125571.26342020398,female,45-49,6648,0.041646046194034995,0.032760219738278605,0.7234631322018504,0.03012937902335951
2014,E07000165,159631,70468,50981,64809,0.7866345723587773,125571.26342020398,male,45-49,6132,0.038413591345039494,0.030217459000469973,0.7234631322018504,0.027790817113604167
2014,E07000166,52812,70468,282,21158,0.013328291899045278,703.8937517723792,female,45-49,1926,0.03646898432174506,0.0004860692683019239,0.004001816427314526,0.00014594218054623525
2014,E07000166,52812,70468,282,21158,0.013328291899045278,703.8937517723792,male,45-49,1820,0.0344618647277134,0.0004593177924763767,0.004001816427314526,0.0001379100563832545
2014,E07000167,52848,70468,62,19586,0.003165526396405596,167.29173899724293,female,45-49,2078,0.03932031486527399,0.00012446949462100417,0.0008798319804734063,3.4595270500751935e-05
2014,E07000167,52848,70468,62,19586,0.003165526396405596,167.29173899724293,male,45-49,1909,0.03612246442627914,0.00011434661464460873,0.0008798319804734063,3.178169941575334e-05
2014,E07000168,108152,70468,9,45479,0.00019789353327909583,21.40258141120077,female,45-49,3836,0.03546859974850211,7.0190065246931326e-06,0.00012771754555259126,4.529962504065945e-06
2014,E07000168,108152,70468,9,45479,0.00019789353327909583,21.40258141120077,male,45-49,3592,0.03321251571861824,6.572542084644872e-06,0.00012771754555259126,4.241820989208778e-06
2014,E07000169,85622,70468,608,33812,0.01798178161599432,1539.6361055246657,female,45-49,3528,0.04120436336455584,0.0007409278636475201,0.008628029743997276,0.00035551247269185944
2014,E07000169,85622,70468,608,33812,0.01798178161599432,1539.6361055246657,male,45-49,3391,0.03960430730419752,0.0007121560049968086,0.008628029743997276,0.0003417071414110248
2014,E08000032,527567,70468,974,225143,0.0043261393869673944,2282.3283779642275,female,45-49,17318,0.03282616236421156,0.00014201055392680235,0.013821876596469319,0.00045371916533379776
2014,E08000032,527567,70468,974,225143,0.0043261393869673944,2282.3283779642275,male,45-49,16961,0.03214947106244325,0.00013908309303340425,0.013821876596469319,0.000444366021666852
2014,E08000034,429998,70468,8,169140,4.729809625162587e-05,20.33808679200662,female,45-49,15331,0.035653654203042805,1.6863499682177038e-06,0.00011352670715785889,4.047641959816405e-06
2014,E08000034,429998,70468,8,169140,4.729809625162587e-05,20.33808679200662,male,45-49,15810,0.03676761287261801,1.739038092591605e-06,0.00011352670715785889,4.1741060194832275e-06
2014,E08000035,765430,70468,15565,282324,0.05513169266516484,42199.451516697125,female,45-49,25452,0.03325189762617091,0.001833233400459579,0.22088039961400918,0.007344692435592754
2014,E08000035,765430,70468,15565,282324,0.05513169266516484,42199.451516697125,male,45-49,25236,0.03296970330402519,0.0018176755498191866,0.22088039961400918,0.007282361240948403
2014,E08000036,331720,70468,8,138710,5.767428447840819e-05,19.131713647177563,female,45-49,12699,0.03828228626552514,2.2079034685617556e-06,0.00011352670715785889,4.346061902199596e-06
2014,E08000036,331720,70468,8,138710,5.767428447840819e-05,19.131713647177563,male,45-49,12889,0.038855058483058,2.2409376963770745e-06,0.00011352670715785889,4.411086846007606e-06
2014,E06000011,337242,70468,16,137905,0.00011602189913346144,39.12745730756681,female,50-54,12981,0.038491646947889056,4.465873979668793e-06,0.00022705341431571778,8.739659862153388e-06
2014,E06000011,337242,70468,16,137905,0.00011602189913346144,39.12745730756681,male,50-54,12953,0.03840862051583136,4.456241095343184e-06,0.00022705341431571778,8.720808427276236e-06
2014,E06000014,203654,70468,524,72026,0.0072751506400466496,1481.6135284480604,female,50-54,6757,0.03317882290551622,0.00024138093469706077,0.007435999318839757,0.00024671770452532353
2014,E06000014,203654,70468,524,72026,0.0072751506400466496,1481.6135284480604,male,50-54,6409,0.03147004232669135,0.00022894929857532375,0.007435999318839757,0.00023401121330513523
2014,E07000163,55750,70468,377,24121,0.015629534430579163,871.3465445047883,female,50-54,2280,0.04089686098654709,0.0006391988968918475,0.0053499460748141,0.00021879600090719549
2014,E07000163,55750,70468,377,24121,0.015629534430579163,871.3465445047883,male,50-54,2148,0.03852914798206278,0.0006021926449665298,0.0053499460748141,0.00020612886401256836
2014,E07000164,89915,70468,1054,36653,0.0287561727552997,2585.6112732927727,female,50-54,3648,0.04057165100372574,0.001166685405230866,0.014957143668047908,0.0006068360129126261
2014,E07000164,89915,70468,1054,36653,0.0287561727552997,2585.6112732927727,male,50-54,3594,0.039971083801367956,0.0011494153910086985,0.014957143668047908,0.000597853242984643
2014,E07000165,159631,70468,50981,64809,0.7866345723587773,125571.26342020398,female,50-54,6269,0.03927182063634257,0.030892571832019943,0.7234631322018504,0.02841171436483766
2014,E07000165,159631,70468,50981,64809,0.7866345723587773,125571.26342020398,male,50-54,6214,0.03892727603034498,0.030621541133222505,0.7234631322018504,0.028162449044999396
2014,E07000166,52812,70468,282,21158,0.013328291899045278,703.8937517723792,female,50-54,1826,0.034575475270771795,0.0004608320269570681,0.004001816427314526,0.00013836470492078172
2014,E07000166,52812,70468,282,21158,0.013328291899045278,703.8937517723792,male,50-54,1807,0.034215708551086875,0.00045603695110154544,0.004001816427314526,0.00013692498455194555
2014,E07000167,52848,70468,62,19586,0.003165526396405596,167.29173899724293,female,50-54,2065,0.039074326369966696,0.0001236908115458968,0.0008798319804734063,3.437884195575204e-05
2014,E07000167,52848,70468,62,19586,0.003165526396405596,167.29173899724293,male,50-54,2098,0.039698758704208296,0.00012566746858270778,0.0008798319804734063,3.492823749305946e-05
2014,E07000168,108152,70468,9,45479,0.00019789353327909583,21.40258141120077,female,50-54,4170,0.038556845920556256,7.630150471316569e-06,0.00012771754555259126,4.924385725222886e-06
2014,E07000168,108152,70468,9,45479,0.00019789353327909583,21.40258141120077,male,50-54,4072,0.03765071381019306,7.450832786379154e-06,0.00012771754555259126,4.808656756140909e-06
2014,E07000169,85622,70468,608,33812,0.01798178161599432,1539.6361055246657,female,50-54,3488,0.04073719371189648,0.0007325273209757794,0.008628029743997276,0.0003514817190332216
2014,E07000169,85622,70468,608,33812,0.01798178161599432,1539.6361055246657,male,50-54,3395,0.03965102426946346,0.0007129960592639826,0.008628029743997276,0.00034211021677688856
2014,E08000032,527567,70468,974,225143,0.0043261393869673944,2282.3283779642275,female,50-54,16979,0.03218358995160804,0.0001392306961036596,0.013821876596469319,0.0004448376087424963
2014,E08000032,527567,70468,974,225143,0.0043261393869673944,2282.3283779642275,male,50-54,15935,0.030204694380050308,0.00013066971802884835,0.013821876596469319,0.0004174855583551257
2014,E08000034,429998,70468,8,169140,4.729809625162587e-05,20.33808679200662,female,50-54,14480,0.03367457523058247,1.592743300488706e-06,0.00011352670715785889,3.822963640867624e-06
2014,E08000034,429998,70468,8,169140,4.729809625162587e-05,20.33808679200662,male,50-54,14419,0.033532714105647,1.5860335393471445e-06,0.00011352670715785889,3.8068586144799915e-06
2014,E08000035,765430,70468,15565,282324,0.05513169266516484,42199.451516697125,female,50-54,23829,0.03113152084449264,0.0017163334393977413,0.22088039961400918,0.00687634276472339
2014,E08000035,765430,70468,15565,282324,0.05513169266516484,42199.451516697125,male,50-54,23279,0.030412970487177143,0.0016767185419337789,0.22088039961400918,0.006717629074656755
2014,E08000036,331720,70468,8,138710,5.767428447840819e-05,19.131713647177563,female,50-54,12036,0.03628361268539732,2.0926313999219854e-06,0.00011352670715785889,4.119159071964276e-06
2014,E08000036,331720,70468,8,138710,5.767428447840819e-05,19.131713647177563,male,50-54,12227,0.03685939949354878,2.125839492094227e-06,0.00011352670715785889,4.184526252318645e-06
2014,E06000011,337242,70468,16,137905,0.00011602189913346144,39.12745730756681,female,55-59,11935,0.035390016664591004,4.106016943790697e-06,0.00022705341431571778,8.035424116385537e-06
2014,E06000011,337242,70468,16,137905,0.00011602189913346144,39.12745730756681,male,55-59,11572,0.03431363827755736,3.981133479140842e-06,0.00022705341431571778,7.791028728513904e-06
2014,E06000014,203654,70468,524,72026,0.0072751506400466496,1481.6135284480604,female,55-59,5665,0.027816787296100248,0.00020237131790126523,0.007435999318839757,0.00020684561138611184
2014,E06000014,203654,70468,524,72026,0.0072751506400466496,1481.6135284480604,male,55-59,5565,0.027325758394139078,0.000198799008670881,0.007435999318839757,0.00020319432080559795
2014,E07000163,55750,70468,377,24121,0.015629534430579163,871.3465445047883,female,55-59,2092,0.037524663677130046,0.0005864930229376073,0.0053499460748141,0.0002007549271481811
2014,E07000163,55750,70468,377,24121,0.015629534430579163,871.3465445047883,male,55-59,2015,0.03614349775784753,0.0005649060426478388,0.0053499460748141,0.0001933657639596486
2014,E07000164,89915,70468,1054,36653,0.0287561727552997,2585.6112732927727,female,55-59,3157,0.035110938108213315,0.0010096562018404177,0.014957143668047908,0.0005251593456044848
2014,E07000164,89915,70468,1054,36653,0.0287561727552997,2585.6112732927727,male,55-59,2972,0.03305343935939498,0.0009504904123755849,0.014957143668047908,0.0004943850412215801
2014,E07000165,159631,70468,50981,64809,0.7866345723587773,125571.26342020398,female,55-59,5406,0.03386560254587142,0.026639853776343883,0.7234631322018504,0.024500514891739097
2014,E07000165,159631,70468,50981,64809,0.7866345723587773,125571.26342020398,male,55-59,5319,0.03332059562365706,0.026211132489155218,0.7234631322018504,0.024106222476722203
2014,E07000166,52812,70468,282,21158,0.013328291899045278,703.8937517723792,female,55-59,1652,0.03128076952207832,0.00041691922701701887,0.004001816427314526,0.00012517989733249257
2014,E07000166,52812,70468,282,21158,0.013328291899045278,703.8937517723792,male,55-59,1694,0.03207604332348708,0.0004275188683818583,0.004001816427314526,0.00012836243709518302
2014,E07000167,52848,70468,62,19586,0.003165526396405596,167.29173899724293,female,55-59,2039,0.03858234937935211,0.00012213344539568216,0.0008798319804734063,3.3945984865752266e-05
2014,E07000167,52848,70468,62,19586,0.003165526396405596,167.29173899724293,male,55-59,1866,0.03530881017257039,0.000111770970626946,0.0008798319804734063,3.1065820382292164e-05
2014,E07000168,108152,70468,9,45479,0.00019789353327909583,21.40258141120077,female,55-59,3937,0.036402470596937644,7.203813526516387e-06,0.00012771754555259126,4.649234196691248e-06
2014,E07000168,108152,70468,9,45479,0.00019789353327909583,21.40258141120077,male,55-59,3681,0.034035431614764404,6.73539181892477e-06,0.00012771754555259126,4.346921787660777e-06
2014,E07000169,85622,70468,608,33812,0.01798178161599432,1539.6361055246657,female,55-59,2903,0.03390483754175329,0.0006096693844015734,0.008628029743997276,0.00029253194677564287
2014,E07000169,85622,70468,608,33812,0.01798178161599432,1539.6361055246657,male,55-59,2954,0.03450047884889398,0.0006203800763080426,0.008628029743997276,0.00029767115769040615
2014,E08000032,527567,70468,974,225143,0.0043261393869673944,2282.3283779642275,female,55-59,14759,0.02797559362128412,0.00012102631743883104,0.013821876596469319,0.0003866752027463634
2014,E08000032,527567,70468,974,225143,0.0043261393869673944,2282.3283779642275,male,55-59,14385,0.027266678924193516,0.00011795945364574731,0.013821876596469319,0.0003768766712857536
2014,E08000034,429998,70468,8,169140,4.729809625162587e-05,20.33808679200662,female,55-59,12446,0.028944320671258936,1.3690112650471296e-06,0.00011352670715785889,3.285953416729175e-06
2014,E08000034,429998,70468,8,169140,4.729809625162587e-05,20.33808679200662,male,55-59,12545,0.02917455430025256,1.379900877391631e-06,0.00011352670715785889,3.3120910825058253e-06
2014,E08000035,765430,70468,15565,282324,0.05513169266516484,42199.451516697125,female,55-59,20646,0.026973073958428597,0.0014870712237108467,0.22088039961400918,0.005957823354755933
2014,E08000035,765430,70468,15565,282324,0.05513169266516484,42199.451516697125,male,55-59,19732,0.025778973910089754,0.001421238466834371,0.22088039961400918,0.005694070058899742
2014,E08000036,331720,70468,8,138710,5.767428447840819e-05,19.131713647177563,female,55-59,10684,0.032207886169058245,1.8575667893624536e-06,0.00011352670715785889,3.656455261288329e-06
2014,E08000036,331720,70468,8,138710,5.767428447840819e-05,19.131713647177563,male,55-59,10634,0.03205715663812854,1.8488735715163167e-06,0.00011352670715785889,3.6393434339704308e-06
2014,E06000011,337242,70468,16,137905,0.00011602189913346144,39.12745730756681,female,60-64,12056,0.035748809460268885,4.147644765340649e-06,0.00022705341431571778,8.116889245676082e-06
2014,E06000011,337242,70468,16,137905,0.00011602189913346144,39.12745730756681,male,60-64,11346,0.03364349636166314,3.903382341369858e-06,0.00022705341431571778,7.638870718434044e-06
2014,E06000014,203654,70468,524,72026,0.0072751506400466496,1481.6135284480604,female,60-64,5300,0.02602453180394198,0.00018933238921036287,0.007435999318839757,0.00019351840076723616
2014,E06000014,203654,70468,524,72026,0.0072751506400466496,1481.6135284480604,male,60-64,5087,0.02497864024276469,0.00018172337054964452,0.007435999318839757,0.0001857411518307416
2014,E07000163,55750,70468,377,24121,0.015629534430579163,871.3465445047883,female,60-64,2070,0.037130044843049326,0.0005803253142833878,0.0053499460748141,0.00019864373766574324
2014,E07000163,55750,70468,377,24121,0.015629534430579163,871.3465445047883,male,60-64,1946,0.03490582959641256,0.0005455618655050593,0.0053499460748141,0.0001867443060374572
2014,E07000164,89915,70468,1054,36653,0.0287561727552997,2585.6112732927727,female,60-64,3168,0.03523327587165657,0.0010131741677004888,0.014957143668047908,0.0005269891691083332
2014,E07000164,89915,70468,1054,36653,0.0287561727552997,2585.6112732927727,male,60-64,3101,0.034488127676138576,0.0009917465574618737,0.014957143668047908,0.0005158438804939839
2014,E07000165,159631,70468,50981,64809,0.7866345723587773,125571.26342020398,female,60-64,4935,0.03091504782905576,0.024318845428460426,0.7234631322018504,0.022365897334578697
2014,E07000165,159631,70468,50981,64809,0.7866345723587773,125571.26342020398,male,60-64,4608,0.02886657353521559,0.022707444728337516,0.7234631322018504,0.020883901705722113
2014,E07000166,52812,70468,282,21158,0.013328291899045278,703.8937517723792,female,60-64,1586,0.030031053548435962,0.00040026264772941397,0.004001816427314526,0.00012017876341969321
2014,E07000166,52812,70468,282,21158,0.013328291899045278,703.8937517723792,male,60-64,1479,0.02800499886389457,0.0003732587994904182,0.004001816427314526,0.00011207086450045792
2014,E07000167,52848,70468,62,19586,0.003165526396405596,167.29173899724293,female,60-64,1979,0.0374470178625492,0.00011853952351057134,0.0008798319804734063,3.294708388882968e-05
2014,E07000167,52848,70468,62,19586,0.003165526396405596,167.29173899724293,male,60-64,1972,0.03731456251892219,0.00011812023262397508,0.0008798319804734063,3.283054544152205e-05
2014,E07000168,108152,70468,9,45479,0.00019789353327909583,21.40258141120077,female,60-64,4080,0.037724683778385976,7.465470964741392e-06,0.00012771754555259126,4.818104018923111e-06
2014,E07000168,108152,70468,9,45479,0.00019789353327909583,21.40258141120077,male,60-64,3736,0.034543975146090686,6.8360292951651565e-06,0.00012771754555259126,4.411871719288418e-06
2014,E07000169,85622,70468,608,33812,0.01798178161599432,1539.6361055246657,female,60-64,2758,0.03221134755086309,0.0005792174172165137,0.008628029743997276,0.0002779204647630806
2014,E07000169,85622,70468,608,33812,0.01798178161599432,1539.6361055246657,male,60-64,2679,0.03128868748686085,0.000562626345439826,0.008628029743997276,0.00026995972628727084
2014,E08000032,527567,70468,974,225143,0.0043261393869673944,2282.3283779642275,female,60-64,12808,0.02427748513458954,0.00010502778465726322,0.013821876596469319,0.0003355604036029149
2014,E08000032,527567,70468,974,225143,0.0043261393869673944,2282.3283779642275,male,60-64,12872,0.02439879674050879,0.00010555259557372676,0.013821876596469319,0.00033723715764965033
2014,E08000034,429998,70468,8,169140,4.729809625162587e-05,20.33808679200662,female,60-64,11611,0.02700245117419151,1.277164534666738e-06,0.00011352670715785889,3.0654993669968224e-06
2014,E08000034,429998,70468,8,169140,4.729809625162587e-05,20.33808679200662,male,60-64,11707,0.027225708026548962,1.2877241587583758e-06,0.00011352670715785889,3.090844982295392e-06
2014,E08000035,765430,70468,15565,282324,0.05513169266516484,42199.451516697125,female,60-64,18655,0.024371921664946502,0.0013436652948913032,0.22088039961400918,0.005383279796714711
2014,E08000035,765430,70468,15565,282324,0.05513169266516484,42199.451516697125,male,60-64,17930,0.023424741648485164,0.0012914456573251709,0.22088039961400918,0.005174066296172327
2014,E08000036,331720,70468,8,138710,5.767428447840819e-05,19.131713647177563,female,60-64,9712,0.029277704087784878,1.6885706344335593e-06,0.00011352670715785889,3.3238013382284023e-06
2014,E08000036,331720,70468,8,138710,5.767428447840819e-05,19.131713647177563,male,60-64,9700,0.02924152900036175,1.6864842621504866e-06,0.00011352670715785889,3.319694499672107e-06
2014,E06000011,337242,70468,16,137905,0.00011602189913346144,39.12745730756681,female,65-69,13431,0.03982600032024481,4.620688192044646e-06,0.00022705341431571778,9.042629351250455e-06
2014,E06000011,337242,70468,16,137905,0.00011602189913346144,39.12745730756681,male,65-69,12770,0.03786598347774002,4.39328331564367e-06,0.00022705341431571778,8.597600835043428e-06
2014,E06000014,203654,70468,524,72026,0.0072751506400466496,1481.6135284480604,female,65-69,5854,0.02874483192080686,0.00020912298234669139,0.007435999318839757,0.0002137465505832831
2014,E06000014,203654,70468,524,72026,0.0072751506400466496,1481.6135284480604,male,65-69,5220,0.025631708682373043,0.00018647454182605552,0.007435999318839757,0.00019059736830282504
2014,E07000163,55750,70468,377,24121,0.015629534430579163,871.3465445047883,female,65-69,2256,0.040466367713004485,0.0006324704874508805,0.0053499460748141,0.00021649288510817237
2014,E07000163,55750,70468,377,24121,0.015629534430579163,871.3465445047883,male,65-69,2107,0.03779372197309417,0.0005906982788382116,0.0053499460748141,0.00020219437452257056
2014,E07000164,89915,70468,1054,36653,0.0287561727552997,2585.6112732927727,female,65-69,3460,0.03848078741033198,0.0011065601705314682,0.014957143668047908,0.0005755626657559446
2014,E07000164,89915,70468,1054,36653,0.0287561727552997,2585.6112732927727,male,65-69,3294,0.03663459934382472,0.0010534708675522127,0.014957143668047908,0.00054794896560696
2014,E07000165,159631,70468,50981,64809,0.7866345723587773,125571.26342020398,female,65-69,5383,0.03372152025609061,0.026526513665937685,0.7234631322018504,0.02439627666707946
2014,E07000165,159631,70468,50981,64809,0.7866345723587773,125571.26342020398,male,65-69,5079,0.03181712825203125,0.025028453076220973,0.7234631322018504,0.023018519262882516
2014,E07000166,52812,70468,282,21158,0.013328291899045278,703.8937517723792,female,65-69,1743,0.03300386275846399,0.0004398851166408377,0.004001816427314526,0.0001320754001516553
2014,E07000166,52812,70468,282,21158,0.013328291899045278,703.8937517723792,male,65-69,1687,0.03194349768991896,0.0004257522614877184,0.004001816427314526,0.0001278320138014013
2014,E07000167,52848,70468,62,19586,0.003165526396405596,167.29173899724293,female,65-69,2121,0.040133969118982746,0.00012704513863866693,0.0008798319804734063,3.531114953421312e-05
2014,E07000167,52848,70468,62,19586,0.003165526396405596,167.29173899724293,male,65-69,2122,0.04015289131092946,0.0001271050373367521,0.0008798319804734063,3.5327797883828495e-05
2014,E07000168,108152,70468,9,45479,0.00019789353327909583,21.40258141120077,female,65-69,4389,0.04058177379983727,8.030870603982836e-06,0.00012771754555259126,5.183004543885671e-06
2014,E07000168,108152,70468,9,45479,0.00019789353327909583,21.40258141120077,male,65-69,4175,0.038603077150676825,7.639299332792969e-06,0.00012771754555259126,4.930290264461762e-06
2014,E07000169,85622,70468,608,33812,0.01798178161599432,1539.6361055246657,female,65-69,2771,0.03236317768797739,0.0005819475935848294,0.008628029743997276,0.0002792304597021379
2014,E07000169,85622,70468,608,33812,0.01798178161599432,1539.6361055246657,male,65-69,2789,0.0325734040316741,0.0005857278377871127,0.008628029743997276,0.0002810442988485249
2014,E08000032,527567,70468,974,225143,0.0043261393869673944,2282.3283779642275,female,65-69,11889,0.022535526293342836,9.749182790366978e-05,0.013821876596469319,0.0003114832634630743
2014,E08000032,527567,70468,974,225143,0.0043261393869673944,2282.3283779642275,male,65-69,11256,0.02133567869104777,9.230111993302271e-05,0.013821876596469319,0.00029489911796958234
2014,E08000034,429998,70468,8,169140,4.729809625162587e-05,20.33808679200662,female,65-69,12093,0.028123386620402886,1.3301826472935029e-06,0.00011352670715785889,3.1927554771417255e-06
2014,E08000034,429998,70468,8,169140,4.729809625162587e-05,20.33808679200662,male,65-69,11456,0.026641984381322703,1.2601151416021144e-06,0.00011352670715785889,3.024576758962673e-06
2014,E08000035,765430,70468,15565,282324,0.05513169266516484,42199.451516697125,female,65-69,18797,0.02455743830265341,0.0013538931411456352,0.22088039961400918,0.005424256785786461
2014,E08000035,765430,70468,15565,282324,0.05513169266516484,42199.451516697125,male,65-69,17361,0.022681368642462407,0.0012504622452215446,0.22088039961400918,0.005009869769539753
2014,E08000036,331720,70468,8,138710,5.767428447840819e-05,19.131713647177563,female,65-69,10174,0.030670444953575304,1.768895967331861e-06,0.00011352670715785889,3.4819146226457745e-06
2014,E08000036,331720,70468,8,138710,5.767428447840819e-05,19.131713647177563,male,65-69,9794,0.029524900518509586,1.7028275117012232e-06,0.00011352670715785889,3.351864735029754e-06
2014,E06000011,337242,70468,16,137905,0.00011602189913346144,39.12745730756681,female,70-74,9768,0.028964363869268952,3.3605005033051975e-06,0.00022705341431571778,6.57645771000033e-06
2014,E06000011,337242,70468,16,137905,0.00011602189913346144,39.12745730756681,male,70-74,8923,0.026458744758956477,3.06979381562165e-06,0.00022705341431571778,6.0075483360291715e-06
2014,E06000014,203654,70468,524,72026,0.0072751506400466496,1481.6135284480604,female,70-74,4394,0.021575809952173786,0.00015696726758308198,0.007435999318839757,0.00016043770810778032
2014,E06000014,203654,70468,524,72026,0.0072751506400466496,1481.6135284480604,male,70-74,3651,0.017927465210602296,0.00013042501000132733,0.007435999318839757,0.0001333086190945621
2014,E07000163,55750,70468,377,24121,0.015629534430579163,871.3465445047883,female,70-74,1667,0.029901345291479822,0.00046734410575382,0.0053499460748141,0.00015997058487381353
2014,E07000163,55750,70468,377,24121,0.015629534430579163,871.3465445047883,male,70-74,1512,0.027121076233183855,0.0004238897947809093,0.0053499460748141,0.00014509629533845594
2014,E07000164,89915,70468,1054,36653,0.0287561727552997,2585.6112732927727,female,70-74,2658,0.029561252293833065,0.0008500684778244632,0.014957143668047908,0.0004421518975662719
2014,E07000164,89915,70468,1054,36653,0.0287561727552997,2585.6112732927727,male,70-74,2454,0.027292442862703666,0.0007848262018740529,0.014957143668047908,0.00040821698894944744
2014,E07000165,159631,70468,50981,64809,0.7866345723587773,125571.26342020398,female,70-74,4103,0.02570302760741961,0.020218890130288374,0.7234631322018504,0.018595192859934426
2014,E07000165,159631,70468,50981,64809,0.7866345723587773,125571.26342020398,male,70-74,3568,0.022351548258170404,0.01758250060562245,0.7234631322018504,0.016170521112416774
2014,E07000166,52812,70468,282,21158,0.013328291899045278,703.8937517723792,female,70-74,1189,0.022513822616072106,0.0003000707995903362,0.004001816427314526,9.009618518664264e-05
2014,E07000166,52812,70468,282,21158,0.013328291899045278,703.8937517723792,male,70-74,1193,0.022589562978111034,0.0003010802892441304,0.004001816427314526,9.039928421166077e-05
2014,E07000167,52848,70468,62,19586,0.003165526396405596,167.29173899724293,female,70-74,1589,0.030067363003330305,9.517903125735111e-05,0.0008798319804734063,2.6454227538832927e-05
2014,E07000167,52848,70468,62,19586,0.003165526396405596,167.29173899724293,male,70-74,1514,0.02864819860732667,9.068662890096262e-05,0.0008798319804734063,2.5205601317679708e-05
2014,E07000168,108152,70468,9,45479,0.00019789353327909583,21.40258141120077,female,70-74,3351,0.030984170426806717,6.131566961482452e-06,0.00012771754555259126,3.957222197894938e-06
2014,E07000168,108152,70468,9,45479,0.00019789353327909583,21.40258141120077,male,70-74,2965,0.027415119461498633,5.425274855504468e-06,0.00012771754555259126,3.5013917686536827e-06
2014,E07000169,85622,70468,608,33812,0.01798178161599432,1539.6361055246657,female,70-74,1977,0.02308986008268903,0.0004151968215507787,0.008628029743997276,0.00019921999957817635
2014,E07000169,85622,70468,608,33812,0.01798178161599432,1539.6361055246657,male,70-74,1794,0.020952558921772443,0.0003767643388275655,0.008628029743997276,0.00018077930158990813
2014,E08000032,527567,70468,974,225143,0.0043261393869673944,2282.3283779642275,female,70-74,8793,0.016667077356999207,7.210409981974669e-05,0.013821876596469319,0.00023037028645225106
2014,E08000032,527567,70468,974,225143,0.0043261393869673944,2282.3283779642275,male,70-74,7709,0.01461236203174194,6.32151149221457e-05,0.013821876596469319,0.00020197026478567079
2014,E08000034,429998,70468,8,169140,4.729809625162587e-05,20.33808679200662,female,70-74,8762,0.020376838962041684,9.637856905305278e-07,0.00011352670715785889,2.3133154296465554e-06
2014,E08000034,429998,70468,8,169140,4.729809625162587e-05,20.33808679200662,male,70-74,7783,0.018100084186438076,8.560995240126795e-07,0.00011352670715785889,2.054842956966348e-06
2014,E08000035,765430,70468,15565,282324,0.05513169266516484,42199.451516697125,female,70-74,14012,0.018306050194008598,0.0010092435332091632,0.22088039961400918,0.00404344768220673
2014,E08000035,765430,70468,15565,282324,0.05513169266516484,42199.451516697125,male,70-74,12241,0.015992318043452698,0.0008816835633752045,0.22088039961400918,0.0035323896001921615
2014,E08000036,331720,70468,8,138710,5.767428447840819e-05,19.131713647177563,female,70-74,7573,0.022829494754612323,1.3166747749758387e-06,0.00011352670715785889,2.591757365568749e-06
2014,E08000036,331720,70468,8,138710,5.767428447840819e-05,19.131713647177563,male,70-74,6910,0.020830821174484506,1.2014027063360683e-06,0.00011352670715785889,2.364854535333429e-06
2014,E06000011,337242,70468,16,137905,0.00011602189913346144,39.12745730756681,female,75-79,8235,0.024418666714110342,2.8331000864781227e-06,0.00022705341431571778,5.544341650476323e-06
2014,E06000011,337242,70468,16,137905,0.00011602189913346144,39.12745730756681,male,75-79,7104,0.021064991904922874,2.4440003660401435e-06,0.00022705341431571778,4.782878334545695e-06
2014,E06000014,203654,70468,524,72026,0.0072751506400466496,1481.6135284480604,female,75-79,3950,0.019395641627466192,0.00014110621460017612,0.007435999318839757,0.00014422597793029864
2014,E06000014,203654,70468,524,72026,0.0072751506400466496,1481.6135284480604,male,75-79,3110,0.01527099885099237,0.00011109881706494879,0.007435999318839757,0.00011355513705398197
2014,E07000163,55750,70468,377,24121,0.015629534430579163,871.3465445047883,female,75-79,1387,0.024878923766816143,0.00038884599560920713,0.0053499460748141,0.00013310090055187725
2014,E07000163,55750,70468,377,24121,0.015629534430579163,871.3465445047883,male,75-79,1155,0.020717488789237667,0.00032380470434652795,0.0053499460748141,0.00011083744782798717
2014,E07000164,89915,70468,1054,36653,0.0287561727552997,2585.6112732927727,female,75-79,2236,0.02486793082355558,0.0007151065148290066,0.014957143668047908,0.00037195321405499775
2014,E07000164,89915,70468,1054,36653,0.0287561727552997,2585.6112732927727,male,75-79,1874,0.020841906244786743,0.0005993334565248473,0.014957143668047908,0.00031173538601926017
2014,E07000165,159631,70468,50981,64809,0.7866345723587773,125571.26342020398,female,75-79,3604,0.022577068363914276,0.017759902517562588,0.7234631322018504,0.016333676594492728
2014,E07000165,159631,70468,50981,64809,0.7866345723587773,125571.26342020398,male,75-79,2982,0.018680582092450715,0.014694791705708001,0.7234631322018504,0.013514712431958191
2014,E07000166,52812,70468,282,21158,0.013328291899045278,703.8937517723792,female,75-79,1071,0.020279481935923653,0.0002702908548034063,0.004001816427314526,8.115476394860746e-05
2014,E07000166,52812,70468,282,21158,0.013328291899045278,703.8937517723792,male,75-79,917,0.01736347799742483,0.00023142550313232828,0.004001816427314526,6.948545148540901e-05
2014,E07000167,52848,70468,62,19586,0.003165526396405596,167.29173899724293,female,75-79,1368,0.025885558583106268,8.194141898052633e-05,0.0008798319804734063,2.277494227383477e-05
2014,E07000167,52848,70468,62,19586,0.003165526396405596,167.29173899724293,male,75-79,1118,0.02115501059642749,6.69667444592313e-05,0.0008798319804734063,1.8612854869990695e-05
2014,E07000168,108152,70468,9,45479,0.00019789353327909583,21.40258141120077,female,75-79,2846,0.02631481618462904,5.207531952366176e-06,0.00012771754555259126,3.360863734768425e-06
2014,E07000168,108152,70468,9,45479,0.00019789353327909583,21.40258141120077,male,75-79,2431,0.022477624084621645,4.448176449825079e-06,0.00012771754555259126,2.8707869779416874e-06
2014,E07000169,85622,70468,608,33812,0.01798178161599432,1539.6361055246657,female,75-79,1583,0.0184882390039943,0.0003324514762341339,0.008628029743997276,0.00015951707604059342
2014,E07000169,85622,70468,608,33812,0.01798178161599432,1539.6361055246657,male,75-79,1343,0.01568522108803812,0.0002820482202036903,0.008628029743997276,0.00013533255408876621
2014,E08000032,527567,70468,974,225143,0.0043261393869673944,2282.3283779642275,female,75-79,8099,0.01535160463031236,6.641318144434532e-05,0.013821876596469319,0.00021218798475796443
2014,E08000032,527567,70468,974,225143,0.0043261393869673944,2282.3283779642275,male,75-79,6419,0.012167174974932094,5.2636894887177756e-05,0.013821876596469319,0.00016817319103116108
2014,E08000034,429998,70468,8,169140,4.729809625162587e-05,20.33808679200662,female,75-79,7354,0.01710240512746571,8.08911203853173e-07,0.00011352670715785889,1.9415797386008637e-06
2014,E08000034,429998,70468,8,169140,4.729809625162587e-05,20.33808679200662,male,75-79,6221,0.014467509151205354,6.842856403549889e-07,0.00011352670715785889,1.6424486747125338e-06
2014,E08000035,765430,70468,15565,282324,0.05513169266516484,42199.451516697125,female,75-79,12890,0.016840207465084984,0.00092842914238268,0.22088039961400918,0.0037196717544707917
2014,E08000035,765430,70468,15565,282324,0.05513169266516484,42199.451516697125,male,75-79,10206,0.013333681721385365,0.0007351084427585441,0.22088039961400918,0.002945148946945609
2014,E08000036,331720,70468,8,138710,5.767428447840819e-05,19.131713647177563,female,75-79,6054,0.018250331604968046,1.052574816810211e-06,0.00011352670715785889,2.0719000516510243e-06
2014,E08000036,331720,70468,8,138710,5.767428447840819e-05,19.131713647177563,male,75-79,5230,0.015766308935246595,9.09310586705881e-07,0.00011352670715785889,1.7898971374520743e-06
2014,E06000011,337242,70468,16,137905,0.00011602189913346144,39.12745730756681,female,80-84,6082,0.018034527134817135,2.092400088155427e-06,0.00022705341431571778,4.094800961529689e-06
2014,E06000011,337242,70468,16,137905,0.00011602189913346144,39.12745730756681,male,80-84,4693,0.013915823058812365,1.6145402192886253e-06,0.00022705341431571778,3.159635138516743e-06
2014,E06000014,203654,70468,524,72026,0.0072751506400466496,1481.6135284480604,female,80-84,2976,0.014613020122364402,0.00010631192269623396,0.007435999318839757,0.00010866240767609336
2014,E06000014,203654,70468,524,72026,0.0072751506400466496,1481.6135284480604,male,80-84,2121,0.010414723010596403,7.576867877644899e-05,0.007435999318839757,7.74438732126996e-05
2014,E07000163,55750,70468,377,24121,0.015629534430579163,871.3465445047883,female,80-84,1122,0.020125560538116594,0.0003145531413651986,0.0053499460748141,0.00010767066360433041
2014,E07000163,55750,70468,377,24121,0.015629534430579163,871.3465445047883,male,80-84,777,0.013937219730941704,0.0002178322556513006,0.0053499460748141,7.456337399337319e-05
2014,E07000164,89915,70468,1054,36653,0.0287561727552997,2585.6112732927727,female,80-84,1643,0.01827281321247845,0.0005254561734633533,0.014957143668047908,0.0002733090924384442
2014,E07000164,89915,70468,1054,36653,0.0287561727552997,2585.6112732927727,male,80-84,1268,0.014102207640549407,0.00040552551914274616,0.014957143668047908,0.0002109287457163404
2014,E07000165,159631,70468,50981,64809,0.7866345723587773,125571.26342020398,female,80-84,2758,0.01727734587893329,0.013590957586969373,0.7234631322018504,0.01249952276570781
2014,E07000165,159631,70468,50981,64809,0.7866345723587773,125571.26342020398,male,80-84,2013,0.012610332579511498,0.009919723575985985,0.7234631322018504,0.009123110706080429
2014,E07000166,52812,70468,282,21158,0.013328291899045278,703.8937517723792,female,80-84,724,0.013709005529046428,0.00018271762733675643,0.004001816427314526,5.486092352828366e-05
2014,E07000166,52812,70468,282,21158,0.013328291899045278,703.8937517723792,male,80-84,573,0.0108498068620768,0.0001446093929060241,0.004001816427314526,4.341893533384881e-05
2014,E07000167,52848,70468,62,19586,0.003165526396405596,167.29173899724293,female,80-84,1023,0.019357402361489556,6.127636814113921e-05,0.0008798319804734063,1.703126165652995e-05
2014,E07000167,52848,70468,62,19586,0.003165526396405596,167.29173899724293,male,80-84,799,0.015118831365425371,4.7859059770058874e-05,0.0008798319804734063,1.3302031342685658e-05
2014,E07000168,108152,70468,9,45479,0.00019789353327909583,21.40258141120077,female,80-84,2204,0.020378726237147718,4.032818138796575e-06,0.00012771754555259126,2.6027208964967e-06
2014,E07000168,108152,70468,9,45479,0.00019789353327909583,21.40258141120077,male,80-84,1579,0.014599822472076337,2.8892104542467295e-06,0.00012771754555259126,1.864653491637155e-06
2014,E07000169,85622,70468,608,33812,0.01798178161599432,1539.6361055246657,female,80-84,1133,0.013232580411576465,0.00023794537117705221,0.008628029743997276,0.00011417109738091745
2014,E07000169,85622,70468,608,33812,0.01798178161599432,1539.6361055246657,male,80-84,868,0.010137581462708182,0.0001822917759767708,0.008628029743997276,8.74673543924416e-05
2014,E08000032,527567,70468,974,225143,0.0043261393869673944,2282.3283779642275,female,80-84,6336,0.012009848986005569,5.195628072988912e-05,0.013821876596469319,0.00016599865062680115
2014,E08000032,527567,70468,974,225143,0.0043261393869673944,2282.3283779642275,male,80-84,4373,0.008288994573201128,3.5859345901484386e-05,0.013821876596469319,0.00011456946009958986
2014,E08000034,429998,70468,8,169140,4.729809625162587e-05,20.33808679200662,female,80-84,5540,0.012883780854794673,6.093783069549331e-07,0.00011352670715785889,1.4626532161883038e-06
2014,E08000034,429998,70468,8,169140,4.729809625162587e-05,20.33808679200662,male,80-84,3725,0.008662830989911581,4.097354139724054e-07,0.00011352670715785889,9.83462676949717e-07
2014,E08000035,765430,70468,15565,282324,0.05513169266516484,42199.451516697125,female,80-84,9813,0.012820244829703566,0.0007068017978433856,0.22088039961400918,0.0028317408011343586
2014,E08000035,765430,70468,15565,282324,0.05513169266516484,42199.451516697125,male,80-84,6867,0.008971427824882746,0.0004946100016091438,0.22088039961400918,0.001981612563068342
2014,E08000036,331720,70468,8,138710,5.767428447840819e-05,19.131713647177563,female,80-84,4735,0.014274086579042566,8.232477300291293e-07,0.00011352670715785889,1.6204900470048893e-06
2014,E08000036,331720,70468,8,138710,5.767428447840819e-05,19.131713647177563,male,80-84,3324,0.010020499216206439,5.779251224111564e-07,0.00011352670715785889,1.137594280093823e-06
2014,E06000011,337242,70468,16,137905,0.00011602189913346144,39.12745730756681,female,85-89,3735,0.011075132990552778,1.2849579627195856e-06,0.00022705341431571778,2.5146467595056545e-06
2014,E06000011,337242,70468,16,137905,0.00011602189913346144,39.12745730756681,male,85-89,2406,0.007134342697528778,8.277399888362311e-07,0.00022705341431571778,1.6198768683723172e-06
2014,E06000014,203654,70468,524,72026,0.0072751506400466496,1481.6135284480604,female,85-89,2040,0.010016989600007856,7.287510829983779e-05,0.007435999318839757,7.448632784248335e-05
2014,E06000014,203654,70468,524,72026,0.0072751506400466496,1481.6135284480604,male,85-89,1189,0.005838333644318305,4.24747567492682e-05,0.007435999318839757,4.341384500231015e-05
2014,E07000163,55750,70468,377,24121,0.015629534430579163,871.3465445047883,female,85-89,806,0.014457399103139014,0.00022596241705913553,0.0053499460748141,7.734630558385946e-05
2014,E07000163,55750,70468,377,24121,0.015629534430579163,871.3465445047883,male,85-89,454,0.008143497757847534,0.00012727907859162225,0.0053499460748141,4.356727386485384e-05
2014,E07000164,89915,70468,1054,36653,0.0287561727552997,2585.6112732927727,female,85-89,1036,0.011521992993382638,0.0003313284210030639,0.014957143668047908,0.00017233610454426548
2014,E07000164,89915,70468,1054,36653,0.0287561727552997,2585.6112732927727,male,85-89,707,0.007862981704943558,0.00022610926027911795,0.014957143668047908,0.00011760774702007308
2014,E07000165,159631,70468,50981,64809,0.7866345723587773,125571.26342020398,female,85-89,2050,0.012842117132637144,0.010102053318813347,0.7234631322018504,0.009290798284880716
2014,E07000165,159631,70468,50981,64809,0.7866345723587773,125571.26342020398,male,85-89,1104,0.006915949909478736,0.00544032529949753,0.7234631322018504,0.00500343478366259
2014,E07000166,52812,70468,282,21158,0.013328291899045278,703.8937517723792,female,85-89,458,0.008672271453457548,0.00011558656535943986,0.004001816427314526,3.4704838364577235e-05
2014,E07000166,52812,70468,282,21158,0.013328291899045278,703.8937517723792,male,85-89,289,0.005472241157312732,7.293562748663345e-05,0.004001816427314526,2.1898904557560744e-05
2014,E07000167,52848,70468,62,19586,0.003165526396405596,167.29173899724293,female,85-89,673,0.012734635180139267,4.0311823811326184e-05,0.0008798319804734063,1.1204339291148245e-05
2014,E07000167,52848,70468,62,19586,0.003165526396405596,167.29173899724293,male,85-89,425,0.00804193157735392,2.5456946686201526e-05,0.0008798319804734063,7.075548586534924e-06
2014,E07000168,108152,70468,9,45479,0.00019789353327909583,21.40258141120077,female,85-89,1431,0.013231378060507434,2.6184041545453264e-06,0.00012771754555259126,1.6898791301664149e-06
2014,E07000168,108152,70468,9,45479,0.00019789353327909583,21.40258141120077,male,85-89,832,0.007692876692063023,1.5223705496727545e-06,0.00012771754555259126,9.825153293490266e-07
2014,E07000169,85622,70468,608,33812,0.01798178161599432,1539.6361055246657,female,85-89,791,0.009238279881338908,0.00016612073133367018,0.008628029743997276,7.970815359956372e-05
2014,E07000169,85622,70468,608,33812,0.01798178161599432,1539.6361055246657,male,85-89,434,0.005068790731354091,9.11458879883854e-05,0.008628029743997276,4.37336771962208e-05
2014,E08000032,527567,70468,974,225143,0.0043261393869673944,2282.3283779642275,female,85-89,4101,0.007773420248044324,3.36288995065144e-05,0.013821876596469319,0.00010744325540096457
2014,E08000032,527567,70468,974,225143,0.0043261393869673944,2282.3283779642275,male,85-89,2290,0.004340680899298098,1.8778390604710552e-05,0.013821876596469319,5.9996355734749776e-05
2014,E08000034,429998,70468,8,169140,4.729809625162587e-05,20.33808679200662,female,85-89,3502,0.008144223926622915,3.85206287176205e-07,0.00011352670715785889,9.245869247457473e-07
2014,E08000034,429998,70468,8,169140,4.729809625162587e-05,20.33808679200662,male,85-89,2014,0.0046837427150823955,2.2153211375581863e-07,0.00011352670715785889,5.317298876179141e-07
2014,E08000035,765430,70468,15565,282324,0.05513169266516484,42199.451516697125,female,85-89,6384,0.008340409965640228,0.00045982091892715507,0.22088039961400918,0.001842233086155278
2014,E08000035,765430,70468,15565,282324,0.05513169266516484,42199.451516697125,male,85-89,3679,0.004806448662843108,0.00026498765049075875,0.22088039961400918,0.001061650301373006
2014,E08000036,331720,70468,8,138710,5.767428447840819e-05,19.131713647177563,female,85-89,2993,0.009022669721451828,5.203760202697326e-07,0.00011352670715785889,1.0243139832493418e-06
2014,E08000036,331720,70468,8,138710,5.767428447840819e-05,19.131713647177563,male,85-89,1650,0.004974074520680091,2.868761889225054e-07,0.00011352670715785889,5.64690301490616e-07
2014,E06000011,337242,70468,16,137905,0.00011602189913346144,39.12745730756681,female,90+,2481,0.007356734926254737,8.535423575655401e-07,0.00022705341431571778,1.6703717832218284e-06
2014,E06000011,337242,70468,16,137905,0.00011602189913346144,39.12745730756681,male,90+,973,0.00288516851400478,3.3474273031490143e-07,0.00022705341431571778,6.550873619809912e-07
2014,E06000014,203654,70468,524,72026,0.0072751506400466496,1481.6135284480604,female,90+,1361,0.006682903355691516,4.8619128625529034e-05,0.007435999318839757,4.969406480079404e-05
2014,E06000014,203654,70468,524,72026,0.0072751506400466496,1481.6135284480604,male,90+,583,0.0028626984984336176,2.0826562813139917e-05,0.007435999318839757,2.1287024084395975e-05
2014,E07000163,55750,70468,377,24121,0.015629534430579163,871.3465445047883,female,90+,579,0.010385650224215247,0.0001623228777633244,0.0053499460748141,5.5562668651432536e-05
2014,E07000163,55750,70468,377,24121,0.015629534430579163,871.3465445047883,male,90+,217,0.00389237668161435,6.0836035362074954e-05,0.0053499460748141,2.0824005349500623e-05
2014,E07000164,89915,70468,1054,36653,0.0287561727552997,2585.6112732927727,female,90+,692,0.007696157482066396,0.00022131203410629365,0.014957143668047908,0.00011511253315118892
2014,E07000164,89915,70468,1054,36653,0.0287561727552997,2585.6112732927727,male,90+,287,0.0031919034643830284,9.178692744003797e-05,0.014957143668047908,4.774175869131679e-05
2014,E07000165,159631,70468,50981,64809,0.7866345723587773,125571.26342020398,female,90+,1379,0.008638672939466645,0.006795478793484687,0.7234631322018504,0.006249761382853905
2014,E07000165,159631,70468,50981,64809,0.7866345723587773,125571.26342020398,male,90+,539,0.0033765371387763027,0.0026561008482148263,0.7234631322018504,0.002442800134414978
2014,E07000166,52812,70468,282,21158,0.013328291899045278,703.8937517723792,female,90+,262,0.00496099371354995,6.612157232352235e-05,0.004001816427314526,1.9852986138688285e-05
2014,E07000166,52812,70468,282,21158,0.013328291899045278,703.8937517723792,male,90+,132,0.002499431947284708,3.331315857520974e-05,0.004001816427314526,1.0002267825598679e-05
2014,E07000167,52848,70468,62,19586,0.003165526396405596,167.29173899724293,female,90+,405,0.007663487738419619,2.4258972724497928e-05,0.0008798319804734063,6.742581594227399e-06
2014,E07000167,52848,70468,62,19586,0.003165526396405596,167.29173899724293,male,90+,186,0.00351952770208901,1.1141157843843492e-05,0.0008798319804734063,3.0965930284599904e-06
2014,E07000168,108152,70468,9,45479,0.00019789353327909583,21.40258141120077,female,90+,888,0.008210666469413418,1.6248377982084205e-06,0.00012771754555259126,1.048646168824442e-06
2014,E07000168,108152,70468,9,45479,0.00019789353327909583,21.40258141120077,male,90+,377,0.003485834751091057,6.898241553204669e-07,0.00012771754555259126,4.452022586112777e-07
2014,E07000169,85622,70468,608,33812,0.01798178161599432,1539.6361055246657,female,90+,492,0.005746186727710168,0.00010332667486240925,0.008628029743997276,4.9578270001245705e-05
2014,E07000169,85622,70468,608,33812,0.01798178161599432,1539.6361055246657,male,90+,219,0.0025577538483100137,4.599297112777973e-05,0.008628029743997276,2.2068376281042294e-05
2014,E08000032,527567,70468,974,225143,0.0043261393869673944,2282.3283779642275,female,90+,2619,0.004964298373476734,2.147624672215587e-05,0.013821876596469319,6.861591950624878e-05
2014,E08000032,527567,70468,974,225143,0.0043261393869673944,2282.3283779642275,male,90+,1058,0.002005432485352571,8.67578046278767e-06,0.013821876596469319,2.7718840335094002e-05
2014,E08000034,429998,70468,8,169140,4.729809625162587e-05,20.33808679200662,female,90+,2247,0.00522560570049163,2.4716120139489794e-07,0.00011352670715785889,5.932458080821514e-07
2014,E08000034,429998,70468,8,169140,4.729809625162587e-05,20.33808679200662,male,90+,819,0.0019046600216745195,9.008679303178524e-08,0.00011352670715785889,2.1622978051592435e-07
2014,E08000035,765430,70468,15565,282324,0.05513169266516484,42199.451516697125,female,90+,3757,0.004908352168062396,0.00027060576322201157,0.22088039961400918,0.0010841587883279103
2014,E08000035,765430,70468,15565,282324,0.05513169266516484,42199.451516697125,male,90+,1572,0.002053747566727199,0.00011322657966063406,0.22088039961400918,0.0004536325832450027
2014,E08000036,331720,70468,8,138710,5.767428447840819e-05,19.131713647177563,female,90+,1842,0.005552875919450139,3.2025814545166976e-07,0.00011352670715785889,6.303997183913423e-07
2014,E08000036,331720,70468,8,138710,5.767428447840819e-05,19.131713647177563,male,90+,678,0.0020438924394067287,1.1788003399361134e-07,0.00011352670715785889,2.3203637843068954e-07
