date,0-4,5-9,10-14,15-19,20-24,25-29,30-34,35-39,40-44,45-49,50-54,55-59,60-64,65-69,70-74,75-79,80-84,85-89,90+,unassigned
2020-03-09,0,0,0,0,0,0,0,0,0,0,0,0,0,0,0,0,0,1,0,0
2020-03-10,0,0,0,0,0,0,0,0,0,1,0,0,0,0,0,0,0,0,0,0
2020-03-11,0,0,0,0,0,0,0,0,0,1,0,0,0,0,0,0,0,0,0,0
2020-03-12,0,0,0,0,0,0,0,0,0,0,0,0,0,0,0,0,0,0,0,0
2020-03-13,0,0,0,0,0,0,0,1,0,0,0,0,0,0,0,0,0,0,0,0
2020-03-14,0,0,0,0,0,0,0,0,0,0,0,0,0,0,0,0,0,0,0,0
2020-03-15,0,0,0,0,0,0,0,0,1,0,0,0,0,0,0,0,0,0,0,0
2020-03-16,0,0,0,0,0,0,0,0,0,0,0,0,0,0,0,0,2,1,0,0
2020-03-17,0,0,0,0,1,0,1,0,0,0,1,0,2,0,0,0,0,0,0,0
2020-03-18,0,0,0,0,0,0,0,0,0,0,0,0,0,0,0,0,0,1,0,0
2020-03-19,0,0,0,0,0,0,0,0,0,0,0,0,0,0,0,0,0,0,1,0
2020-03-20,0,0,0,0,0,0,0,0,0,0,0,0,0,0,1,0,1,0,1,0
2020-03-21,0,0,0,0,0,0,0,0,0,1,0,1,1,0,1,0,0,2,0,0
2020-03-22,0,0,0,0,0,0,0,0,0,0,0,0,0,0,0,0,0,1,0,0
2020-03-23,0,0,0,0,0,0,0,0,1,1,0,0,0,0,1,3,2,2,0,0
2020-03-24,0,0,0,0,0,0,1,1,0,1,0,1,1,0,0,2,0,0,0,0
2020-03-25,0,0,0,0,0,1,0,0,0,0,1,1,0,1,0,1,2,1,0,0
2020-03-26,0,0,0,0,0,0,0,0,0,0,3,0,0,1,1,2,2,4,2,0
2020-03-27,0,0,0,0,0,0,0,0,0,1,1,0,1,1,0,1,2,1,3,0
2020-03-28,0,0,0,0,0,0,0,0,0,2,0,1,0,3,1,1,4,1,0,0
2020-03-29,0,0,0,0,0,0,0,0,0,0,0,0,0,1,3,2,1,0,1,0
2020-03-30,0,0,0,0,0,0,0,0,0,0,1,1,0,4,3,0,0,1,1,0
2020-03-31,0,0,0,0,0,0,0,1,1,1,1,3,0,1,4,3,2,1,0,0
2020-04-01,0,0,0,0,0,1,0,0,0,1,2,2,3,1,0,4,1,0,1,0
2020-04-02,0,0,0,0,0,0,0,0,1,0,2,0,1,3,0,1,1,0,0,0
2020-04-03,0,0,0,0,1,1,0,1,1,3,1,0,1,0,1,1,2,3,0,0
2020-04-04,0,0,0,1,1,0,1,0,1,3,1,0,2,0,2,0,2,2,1,0
2020-04-05,0,0,0,0,0,1,1,1,0,2,0,1,1,1,2,0,1,0,0,0
2020-04-06,0,0,0,1,1,1,0,1,1,3,1,2,2,1,2,1,0,0,0,0
2020-04-07,0,0,0,0,2,0,3,0,3,1,1,2,3,0,4,3,1,2,3,0
2020-04-08,0,0,0,0,0,1,2,1,0,1,4,4,1,3,4,4,5,4,2,0
2020-04-09,0,0,0,0,0,3,2,2,1,2,1,2,1,1,2,0,5,1,0,0
2020-04-10,0,0,0,0,0,0,1,1,1,1,2,2,3,1,1,1,4,0,0,0
2020-04-11,0,0,0,0,0,2,0,2,0,1,1,1,2,2,1,3,1,0,0,0
2020-04-12,0,0,0,0,0,0,0,0,2,2,1,3,1,2,0,2,0,1,2,0
2020-04-13,0,0,0,0,1,1,1,1,3,1,3,0,0,1,1,2,2,2,1,0
2020-04-14,1,0,0,0,1,1,3,2,1,1,7,1,1,2,1,1,1,1,0,0
2020-04-15,0,0,0,1,2,1,2,2,0,2,3,1,7,1,0,0,2,1,0,0
2020-04-16,0,0,0,0,0,2,1,1,1,2,2,1,0,0,1,0,3,2,0,0
2020-04-17,0,0,0,0,0,2,1,0,2,0,0,1,0,1,2,1,4,1,1,0
2020-04-18,0,0,0,1,0,4,5,3,0,1,4,5,1,0,0,1,0,0,1,0
2020-04-19,0,0,0,0,1,3,2,1,2,1,1,1,1,0,1,2,1,0,1,0
2020-04-20,0,0,0,0,1,2,4,0,3,5,1,2,2,3,0,1,3,2,1,0
2020-04-21,0,0,0,0,1,2,0,1,0,2,3,0,0,2,1,2,2,0,3,0
2020-04-22,1,0,0,0,1,4,3,3,2,3,2,1,0,1,1,1,0,1,1,0
2020-04-23,0,1,0,1,0,3,2,1,2,1,1,1,2,1,0,0,1,0,1,0
2020-04-24,0,0,0,0,1,1,0,1,0,2,2,1,2,2,1,1,0,2,2,0
2020-04-25,0,0,0,0,0,0,0,2,1,2,2,1,0,0,0,1,1,1,0,0
2020-04-26,0,0,0,0,1,0,1,1,1,1,0,1,3,0,0,0,0,0,0,0
2020-04-27,0,0,0,1,3,1,2,1,3,1,2,1,0,1,1,0,1,0,1,0
2020-04-28,0,0,1,1,1,1,1,0,0,1,2,2,1,1,1,0,0,2,1,0
2020-04-29,0,0,0,0,1,2,2,4,0,3,0,0,3,0,0,0,2,0,1,0
2020-04-30,0,0,0,2,0,0,0,2,0,2,1,0,1,2,0,0,1,1,0,0
2020-05-01,0,0,0,0,0,1,0,2,1,1,0,1,1,0,0,1,2,0,2,0
2020-05-02,0,0,0,0,0,0,0,0,1,0,0,0,1,1,0,0,1,1,0,0
2020-05-03,0,0,0,0,1,0,1,2,0,0,0,1,1,1,0,1,0,0,0,0
2020-05-04,0,0,0,0,1,2,0,0,0,0,1,1,3,0,1,0,0,1,4,0
2020-05-05,1,0,0,1,1,0,4,1,2,1,2,4,4,1,0,0,0,0,0,0
2020-05-06,0,0,0,0,2,3,1,2,3,1,2,0,2,1,0,2,2,0,0,0
2020-05-07,1,1,0,0,0,0,2,0,1,2,3,3,0,1,1,1,0,0,2,0
2020-05-08,0,0,0,1,0,0,0,0,1,2,1,4,2,0,0,0,3,2,2,0
2020-05-09,0,0,0,1,1,1,1,0,0,0,0,0,0,1,0,1,0,0,0,0
2020-05-10,0,0,0,0,0,0,0,0,0,1,0,0,1,1,0,2,1,0,0,0
2020-05-11,0,0,0,0,0,2,1,0,0,1,1,0,0,1,1,1,0,0,0,0
2020-05-12,0,0,0,1,0,1,3,1,0,0,2,1,0,0,1,2,1,2,0,0
2020-05-13,0,0,0,0,1,0,1,0,1,0,4,1,0,0,0,1,1,3,1,0
2020-05-14,0,0,0,0,0,1,1,1,1,0,4,0,2,0,3,4,2,5,2,0
2020-05-15,0,0,1,0,3,1,3,1,0,0,2,2,2,0,1,0,1,0,0,0
2020-05-16,0,0,0,0,2,0,1,0,1,2,1,3,1,0,2,1,0,1,0,0
2020-05-17,0,0,0,0,2,0,0,0,1,1,0,1,1,0,0,0,1,0,0,0
2020-05-18,0,0,0,0,2,0,1,2,2,2,3,1,2,1,0,1,2,2,0,0
2020-05-19,0,0,4,0,1,2,3,2,0,0,2,0,2,2,0,1,0,0,1,0
2020-05-20,0,0,0,0,1,0,1,2,1,0,3,0,1,0,0,1,2,0,0,0
2020-05-21,0,0,0,1,0,4,2,2,1,2,2,1,0,1,0,0,1,1,0,0
2020-05-22,0,1,0,0,0,2,2,2,0,0,1,0,3,2,0,0,2,0,1,0
2020-05-23,0,0,0,0,2,3,0,2,0,1,0,0,0,1,1,1,0,0,0,0
2020-05-24,0,0,0,0,0,1,1,1,0,0,0,2,0,0,0,0,0,0,1,0
2020-05-25,0,2,0,1,0,0,0,1,1,0,0,0,2,1,0,0,0,1,0,0
2020-05-26,0,0,0,0,0,0,1,0,0,1,1,0,0,3,0,1,0,2,0,0
2020-05-27,0,0,0,0,0,1,2,5,0,2,1,0,2,0,0,0,2,0,0,0
2020-05-28,0,1,0,2,1,0,2,3,3,1,2,0,0,1,0,1,1,0,2,0
2020-05-29,0,0,0,0,0,0,1,1,0,1,1,2,1,3,1,1,0,0,0,0
2020-05-30,0,0,0,0,0,3,1,0,1,0,0,0,2,0,1,0,0,0,2,0
2020-05-31,0,0,0,1,2,0,3,1,0,0,1,1,0,0,0,2,0,2,1,0
2020-06-01,0,0,1,0,1,3,2,5,0,0,1,1,1,1,2,0,2,1,1,0
2020-06-02,2,1,0,1,0,4,4,2,1,1,2,1,3,0,0,1,1,1,1,0
2020-06-03,0,0,0,0,1,2,1,2,0,0,1,0,1,0,0,0,0,0,0,0
2020-06-04,0,0,0,3,1,1,1,0,1,1,0,2,1,0,0,0,1,1,0,0
2020-06-05,1,1,0,3,1,2,1,1,2,1,1,0,2,0,1,0,0,1,1,0
2020-06-06,0,0,0,0,2,0,0,0,1,0,0,0,1,0,1,0,0,0,0,0
2020-06-07,0,0,0,0,0,1,1,1,2,0,2,2,0,0,0,0,0,0,1,0
2020-06-08,0,1,2,0,1,1,0,0,2,0,1,1,0,0,0,0,1,0,0,0
2020-06-09,0,0,2,1,0,0,1,1,0,4,1,1,2,1,1,0,0,0,0,0
2020-06-10,0,0,1,1,1,3,1,1,1,0,2,1,2,0,3,0,0,1,0,0
2020-06-11,0,0,0,1,0,2,2,2,1,0,1,3,1,1,0,0,1,1,0,0
2020-06-12,0,0,0,0,2,5,1,1,1,1,1,0,1,2,0,1,0,0,1,0
2020-06-13,0,0,0,1,0,0,0,0,0,0,0,1,0,2,0,0,1,0,0,0
2020-06-14,0,0,0,1,1,0,3,0,0,1,0,1,0,0,0,0,2,0,0,0
2020-06-15,0,1,0,0,1,1,1,0,3,3,1,1,0,0,0,0,0,0,0,0
2020-06-16,2,0,0,0,4,2,0,2,3,2,2,2,0,2,0,0,0,0,0,0
2020-06-17,1,1,1,1,3,4,0,2,0,1,1,0,1,0,0,0,1,1,0,0
2020-06-18,0,0,2,4,3,1,1,1,0,1,3,2,1,0,0,0,0,0,0,0
2020-06-19,0,0,2,1,1,1,1,6,2,0,1,0,1,0,2,1,0,0,0,0
2020-06-20,0,0,0,1,3,0,1,1,0,1,1,1,1,2,0,0,0,0,0,0
2020-06-21,0,1,1,0,1,2,3,4,0,2,0,1,0,2,1,0,0,0,0,0
2020-06-22,0,0,0,0,1,1,1,3,0,0,1,0,0,1,2,0,0,0,0,0
2020-06-23,0,0,1,0,1,0,0,0,0,1,0,1,0,0,0,0,0,0,0,0
2020-06-24,0,1,2,4,0,0,2,1,1,0,0,0,2,1,1,0,0,0,0,0
2020-06-25,0,1,1,3,1,1,2,2,1,2,0,1,0,0,0,0,0,0,0,0
2020-06-26,0,2,1,3,1,0,3,2,0,1,3,0,0,0,0,0,0,0,0,0
2020-06-27,2,0,0,1,0,3,1,2,1,0,0,0,1,0,0,0,1,1,0,0
2020-06-28,1,0,1,2,1,1,2,0,1,0,0,0,1,0,0,0,0,0,0,0
2020-06-29,0,1,0,0,0,1,1,1,2,1,0,2,0,1,0,0,1,0,0,0
2020-06-30,0,1,1,0,0,2,1,0,1,2,2,1,0,0,0,0,0,0,1,0
2020-07-01,0,0,0,0,2,1,1,1,0,0,1,0,0,0,0,0,0,0,0,0
2020-07-02,0,0,0,0,0,0,2,0,2,0,0,1,0,0,0,0,0,0,0,0
2020-07-03,1,0,0,0,1,0,3,0,0,1,0,1,0,0,0,1,0,0,3,0
2020-07-04,1,1,0,0,1,1,0,0,0,2,1,1,0,0,0,0,0,0,0,0
2020-07-05,0,0,0,2,3,3,2,3,4,2,0,1,0,1,1,0,0,0,0,0
2020-07-06,0,0,2,1,2,2,2,1,3,2,0,0,0,0,0,0,0,0,0,0
2020-07-07,1,0,1,0,0,0,2,1,1,1,1,0,0,0,0,0,0,0,0,0
2020-07-08,0,0,0,0,1,3,2,1,0,2,1,0,0,2,0,0,0,0,0,0
2020-07-09,0,0,0,0,4,3,2,3,0,1,1,0,0,1,0,0,0,0,0,0
2020-07-10,0,0,1,0,0,2,1,1,0,1,0,0,0,0,0,0,1,0,0,0
2020-07-11,1,0,0,0,2,2,2,1,1,1,1,1,0,0,0,0,0,0,0,0
2020-07-12,0,0,0,0,0,2,0,0,1,1,0,2,0,1,0,0,0,0,0,0
2020-07-13,0,0,0,1,0,0,4,1,1,0,1,1,0,0,0,0,0,0,0,0
2020-07-14,0,1,1,1,3,1,1,3,3,0,3,0,1,1,0,0,0,0,0,0
2020-07-15,0,0,0,0,2,3,2,0,0,1,0,1,2,0,2,0,1,0,0,0
2020-07-16,2,2,0,1,7,0,4,3,1,0,3,1,1,0,0,0,0,0,0,0
2020-07-17,2,1,0,1,2,1,1,1,1,1,0,1,1,0,0,0,0,0,0,0
2020-07-18,0,0,0,2,3,3,0,2,2,0,2,0,1,0,0,0,0,0,1,0
2020-07-19,0,0,0,0,0,1,2,0,0,2,1,0,1,1,0,0,0,0,0,0
2020-07-20,0,1,1,2,2,1,0,3,3,0,1,0,1,0,0,0,0,0,0,0
2020-07-21,0,1,0,2,1,0,2,1,3,2,2,1,0,0,0,0,0,0,0,0
2020-07-22,0,0,1,1,1,1,0,2,0,1,0,3,0,0,1,0,0,0,0,0
2020-07-23,0,0,0,0,3,3,1,2,0,0,1,1,0,0,1,0,0,1,0,0
2020-07-24,0,2,0,0,2,0,1,1,1,0,0,1,0,0,0,0,1,0,0,0
2020-07-25,0,0,0,0,1,3,1,0,2,1,0,1,0,0,0,0,1,0,0,0
2020-07-26,0,0,0,0,2,1,1,1,0,0,1,0,0,0,0,0,0,0,0,0
2020-07-27,0,1,0,0,0,2,1,0,0,0,0,1,0,0,0,0,0,2,0,0
2020-07-28,0,0,0,0,3,1,0,1,0,0,1,1,1,1,0,0,1,0,0,0
2020-07-29,1,0,1,0,2,0,2,1,1,0,1,1,1,0,0,0,0,0,0,0
2020-07-30,0,0,0,1,2,2,2,0,1,1,2,0,2,0,0,1,0,1,0,0
2020-07-31,0,0,0,1,2,1,1,0,1,0,0,2,1,0,0,0,0,0,0,0
2020-08-01,1,1,0,0,1,2,0,1,1,1,0,0,0,0,0,0,0,0,0,0
2020-08-02,0,0,0,1,0,2,0,0,4,1,1,0,0,0,0,0,0,0,0,0
2020-08-03,0,0,0,2,2,2,0,2,0,1,3,0,1,0,0,0,0,0,0,0
2020-08-04,0,0,0,2,1,3,3,0,1,0,2,1,1,0,1,0,0,0,0,0
2020-08-05,0,0,0,0,1,1,1,0,1,1,1,0,1,1,0,0,0,1,1,0
2020-08-06,0,0,0,2,2,1,1,3,0,2,3,2,0,1,1,0,0,0,0,0
2020-08-07,0,1,0,1,0,2,3,3,4,0,0,2,1,0,1,0,0,0,0,0
2020-08-08,0,1,0,1,0,1,3,3,2,0,0,0,2,1,0,0,0,0,0,0
2020-08-09,0,0,3,0,3,0,1,2,2,0,1,0,1,0,0,0,0,0,0,0
2020-08-10,0,0,0,1,1,4,3,0,0,0,2,1,0,0,1,0,0,0,0,0
2020-08-11,0,0,0,0,3,3,3,0,2,1,2,1,0,0,0,1,0,0,0,0
2020-08-12,1,0,1,1,2,2,2,0,2,0,1,2,0,0,0,0,0,0,0,0
2020-08-13,0,0,0,0,2,0,1,0,1,1,1,0,0,1,0,0,0,0,0,0
2020-08-14,0,0,0,1,0,2,0,3,3,1,0,1,0,3,0,0,0,0,0,0
2020-08-15,0,2,1,0,3,1,0,1,2,1,1,0,1,0,0,0,0,0,0,0
2020-08-16,0,0,0,0,0,0,0,0,1,0,1,0,0,0,0,0,0,0,0,0
2020-08-17,3,4,1,8,2,2,3,4,1,4,2,2,0,0,0,0,0,1,0,0
2020-08-18,0,0,0,0,1,0,0,1,2,1,3,0,1,0,0,0,0,0,0,0
2020-08-19,1,0,0,0,3,2,1,0,4,0,1,0,1,0,0,0,0,1,0,0
2020-08-20,0,0,0,1,1,0,1,0,0,0,1,0,0,0,1,0,0,0,0,0
2020-08-21,0,0,0,2,1,1,0,1,0,0,2,1,1,0,0,0,0,0,0,0
2020-08-22,0,1,0,0,0,0,3,2,0,0,0,0,0,0,0,0,0,0,0,0
2020-08-23,0,0,1,1,3,0,2,1,2,1,1,1,0,1,0,0,1,0,0,0
2020-08-24,0,0,0,0,5,2,1,2,2,0,3,0,0,0,0,0,0,0,0,0
2020-08-25,1,0,0,0,2,0,5,3,1,0,0,0,0,1,0,0,0,0,0,0
2020-08-26,0,0,2,0,0,4,2,3,2,1,2,0,0,0,0,0,0,0,0,0
2020-08-27,0,1,0,1,4,1,1,1,1,2,2,0,1,0,0,0,1,0,0,0
2020-08-28,1,3,1,1,2,3,1,0,1,1,0,1,1,0,1,0,0,0,0,0
2020-08-29,0,0,2,2,1,1,0,0,0,0,1,0,0,0,0,0,0,0,0,0
2020-08-30,3,0,0,0,2,3,3,2,2,0,0,0,0,0,0,0,0,0,0,0
2020-08-31,0,1,1,0,3,2,1,2,0,1,0,0,3,0,0,0,0,0,0,0
2020-09-01,1,0,0,5,4,0,2,1,1,3,0,0,0,0,0,0,2,0,0,0
2020-09-02,1,3,0,3,5,3,3,2,3,1,1,1,6,0,0,0,0,0,1,0
2020-09-03,0,3,1,1,2,2,0,4,1,4,1,0,1,0,1,1,1,0,0,0
2020-09-04,1,1,1,3,8,3,0,2,5,2,1,0,5,0,0,0,0,0,0,0
2020-09-05,0,2,0,2,2,2,4,2,2,1,0,0,0,1,1,0,0,0,0,0
2020-09-06,0,0,2,1,3,1,1,0,1,1,3,0,2,1,0,0,0,0,0,0
2020-09-07,0,4,5,2,2,4,3,3,0,2,1,2,3,0,2,1,0,0,0,0
2020-09-08,0,3,2,2,2,2,6,2,1,0,1,3,0,0,1,1,0,0,0,0
2020-09-09,1,2,1,2,1,6,2,2,1,3,0,1,1,1,1,0,0,0,0,0
2020-09-10,2,4,3,4,5,2,5,0,4,3,2,3,0,0,1,0,0,0,0,0
2020-09-11,5,4,3,2,7,2,3,5,3,6,2,1,0,0,1,0,1,0,0,0
2020-09-12,0,0,2,1,1,2,1,1,2,1,2,1,2,2,0,0,0,0,0,0
2020-09-13,0,0,0,1,2,3,4,2,3,0,0,0,1,2,0,0,0,1,0,0
2020-09-14,0,1,2,1,5,1,3,3,2,2,2,1,3,0,0,0,0,0,1,0
2020-09-15,1,1,2,1,8,5,4,3,2,5,1,2,3,0,0,0,0,0,0,0
2020-09-16,1,3,4,2,4,3,8,10,2,6,7,1,4,1,0,0,0,0,1,0
2020-09-17,2,2,6,3,12,8,4,9,3,4,3,6,1,0,0,1,0,0,1,0
2020-09-18,2,0,6,9,6,8,12,5,5,4,2,4,2,1,0,0,0,0,0,0
2020-09-19,0,0,2,1,7,2,3,5,2,3,0,2,0,1,0,0,0,0,0,1
2020-09-20,3,2,6,6,3,8,4,5,9,1,3,2,2,0,0,1,1,0,0,0
2020-09-21,0,2,5,3,8,11,9,7,8,4,6,5,1,3,2,0,0,0,0,0
2020-09-22,2,3,4,9,9,7,11,11,4,4,4,5,2,0,2,1,1,0,0,1
2020-09-23,2,2,1,3,4,10,6,9,5,3,5,2,2,1,0,1,0,1,1,0
2020-09-24,1,2,4,5,8,9,12,8,5,3,5,8,4,2,0,0,1,0,0,0
2020-09-25,2,4,3,4,5,5,7,4,4,2,3,0,0,0,0,0,2,0,0,0
2020-09-26,2,1,4,7,6,4,6,8,4,4,3,6,2,2,0,0,1,0,0,2
2020-09-27,3,2,5,2,3,6,6,6,6,7,3,6,1,2,1,0,0,0,0,0
2020-09-28,2,2,1,7,7,3,9,3,6,9,5,11,6,2,4,2,0,1,0,0
2020-09-29,4,2,4,5,10,12,9,12,12,8,4,4,4,2,1,1,1,4,0,0
2020-09-30,1,2,8,10,12,17,10,7,4,12,11,8,10,2,0,0,0,0,0,1
2020-10-01,2,1,5,9,17,16,15,11,9,12,11,8,8,3,3,3,2,1,1,0
2020-10-02,2,4,5,8,11,12,7,14,10,7,7,8,6,5,4,3,2,1,0,1
2020-10-03,4,2,1,4,6,10,7,11,10,5,8,7,6,2,2,0,0,0,2,0
2020-10-04,1,4,5,6,10,6,8,12,7,7,9,5,2,3,1,0,1,0,0,0
2020-10-05,6,4,4,11,14,15,16,17,12,11,11,11,9,8,5,1,0,0,1,0
2020-10-06,3,3,4,8,8,13,16,13,11,11,9,11,8,6,4,0,0,2,0,0
2020-10-07,1,1,2,11,15,12,12,15,13,8,11,14,9,8,4,3,6,0,1,0
2020-10-08,5,6,3,6,11,21,17,13,7,6,8,7,6,4,4,1,0,2,0,0
2020-10-09,3,0,5,6,8,10,17,11,8,14,18,10,8,2,5,3,2,0,2,0
2020-10-10,1,0,6,4,11,12,9,11,11,7,12,6,16,4,4,1,1,0,1,0
2020-10-11,2,4,7,5,8,8,11,11,12,12,12,3,10,7,2,1,0,2,1,0
2020-10-12,2,2,6,8,15,12,19,18,13,24,13,11,13,6,5,1,1,4,1,0
2020-10-13,2,3,9,14,24,8,17,20,15,12,13,11,7,7,2,7,0,3,2,0
2020-10-14,3,3,5,12,14,19,11,12,17,13,25,14,7,5,3,1,0,0,1,0
2020-10-15,4,3,15,11,14,12,16,11,12,6,13,13,10,7,5,8,0,0,0,0
2020-10-16,2,6,3,7,12,15,17,12,7,11,8,19,11,10,8,7,3,2,1,0
2020-10-17,3,3,9,10,9,10,4,14,12,6,13,7,7,10,6,2,1,0,1,0
2020-10-18,4,2,12,6,14,11,19,14,5,8,18,14,9,5,3,6,0,1,0,0
2020-10-19,6,8,11,6,17,18,25,24,18,23,24,17,22,13,7,5,1,2,2,0
2020-10-20,2,2,10,15,15,26,24,28,14,14,21,14,12,11,8,3,4,5,0,0
2020-10-21,6,5,5,9,12,19,23,16,16,17,17,22,12,9,7,4,4,1,5,0
2020-10-22,4,3,10,13,11,20,19,14,13,13,12,15,13,10,6,5,2,3,2,0
2020-10-23,2,7,8,20,13,17,23,21,13,13,16,13,14,8,3,6,2,4,0,1
2020-10-24,3,0,4,2,9,17,14,10,10,12,11,11,7,5,0,3,5,2,2,1
2020-10-25,3,4,1,6,5,8,12,8,15,16,6,11,12,6,4,5,2,4,4,2
2020-10-26,8,4,8,8,12,23,26,18,26,19,23,12,13,11,3,9,2,3,2,1
2020-10-27,5,5,5,7,17,17,16,15,16,13,16,13,14,21,7,6,6,4,5,2
2020-10-28,2,2,2,6,15,31,24,11,15,20,18,11,11,5,2,5,7,7,3,0
2020-10-29,1,4,8,5,21,18,24,14,16,16,17,15,11,1,6,7,4,4,6,1
2020-10-30,5,2,6,14,16,21,14,14,16,17,7,14,16,10,8,2,6,4,5,0
2020-10-31,1,5,1,6,8,12,15,21,16,12,12,11,7,6,1,3,5,1,4,0
2020-11-01,1,5,4,4,16,13,8,7,11,7,8,6,8,11,5,3,4,2,3,1
2020-11-02,6,10,11,10,17,27,32,25,24,24,24,19,21,13,15,3,3,5,0,0
2020-11-03,4,5,6,13,22,18,20,15,18,14,14,18,13,9,6,5,7,4,12,0
2020-11-04,2,4,6,16,12,20,18,16,17,15,10,10,10,8,8,2,5,5,7,0
2020-11-05,3,4,5,22,18,13,20,22,17,20,15,9,9,6,7,3,3,3,8,0
2020-11-06,3,5,11,7,14,15,11,10,12,15,20,23,12,9,6,11,7,3,3,0
2020-11-07,2,5,4,12,15,14,16,8,5,13,13,10,3,2,3,2,1,2,0,0
2020-11-08,5,5,11,5,10,9,15,13,14,12,10,9,5,4,1,5,1,3,1,0
2020-11-09,9,7,12,15,21,22,22,9,13,18,13,15,11,7,5,8,2,3,5,0
2020-11-10,4,6,8,10,13,10,9,15,12,21,15,9,6,11,3,1,2,1,1,0
2020-11-11,1,9,7,14,12,17,22,16,14,17,11,11,12,3,7,5,7,4,7,1
2020-11-12,2,11,10,13,21,15,16,13,8,17,10,8,6,5,5,4,4,0,1,0
2020-11-13,8,4,9,8,14,17,11,9,13,10,17,12,9,7,8,6,5,6,5,0
2020-11-14,4,0,3,3,7,14,6,6,8,11,6,6,12,2,7,3,1,0,2,0
2020-11-15,0,4,6,8,8,10,9,10,8,9,12,6,6,1,1,3,1,4,5,0
2020-11-16,3,2,9,9,11,15,16,17,8,14,18,9,8,5,1,7,4,2,4,2
2020-11-17,2,7,13,9,7,19,15,8,9,7,17,8,7,7,3,0,2,2,1,0
2020-11-18,2,5,11,6,10,9,11,11,9,14,7,12,2,2,2,4,0,4,6,0
2020-11-19,1,1,5,7,10,10,12,5,9,5,9,1,2,4,5,5,0,1,2,0
2020-11-20,1,1,8,9,3,4,7,5,10,7,8,3,7,4,7,2,3,6,4,0
2020-11-21,2,3,5,2,6,5,6,6,8,6,10,5,3,3,2,0,1,1,3,0
2020-11-22,1,0,1,6,4,1,5,7,8,2,5,2,8,4,2,2,0,0,1,0
2020-11-23,1,5,6,10,6,7,14,12,10,10,8,7,11,5,3,4,9,9,14,0
2020-11-24,2,4,6,7,5,4,8,6,5,6,10,6,2,4,2,0,2,4,6,0
2020-11-25,2,7,8,8,4,3,11,4,5,9,4,4,5,3,0,4,1,4,1,0
2020-11-26,3,1,4,6,1,6,4,8,5,5,2,6,5,3,1,4,4,1,2,0
2020-11-27,0,6,7,10,7,2,6,3,5,9,3,3,7,2,2,1,3,2,1,0
2020-11-28,1,4,5,5,3,2,7,3,4,3,5,2,2,3,0,1,1,1,2,0
2020-11-29,1,5,7,5,6,3,5,6,3,9,3,4,2,5,1,0,0,1,2,0
2020-11-30,1,7,4,9,6,10,9,9,10,4,10,7,3,3,1,1,2,2,4,0
2020-12-01,2,3,6,7,4,2,3,3,10,3,9,5,5,1,1,1,0,1,2,0
2020-12-02,1,3,0,3,1,5,3,6,5,9,2,4,3,3,3,1,3,1,0,0
2020-12-03,2,3,4,6,6,3,3,2,3,7,7,3,10,3,2,2,2,0,1,0
2020-12-04,3,2,4,7,5,2,6,9,9,7,4,2,3,4,0,1,3,1,1,0
2020-12-05,0,2,4,0,3,2,3,3,5,5,6,4,4,0,1,0,0,0,0,0
2020-12-06,1,0,2,2,3,7,7,0,4,2,3,2,4,0,0,1,0,0,0,0
2020-12-07,3,6,8,4,4,5,9,6,9,10,2,5,2,1,1,1,5,1,3,0
2020-12-08,1,3,6,3,4,8,6,8,6,7,6,5,4,2,2,2,1,1,0,0
2020-12-09,1,5,2,9,6,8,6,5,9,4,7,5,8,0,1,0,1,0,0,0
2020-12-10,1,1,5,6,6,5,3,7,6,7,5,4,0,1,1,0,0,1,1,0
2020-12-11,2,5,3,4,1,2,7,5,12,6,4,5,6,1,2,1,1,0,1,0
2020-12-12,2,2,0,3,3,3,5,6,4,8,8,7,0,0,5,0,0,0,0,0
2020-12-13,3,5,6,4,5,4,5,2,3,6,4,4,4,2,3,2,1,1,0,0
2020-12-14,0,2,5,4,8,3,6,13,2,10,5,3,5,3,2,0,3,3,0,0
2020-12-15,1,6,5,3,4,7,6,3,14,9,8,5,6,1,1,2,1,1,0,0
2020-12-16,1,2,1,3,5,11,6,3,4,6,6,2,3,3,0,1,0,0,0,0
2020-12-17,2,1,1,5,2,7,5,8,8,3,6,5,1,2,2,0,1,1,1,0
2020-12-18,0,2,7,3,7,5,4,5,4,5,9,6,0,2,1,0,0,0,0,0
2020-12-19,0,2,5,3,2,4,8,6,2,4,5,2,5,1,1,2,2,1,0,0
2020-12-20,0,0,4,5,6,5,4,12,5,5,6,3,3,2,1,1,0,0,0,0
2020-12-21,2,3,4,3,7,9,7,10,12,8,2,6,4,5,2,2,2,0,1,0
2020-12-22,3,4,6,2,5,9,9,5,8,5,10,6,4,3,4,0,2,1,0,0
2020-12-23,4,4,3,8,12,9,7,7,7,6,4,7,2,4,4,2,0,0,1,0
2020-12-24,4,1,3,5,3,10,8,6,2,3,3,4,1,0,3,2,0,0,0,0
2020-12-25,0,1,0,0,3,0,2,1,0,3,3,1,1,1,0,0,0,1,0,0
2020-12-26,1,0,4,4,5,8,9,10,9,1,6,7,3,1,1,1,0,0,1,0
2020-12-27,1,4,3,5,9,12,10,8,9,8,5,11,4,1,0,3,1,1,0,0
2020-12-28,3,2,5,4,11,9,12,8,7,5,10,9,2,1,1,0,2,1,0,0
2020-12-29,2,2,6,9,10,17,11,11,14,11,10,10,6,8,4,3,1,1,1,0
2020-12-30,2,3,4,7,9,12,13,8,9,11,18,15,5,1,5,2,2,0,0,0
2020-12-31,2,2,3,7,16,14,11,9,6,4,7,15,8,4,3,0,1,2,2,0
2021-01-01,1,0,3,2,5,5,9,6,4,8,2,7,3,2,2,1,1,0,0,0
2021-01-02,0,3,5,15,6,17,8,13,16,12,6,10,4,1,6,3,1,1,0,0
2021-01-03,4,2,6,7,8,19,23,12,14,11,7,12,2,5,4,1,2,2,1,0
2021-01-04,3,6,11,11,19,21,13,22,13,9,19,10,7,6,8,2,1,2,0,0
2021-01-05,3,0,2,15,15,15,17,13,15,16,12,8,4,1,3,4,2,4,3,0
2021-01-06,1,0,3,8,17,14,19,18,7,8,12,12,8,5,7,4,4,0,1,1
2021-01-07,1,6,4,7,12,8,7,16,13,12,10,10,6,6,8,6,0,3,4,1
2021-01-08,2,1,4,9,8,11,10,14,5,11,9,9,8,2,2,2,3,3,0,0
2021-01-09,3,1,2,2,8,16,7,11,8,9,7,3,6,3,1,2,1,1,0,0
2021-01-10,3,1,2,9,9,3,6,7,11,9,6,12,7,3,2,2,1,1,1,0
2021-01-11,3,5,2,6,12,13,16,10,16,10,18,10,9,6,5,1,1,2,0,0
2021-01-12,0,1,5,7,11,10,6,13,7,12,11,11,6,1,1,0,4,3,2,0
2021-01-13,2,1,2,4,10,19,8,8,7,9,15,12,10,5,4,1,2,2,4,0
2021-01-14,1,0,2,5,9,13,10,6,6,12,6,8,3,3,3,2,2,0,0,0
2021-01-15,1,5,5,2,7,11,12,11,12,5,9,9,5,2,4,1,1,4,3,0
2021-01-16,5,2,2,6,7,12,8,14,7,12,11,5,7,3,2,1,1,0,0,0
2021-01-17,4,3,5,6,8,8,7,5,7,7,8,9,7,4,2,1,2,0,3,0
2021-01-18,2,5,2,5,7,6,11,15,12,8,11,5,3,3,4,2,0,3,3,0
2021-01-19,2,4,4,7,12,9,14,3,8,8,8,6,2,6,1,1,4,3,4,0
2021-01-20,3,2,3,4,11,7,12,7,8,8,8,5,8,2,1,2,2,0,1,0
2021-01-21,3,2,2,2,12,12,11,6,7,6,8,7,8,3,4,0,2,2,0,0
2021-01-22,2,1,2,2,5,7,8,3,7,7,6,9,8,3,1,2,2,0,2,0
2021-01-23,10,2,3,8,3,9,9,4,8,5,3,5,8,2,4,0,0,0,0,0
2021-01-24,3,4,1,3,6,2,9,7,4,2,1,1,5,3,0,2,1,1,0,0
2021-01-25,4,8,5,6,3,10,5,9,15,8,12,6,6,4,0,2,1,0,1,0
2021-01-26,2,5,8,4,9,10,8,5,4,11,5,12,7,2,4,0,1,0,0,0
2021-01-27,3,1,7,2,9,7,6,11,5,5,6,3,6,3,2,2,0,0,1,0
2021-01-28,1,2,3,3,7,5,13,6,7,7,13,2,5,2,0,0,0,1,0,0
2021-01-29,2,2,4,2,6,8,12,5,5,5,9,5,1,2,2,6,1,2,0,0
2021-01-30,3,1,0,1,3,6,5,5,4,2,5,6,4,2,1,1,1,1,0,0
2021-01-31,4,1,4,6,5,4,4,7,9,4,6,6,8,3,2,2,0,0,0,0
2021-02-01,3,4,4,4,5,10,11,10,11,17,8,10,5,2,2,1,0,0,1,0
2021-02-02,2,8,2,6,4,5,8,10,4,5,8,3,2,3,3,1,1,0,1,0
2021-02-03,3,2,4,6,4,7,8,8,4,6,8,4,6,1,2,0,0,0,0,0
2021-02-04,2,1,9,5,4,2,5,5,5,4,3,4,4,1,4,1,0,1,1,0
2021-02-05,4,6,0,4,5,7,8,13,6,3,7,1,1,0,1,1,2,1,1,0
2021-02-06,2,4,3,4,2,3,6,5,6,7,2,1,4,1,0,0,0,1,1,0
2021-02-07,3,3,2,2,5,5,5,1,1,6,1,5,1,3,1,1,1,2,1,0
2021-02-08,1,3,2,5,11,6,3,9,4,8,6,8,2,3,1,1,1,1,1,0
2021-02-09,1,2,4,2,6,4,7,6,2,3,7,2,0,2,2,0,0,1,0,0
2021-02-10,2,3,4,2,10,6,7,6,9,7,5,7,4,4,2,2,0,0,1,0
2021-02-11,0,1,5,0,2,4,9,1,5,5,3,7,4,3,0,0,0,1,0,0
2021-02-12,4,2,0,2,2,5,4,2,3,4,3,2,4,2,1,1,1,3,0,0
2021-02-13,1,0,1,0,7,3,4,3,4,2,3,2,4,3,3,0,0,2,1,0
2021-02-14,1,3,1,0,4,1,8,3,4,0,3,4,1,2,2,1,0,0,0,0
2021-02-15,6,8,1,7,5,3,5,8,13,11,9,5,5,2,0,2,0,1,2,0
2021-02-16,1,1,1,4,4,6,8,9,6,2,3,5,1,2,2,2,0,0,0,0
2021-02-17,2,0,2,2,2,3,8,7,6,4,3,7,0,2,0,0,0,0,0,0
2021-02-18,2,1,1,2,7,4,9,5,3,8,5,3,3,1,0,2,0,1,0,0
2021-02-19,1,1,2,2,3,6,3,4,5,3,4,1,2,6,1,1,0,0,0,0
2021-02-20,0,1,1,3,4,4,7,7,4,5,7,3,1,0,1,0,0,0,0,0
2021-02-21,2,5,0,1,3,3,8,9,5,5,1,5,3,2,0,0,0,1,0,0
2021-02-22,0,2,3,4,2,8,7,3,4,5,5,10,5,0,2,1,0,0,0,0
2021-02-23,4,0,2,1,5,6,6,7,8,3,7,3,4,0,1,0,1,0,0,0
2021-02-24,2,4,1,1,6,7,6,7,2,3,4,5,2,1,2,0,0,1,0,0
2021-02-25,2,1,4,4,5,8,2,7,7,5,2,3,3,1,1,3,0,0,0,0
2021-02-26,0,1,3,4,3,2,2,4,4,1,2,1,1,1,1,1,1,0,0,0
2021-02-27,0,0,2,0,4,1,1,4,0,4,5,2,1,2,0,1,0,1,1,0
2021-02-28,0,0,1,1,2,2,4,2,1,2,3,1,1,1,0,0,2,1,0,0
2021-03-01,2,1,5,7,6,2,1,3,8,2,8,1,4,0,1,0,0,0,0,0
2021-03-02,5,2,7,2,3,7,7,4,6,0,2,2,4,1,0,2,0,1,0,0
2021-03-03,3,0,0,2,4,6,5,5,3,1,0,0,3,0,1,3,2,0,0,0
2021-03-04,4,1,1,2,3,3,2,3,4,1,5,2,0,0,1,0,1,0,2,0
2021-03-05,0,0,1,4,2,5,4,4,0,2,0,0,1,1,0,1,0,0,0,0
2021-03-06,0,2,2,3,0,3,5,4,1,2,2,0,2,0,0,1,0,1,0,0
2021-03-07,1,0,1,1,2,4,4,7,3,0,0,1,2,0,1,0,0,0,0,0
2021-03-08,3,0,3,1,2,4,3,7,0,2,4,3,1,1,1,1,1,0,0,0
2021-03-09,4,1,5,6,7,5,4,1,4,5,4,2,5,0,0,0,1,1,0,0
2021-03-10,0,2,4,2,5,5,5,5,3,4,4,3,3,3,1,1,0,1,0,0
2021-03-11,1,2,1,2,2,8,9,4,4,3,2,0,2,0,3,0,0,0,1,0
2021-03-12,1,4,4,2,0,2,4,4,2,3,2,2,2,1,2,0,1,0,1,0
2021-03-13,2,0,1,2,2,2,7,1,3,2,2,1,2,1,1,0,0,1,0,0
2021-03-14,0,1,3,1,4,0,2,1,4,3,4,0,0,0,0,0,1,0,0,0
2021-03-15,0,1,2,3,3,2,4,4,2,2,1,2,1,0,0,1,1,0,0,0
2021-03-16,0,1,2,4,5,5,4,2,2,2,4,4,0,1,0,0,0,0,1,0
2021-03-17,2,4,4,3,2,1,4,4,6,7,1,0,0,1,0,0,0,0,0,0
2021-03-18,2,1,4,3,4,1,4,0,1,4,3,0,0,0,2,0,0,0,0,0
2021-03-19,2,4,7,1,0,1,4,5,5,1,3,1,1,0,3,0,0,0,0,0
2021-03-20,1,0,2,3,1,0,3,2,2,0,1,2,1,1,0,0,1,1,0,0
2021-03-21,1,0,2,5,0,1,2,3,2,1,4,1,1,2,1,1,1,0,0,0
2021-03-22,1,6,8,5,4,4,7,3,8,0,1,2,3,1,0,1,0,0,0,0
2021-03-23,1,5,3,3,6,5,1,3,4,3,0,0,0,0,0,0,0,0,0,0
2021-03-24,1,1,2,6,2,3,2,1,1,1,2,1,1,0,1,0,1,0,0,1
2021-03-25,1,4,6,2,2,2,6,5,4,1,1,2,3,3,0,0,0,0,0,0
2021-03-26,0,0,3,3,3,1,3,0,2,1,2,0,2,1,0,0,0,0,0,2
2021-03-27,0,0,2,2,1,1,3,1,1,3,0,1,2,2,0,0,0,2,0,0
2021-03-28,0,1,5,7,2,4,2,1,0,2,0,1,1,1,1,0,1,0,0,0
2021-03-29,1,1,5,3,1,1,4,2,1,3,1,0,0,0,0,0,0,0,0,1
2021-03-30,1,0,5,0,3,1,5,1,0,0,3,0,0,0,0,0,0,0,0,0
2021-03-31,0,0,5,1,1,4,2,1,0,1,2,0,0,2,0,0,0,0,0,0
2021-04-01,0,2,2,4,2,2,2,5,5,2,4,0,1,1,0,0,1,2,0,0
2021-04-02,0,0,2,0,3,0,1,1,1,0,2,0,0,0,1,1,0,0,0,0
2021-04-03,0,1,2,0,1,2,3,1,0,1,1,1,0,0,1,0,0,0,0,0
2021-04-04,0,0,4,0,2,1,3,3,2,0,2,3,2,0,1,0,0,0,0,0
2021-04-05,0,3,7,1,0,0,3,0,2,3,0,0,0,0,1,0,0,0,1,0
2021-04-06,0,0,4,0,1,1,2,2,1,0,2,3,4,0,0,1,0,0,0,0
2021-04-07,0,0,4,3,3,2,5,0,2,0,1,0,0,0,1,0,0,0,0,0
2021-04-08,1,1,2,3,1,1,4,1,2,0,2,0,1,3,0,0,0,0,0,0
2021-04-09,1,0,0,2,0,2,2,1,0,2,3,1,3,1,0,0,1,0,0,0
2021-04-10,1,0,1,2,1,0,1,1,3,0,0,0,0,0,0,0,0,0,0,0
2021-04-11,0,1,1,4,1,2,3,1,0,2,0,1,0,0,0,0,1,0,0,0
2021-04-12,1,4,1,0,0,1,2,1,0,1,1,0,0,0,1,3,0,0,0,0
2021-04-13,0,0,0,5,0,2,1,2,1,2,0,0,0,0,0,0,0,0,0,0
2021-04-14,0,1,2,1,1,2,0,2,0,3,1,0,0,0,0,0,0,0,0,0
2021-04-15,1,1,3,0,1,0,3,3,0,0,1,0,0,1,0,0,0,0,0,0
2021-04-16,0,1,1,2,0,2,2,0,1,0,0,0,1,0,0,0,0,0,0,0
2021-04-17,0,0,2,0,0,0,0,1,3,0,0,0,0,0,0,0,0,0,0,0
2021-04-18,0,0,3,4,1,1,0,2,0,1,0,0,0,1,1,0,0,0,0,0
2021-04-19,0,0,1,1,0,0,1,1,1,1,0,0,1,0,0,0,0,0,0,0
2021-04-20,0,0,2,2,0,0,2,1,0,2,1,0,0,1,0,0,1,0,0,0
2021-04-21,0,0,0,1,0,0,3,0,1,0,1,0,0,0,0,0,0,0,0,0
2021-04-22,1,3,1,0,2,2,1,2,1,2,0,0,0,0,0,0,0,0,0,0
2021-04-23,1,0,0,1,1,1,2,1,0,1,0,1,0,0,0,0,0,0,0,0
2021-04-24,0,0,1,2,0,0,1,1,0,0,0,0,0,0,0,0,0,0,0,0
2021-04-25,0,0,0,3,0,0,0,0,1,2,0,0,0,1,0,1,0,0,0,0
2021-04-26,0,0,2,1,2,2,0,0,0,0,2,0,2,2,1,0,0,0,0,0
2021-04-27,0,2,0,1,1,3,3,0,0,1,0,0,1,1,0,0,0,0,0,0
2021-04-28,0,0,0,2,1,0,2,1,0,3,0,1,0,0,0,0,0,0,0,0
2021-04-29,1,2,5,0,1,1,1,2,0,0,1,0,1,0,0,0,0,0,0,0
2021-04-30,0,1,1,1,0,1,0,0,2,0,1,0,0,0,1,0,0,1,0,0
2021-05-01,0,0,0,1,0,1,1,0,1,0,1,0,1,0,0,1,1,0,0,0
2021-05-02,0,0,1,0,2,2,1,1,1,1,1,0,0,0,1,0,0,0,0,0
2021-05-03,0,0,0,0,1,2,0,0,1,1,1,0,1,0,0,0,0,0,0,0
2021-05-04,1,1,7,0,2,1,4,3,1,0,0,0,0,0,0,1,0,0,0,0
2021-05-05,0,1,3,1,1,4,2,1,3,1,1,0,0,0,0,0,0,0,0,0
2021-05-06,1,3,3,0,1,2,1,0,1,3,0,0,0,0,0,0,0,0,1,0
2021-05-07,0,2,3,0,3,1,2,0,1,1,1,0,0,0,0,1,0,0,0,0
2021-05-08,1,1,0,1,1,1,1,0,2,1,0,1,0,0,1,2,0,0,0,0
2021-05-09,0,1,1,1,1,1,2,1,1,1,0,0,0,0,0,0,0,0,0,0
2021-05-10,0,1,2,0,2,1,1,0,0,1,0,1,1,0,0,0,0,0,0,0
2021-05-11,1,0,0,1,2,0,0,1,2,2,0,1,0,1,0,0,0,0,0,0
2021-05-12,0,3,3,0,0,2,1,1,2,0,2,0,0,0,0,0,0,0,0,0
2021-05-13,0,2,5,2,3,0,3,0,2,1,2,0,0,0,0,0,0,0,0,0
2021-05-14,1,1,5,2,1,0,2,1,0,0,1,1,1,1,0,0,0,1,0,0
2021-05-15,0,0,0,1,0,2,0,1,0,0,1,0,0,1,0,0,0,0,0,0
2021-05-16,0,1,1,1,0,1,2,3,1,0,0,0,0,0,0,0,0,0,0,0
2021-05-17,0,5,1,4,3,1,0,1,2,1,1,0,0,0,0,0,0,0,0,0
2021-05-18,0,0,0,3,2,1,0,0,1,1,0,0,2,1,0,0,0,0,0,0
2021-05-19,1,2,4,2,1,0,3,2,2,2,1,0,1,0,0,1,0,0,0,0
2021-05-20,0,1,1,7,1,0,0,3,2,0,1,0,0,0,1,0,0,0,0,0
2021-05-21,0,3,3,1,2,3,1,5,1,1,0,0,0,0,0,0,0,0,0,0
2021-05-22,0,2,2,4,2,1,1,1,2,0,1,0,0,0,0,1,0,0,0,0
2021-05-23,0,0,3,4,2,3,0,1,0,3,3,0,0,0,0,0,0,0,0,0
2021-05-24,1,4,7,2,2,1,3,3,1,3,2,3,0,1,0,0,1,0,0,0
2021-05-25,2,4,4,4,3,4,2,3,2,3,5,0,1,0,1,0,0,0,0,0
2021-05-26,0,6,3,1,1,3,3,1,1,0,0,4,0,1,0,0,0,0,1,0
2021-05-27,1,4,2,9,2,3,4,2,1,1,3,1,1,0,0,0,0,0,0,0
2021-05-28,0,3,3,5,2,4,11,2,1,0,2,1,1,1,0,0,0,0,0,0
2021-05-29,0,1,6,3,2,2,1,0,1,1,0,2,1,1,0,0,0,0,0,0
2021-05-30,0,1,5,6,5,2,1,1,4,1,2,1,0,0,1,0,0,0,0,0
2021-05-31,0,0,2,3,4,5,2,6,1,1,2,3,0,0,1,0,1,0,0,0
2021-06-01,1,4,2,7,8,7,11,4,1,1,3,3,1,1,0,0,0,0,0,0
2021-06-02,2,4,5,12,12,7,5,6,4,2,2,1,4,2,0,0,0,0,1,0
2021-06-03,0,2,2,12,11,4,7,4,5,2,3,2,1,0,0,0,0,0,0,0
2021-06-04,2,3,7,10,4,5,6,5,2,3,6,2,1,0,1,1,2,0,0,0
2021-06-05,3,3,4,5,4,1,1,6,4,3,2,0,1,0,1,0,0,0,0,0
2021-06-06,1,4,5,11,5,8,6,3,7,7,3,2,1,2,1,0,0,1,0,0
2021-06-07,2,9,8,11,8,6,7,5,4,6,2,2,0,0,0,1,0,0,0,0
2021-06-08,2,9,5,14,8,6,7,4,3,5,4,1,1,0,0,0,0,0,0,0
2021-06-09,3,8,9,8,13,14,6,7,7,4,1,2,0,1,2,0,0,0,0,0
2021-06-10,5,6,6,10,12,9,5,5,5,7,4,2,1,0,0,0,0,0,0,0
2021-06-11,2,0,6,7,9,4,10,4,5,4,2,3,1,0,1,0,0,0,1,0
2021-06-12,2,4,6,9,8,2,9,2,4,2,4,1,1,3,0,0,0,0,0,0
2021-06-13,1,8,6,7,6,4,5,4,0,2,0,2,0,1,2,0,1,0,0,0
2021-06-14,1,7,9,9,14,9,14,2,9,6,2,3,7,3,1,0,1,0,0,0
2021-06-15,3,11,12,12,6,4,4,11,2,5,2,2,2,1,1,1,2,0,0,0
2021-06-16,4,10,11,15,13,5,7,3,8,5,5,3,3,0,1,0,0,0,0,0
2021-06-17,1,15,10,6,5,7,7,8,9,5,4,4,0,2,0,0,1,0,0,0
2021-06-18,1,8,13,10,6,4,10,2,5,6,6,2,1,1,0,1,0,1,0,0
2021-06-19,0,6,6,8,7,5,3,5,7,4,4,2,1,0,3,1,0,0,0,0
2021-06-20,3,9,9,9,8,5,9,6,5,3,2,0,1,2,0,0,0,0,0,0
2021-06-21,2,9,30,13,17,6,11,8,4,5,3,3,0,0,1,2,0,0,0,0
2021-06-22,2,15,12,12,14,9,7,12,4,8,1,0,1,1,0,1,2,0,0,1
2021-06-23,3,9,21,27,7,6,5,10,8,10,5,3,2,1,0,2,0,0,0,0
2021-06-24,3,8,12,16,9,16,11,14,8,6,6,3,4,2,2,1,0,0,1,0
2021-06-25,3,11,18,12,17,9,11,16,5,10,4,3,2,2,1,4,0,1,0,0
2021-06-26,2,4,15,11,15,13,10,6,3,3,3,1,3,1,1,1,0,1,0,0
2021-06-27,2,3,19,16,14,13,10,5,10,6,1,3,2,0,1,0,0,0,0,0
2021-06-28,2,18,66,18,26,18,16,11,13,12,15,8,8,2,3,2,0,1,0,0
2021-06-29,3,9,33,16,27,14,15,22,6,6,6,5,5,5,0,1,0,0,0,0
2021-06-30,5,12,31,23,20,17,11,17,12,14,5,5,1,1,3,0,0,0,0,0
2021-07-01,2,18,33,22,19,18,13,7,10,8,4,8,5,0,2,1,0,0,0,0
2021-07-02,3,15,26,20,17,10,12,13,12,8,4,3,4,3,0,2,0,0,1,0
2021-07-03,0,5,23,25,9,15,8,13,12,10,9,7,2,1,2,2,0,0,0,0
2021-07-04,4,16,19,19,9,13,10,7,9,11,6,2,0,3,2,0,0,1,2,0
2021-07-05,6,14,22,22,29,18,24,9,11,14,4,7,7,1,2,1,2,0,0,1
2021-07-06,6,19,33,23,19,28,14,17,15,11,13,6,2,3,2,1,0,0,0,0
2021-07-07,3,30,37,24,25,25,19,15,12,13,14,7,4,2,2,0,1,1,0,0
2021-07-08,5,14,32,35,20,19,18,12,16,12,10,10,2,1,3,1,3,0,0,0
2021-07-09,7,14,21,19,18,23,8,14,14,10,11,3,6,2,1,3,3,3,0,0
2021-07-10,2,11,25,23,26,14,17,21,13,11,6,4,5,1,1,2,1,0,0,0
2021-07-11,4,11,26,18,16,21,16,29,13,14,9,6,4,2,0,3,1,0,0,0
2021-07-12,5,25,23,21,22,22,25,18,20,17,16,12,4,4,2,3,3,0,2,0
2021-07-13,4,22,29,15,26,22,23,19,26,13,13,8,4,3,0,0,1,0,0,0
2021-07-14,4,20,18,23,37,22,32,20,24,16,6,9,6,7,0,0,2,1,0,0
2021-07-15,5,19,17,26,42,32,30,23,17,18,14,11,7,2,4,0,0,0,0,0
2021-07-16,2,14,24,23,33,32,21,26,13,15,9,11,9,6,0,0,1,1,1,0
2021-07-17,5,8,5,13,16,19,14,15,14,8,6,7,9,3,3,1,0,0,1,0
2021-07-18,2,8,12,19,20,14,14,9,14,9,7,6,6,2,2,0,1,0,0,0
2021-07-19,11,16,17,25,18,39,27,17,11,14,11,11,8,4,5,4,2,3,1,0
2021-07-20,2,9,14,16,21,18,21,18,11,9,8,7,10,5,4,0,1,0,0,0
2021-07-21,6,10,11,13,12,10,12,18,11,4,7,9,5,6,3,1,1,1,0,0
2021-07-22,8,3,20,16,11,15,22,12,17,10,5,4,8,2,2,1,0,1,1,0
2021-07-23,4,1,11,12,11,10,10,17,14,6,7,8,3,1,0,1,0,1,0,0
2021-07-24,2,7,8,12,8,13,8,3,8,7,3,1,1,2,3,1,0,1,0,0
2021-07-25,1,11,11,10,10,17,9,12,9,6,5,5,3,2,2,0,0,2,0,0
2021-07-26,4,6,6,10,10,14,16,16,6,8,4,4,3,0,3,1,0,1,1,0
2021-07-27,3,5,9,12,9,10,7,14,9,7,3,4,1,1,2,0,1,0,0,0
2021-07-28,7,7,7,14,12,8,7,15,10,6,5,1,4,1,1,0,0,0,0,0
2021-07-29,2,3,2,8,10,5,7,12,7,4,3,5,2,1,1,1,0,0,0,0
2021-07-30,4,3,11,9,13,6,7,3,6,7,3,1,3,3,2,2,3,0,0,0
2021-07-31,0,3,6,5,10,13,8,3,5,3,2,4,4,3,3,2,2,0,0,0
2021-08-01,5,1,4,9,5,9,2,7,1,7,3,2,1,1,0,1,2,0,0,0
2021-08-02,1,4,5,11,9,10,15,11,6,2,10,4,3,2,0,3,1,1,0,0
2021-08-03,5,2,7,12,12,13,14,15,6,8,4,3,8,3,0,1,1,0,1,0
2021-08-04,3,4,4,6,9,8,17,10,4,7,6,3,10,7,1,1,0,2,0,0
2021-08-05,1,3,6,4,11,13,12,7,11,4,2,8,6,5,3,0,1,0,0,0
2021-08-06,2,3,3,14,9,9,8,6,8,5,8,3,5,2,2,1,0,0,0,0
2021-08-07,0,1,2,4,11,11,14,5,12,3,4,7,3,6,3,0,0,1,1,0
2021-08-08,3,4,6,8,4,9,7,4,5,2,4,4,2,1,0,1,1,0,0,0
2021-08-09,1,5,11,10,17,9,11,9,6,9,10,10,3,4,3,3,1,1,0,0
2021-08-10,6,5,4,8,9,8,5,7,3,5,0,7,4,4,1,1,0,0,1,0
2021-08-11,1,5,9,5,15,11,12,7,11,6,4,7,4,3,1,1,0,1,0,0
2021-08-12,2,4,2,7,8,12,11,9,7,7,5,3,2,6,1,3,0,0,2,0
2021-08-13,2,2,5,6,7,11,6,5,6,7,9,4,6,3,2,2,1,0,0,0
2021-08-14,2,2,9,5,4,9,4,5,5,4,3,3,3,2,1,1,0,2,0,0
2021-08-15,1,3,2,7,2,5,7,5,2,5,3,5,6,1,2,1,0,1,0,0
2021-08-16,1,1,6,8,10,13,12,4,6,4,7,8,3,2,4,0,1,1,1,0
2021-08-17,3,7,5,4,5,10,9,7,10,5,6,4,6,3,1,0,0,0,0,1
2021-08-18,1,4,7,10,10,10,8,5,4,5,5,5,7,4,0,2,2,0,0,0
2021-08-19,2,5,6,6,4,9,8,8,7,6,5,5,2,6,3,0,1,0,1,0
2021-08-20,2,5,8,3,5,6,8,9,6,7,3,7,4,3,1,0,0,1,1,0
2021-08-21,3,4,4,9,5,10,7,7,7,7,7,6,5,2,1,0,2,0,0,0
2021-08-22,0,6,11,8,7,6,9,12,9,0,8,2,6,0,3,1,0,0,0,0
2021-08-23,5,5,6,7,9,8,11,8,3,6,7,6,5,2,3,1,0,1,0,0
2021-08-24,4,6,12,8,10,8,9,6,10,5,4,8,6,6,2,1,2,0,1,0
2021-08-25,0,5,11,5,6,12,7,15,5,7,8,4,4,3,4,0,1,1,0,0
2021-08-26,0,2,4,6,7,10,12,9,6,5,2,3,5,8,6,2,1,1,0,0
2021-08-27,3,5,5,4,2,7,4,4,3,3,3,7,0,2,1,2,1,2,1,0
2021-08-28,0,3,5,6,2,3,5,3,6,8,5,3,1,1,0,2,2,0,1,0
2021-08-29,1,3,7,4,5,4,4,1,5,8,3,3,2,3,3,2,2,0,0,0
2021-08-30,0,3,5,14,7,9,7,9,5,6,3,8,5,3,0,0,1,0,0,0
2021-08-31,2,3,7,16,3,6,7,9,8,9,9,4,3,2,2,0,0,0,0,0
2021-09-01,0,5,10,12,3,5,14,6,8,5,7,7,3,1,4,2,1,0,0,0
2021-09-02,6,14,15,12,9,11,14,15,10,8,4,7,5,2,2,0,0,0,0,0
2021-09-03,4,8,13,8,3,5,6,11,5,4,7,1,4,2,1,1,0,0,0,0
2021-09-04,3,6,9,8,7,7,13,8,5,7,5,3,3,3,1,1,0,0,0,0
2021-09-05,2,7,15,7,5,2,7,12,10,3,9,4,3,1,0,0,0,0,1,0
2021-09-06,1,9,22,11,7,9,6,11,6,13,11,8,9,4,2,3,3,1,0,0
2021-09-07,4,10,9,13,3,9,7,13,5,4,11,8,6,3,3,3,2,2,1,0
2021-09-08,2,7,17,9,8,7,4,7,7,5,10,0,13,7,1,2,0,1,1,0
2021-09-09,3,8,6,7,7,3,11,10,2,5,1,2,1,1,2,0,2,1,0,0
2021-09-10,6,3,12,5,8,5,3,1,7,6,8,4,4,3,1,5,2,0,0,0
2021-09-11,0,5,6,2,0,5,5,6,3,5,3,4,5,2,2,0,0,0,0,0
2021-09-12,4,6,6,3,1,5,5,4,8,6,0,0,4,2,2,1,0,0,1,0
2021-09-13,3,7,17,5,4,4,3,11,6,5,3,4,3,4,1,2,0,1,0,0
2021-09-14,3,10,11,5,4,1,5,7,4,5,4,2,3,0,1,5,1,0,0,0
2021-09-15,2,9,8,12,4,1,4,6,3,5,2,3,2,4,3,0,1,0,0,0
2021-09-16,2,9,10,5,7,0,9,4,6,4,5,1,0,6,1,2,1,1,0,0
2021-09-17,5,15,17,7,2,4,6,7,2,4,0,6,3,4,4,1,0,1,0,0
2021-09-18,2,6,12,6,3,2,5,3,4,3,1,3,2,2,2,1,0,1,1,0
2021-09-19,3,11,11,3,5,2,3,6,3,3,4,4,0,3,3,1,1,0,0,0
2021-09-20,2,13,15,12,2,4,10,3,5,6,2,4,1,2,3,0,1,0,0,0
2021-09-21,1,11,15,10,5,2,8,5,7,3,4,2,8,3,3,0,0,1,0,0
2021-09-22,3,5,7,7,4,4,9,3,4,5,2,4,0,3,1,3,0,0,0,0
2021-09-23,3,7,8,8,3,5,5,3,5,5,2,2,3,3,4,3,0,0,1,0
2021-09-24,3,4,10,8,0,4,6,3,6,0,3,4,5,0,4,2,0,0,0,0
2021-09-25,0,5,14,2,2,6,6,8,5,2,3,3,2,5,2,2,1,0,0,0
2021-09-26,1,4,19,4,3,4,5,4,6,1,3,6,1,1,2,0,0,0,0,0
2021-09-27,3,6,14,7,2,4,6,6,4,6,8,6,4,2,5,1,0,0,0,0
2021-09-28,7,7,19,4,4,1,5,11,2,4,8,3,0,2,1,2,0,0,0,0
2021-09-29,4,12,13,9,4,2,8,5,8,5,6,3,3,3,2,1,2,0,0,0
2021-09-30,2,8,11,5,4,2,4,5,1,5,4,3,7,3,1,2,0,1,0,0
2021-10-01,2,5,10,7,2,3,4,9,5,3,7,3,0,3,0,3,2,0,1,0
2021-10-02,1,7,7,3,0,2,3,5,3,3,5,3,4,5,1,1,1,0,0,0
2021-10-03,1,14,20,15,4,1,4,5,9,4,4,5,5,3,2,0,0,0,0,0
2021-10-04,1,10,18,15,4,10,9,4,5,4,7,3,4,2,0,3,2,1,0,0
2021-10-05,8,14,21,10,7,9,6,7,9,8,6,5,7,5,6,1,2,0,0,0
2021-10-06,0,9,24,21,13,6,10,5,12,9,8,6,8,4,2,0,0,0,0,0
2021-10-07,4,4,25,9,5,10,10,10,7,8,8,4,7,1,4,2,2,1,2,0
2021-10-08,2,4,16,6,5,5,7,8,3,4,6,6,3,1,3,2,0,0,0,0
2021-10-09,0,10,19,12,3,5,10,5,14,9,7,10,7,3,4,1,0,1,0,0
2021-10-10,5,14,17,12,6,3,5,8,5,9,6,6,4,5,4,4,1,1,1,0
2021-10-11,4,9,37,28,4,6,14,10,14,10,10,9,5,8,5,2,2,2,0,0
2021-10-12,4,16,35,14,8,11,11,10,12,8,5,15,7,5,3,5,1,1,1,0
2021-10-13,5,11,32,16,5,8,16,13,13,15,9,11,7,3,4,4,3,0,1,0
2021-10-14,5,13,33,17,4,7,7,9,10,9,9,10,8,5,3,3,1,1,0,0
2021-10-15,1,11,30,8,1,8,5,11,8,11,11,8,10,5,2,3,2,1,0,0
2021-10-16,2,12,23,11,6,5,15,11,8,5,10,9,1,1,4,1,0,1,0,0
2021-10-17,3,15,17,12,2,2,11,8,5,6,9,4,5,5,3,1,5,2,1,0
2021-10-18,7,19,39,23,6,4,7,14,15,12,9,15,8,11,5,2,4,0,3,0
2021-10-19,5,16,32,14,3,10,15,10,9,11,13,8,5,4,4,4,1,2,1,0
2021-10-20,3,14,31,20,10,10,5,11,12,7,12,8,9,4,5,5,4,0,0,0
2021-10-21,1,15,21,17,6,8,12,10,14,13,21,5,6,9,7,2,0,3,0,0
2021-10-22,3,13,21,13,4,5,15,7,19,7,5,8,9,1,6,4,2,0,2,0
2021-10-23,2,7,10,6,4,6,6,11,8,8,5,4,6,7,6,1,0,1,1,0
2021-10-24,3,10,15,4,5,4,9,7,8,6,8,10,6,11,3,3,2,1,0,0
2021-10-25,7,6,20,15,8,8,7,11,14,15,9,8,6,6,3,4,2,1,1,0
2021-10-26,4,13,18,11,6,7,5,9,12,6,10,6,6,4,4,0,0,1,0,0
2021-10-27,2,11,26,9,8,6,6,11,22,13,4,5,4,3,2,1,1,0,0,0
2021-10-28,4,14,21,12,8,12,7,23,9,13,16,9,12,3,1,0,0,3,0,0
2021-10-29,4,10,12,5,8,6,6,6,10,9,7,11,9,5,1,0,0,1,0,0
2021-10-30,2,7,14,8,4,2,7,12,16,17,8,4,1,3,4,3,0,0,0,0
2021-10-31,6,10,9,5,4,4,5,13,9,2,10,10,6,7,0,2,0,0,0,0
2021-11-01,5,17,26,8,13,12,10,9,17,10,6,10,9,6,3,0,1,1,0,0
2021-11-02,4,15,18,4,7,9,5,9,8,14,10,8,5,2,3,3,0,0,1,0
2021-11-03,1,7,16,8,9,12,13,8,13,8,11,4,5,2,1,3,1,0,0,0
2021-11-04,3,3,10,12,3,6,8,9,14,12,6,10,4,5,2,3,0,2,1,0
2021-11-05,4,4,7,8,7,3,8,9,7,16,5,9,7,2,2,0,0,0,0,0
2021-11-06,4,7,10,8,4,3,7,5,8,10,9,5,8,5,2,4,1,0,0,0
2021-11-07,5,12,13,6,6,8,9,12,5,6,9,8,3,1,1,1,0,0,0,0
2021-11-08,2,17,13,9,9,6,18,10,8,4,4,8,6,7,3,3,0,0,1,0
2021-11-09,3,22,14,4,10,5,11,14,14,9,14,6,3,7,2,1,0,0,1,0
2021-11-10,4,17,7,11,3,11,7,13,8,6,10,10,5,7,4,0,0,1,0,0
2021-11-11,7,17,20,5,4,6,10,14,11,11,11,11,9,3,2,3,0,2,0,0
2021-11-12,3,14,14,5,4,5,14,7,4,8,12,10,4,5,2,0,0,1,0,0
2021-11-13,5,15,21,6,6,9,16,12,9,3,4,5,5,2,1,0,1,1,0,0
2021-11-14,0,8,17,7,4,6,13,6,12,7,11,3,3,4,2,1,1,0,1,0
2021-11-15,4,16,38,12,5,10,26,10,7,9,8,7,10,2,2,1,2,2,1,0
2021-11-16,5,23,32,5,9,10,18,24,14,7,10,8,8,4,4,2,0,0,0,0
2021-11-17,9,14,19,16,7,7,17,5,6,12,11,7,10,3,2,0,0,0,0,0
2021-11-18,9,13,20,4,7,9,13,17,10,17,6,5,7,0,0,3,0,1,1,0
2021-11-19,7,15,12,9,3,5,8,12,19,10,12,12,6,2,4,0,0,0,0,0
2021-11-20,2,22,18,10,2,8,13,11,13,13,6,5,8,1,1,1,1,0,0,0
2021-11-21,3,16,16,7,5,5,10,10,5,4,5,9,3,2,1,0,0,0,0,0
2021-11-22,8,19,18,7,8,14,12,15,18,17,10,5,2,2,2,3,0,0,0,0
2021-11-23,1,21,21,13,2,4,15,15,10,10,8,8,8,3,0,2,0,0,1,0
2021-11-24,4,22,22,9,7,9,7,9,8,17,9,12,6,1,4,1,1,0,0,0
2021-11-25,1,20,18,10,3,6,11,13,12,7,12,3,4,1,2,1,0,0,0,0
2021-11-26,5,24,12,5,10,12,11,9,13,6,4,11,3,4,0,0,0,0,0,0
2021-11-27,3,10,11,3,5,4,8,4,7,9,7,3,4,0,2,1,1,0,0,0
2021-11-28,4,8,18,5,7,6,7,9,9,9,6,7,3,1,1,0,0,0,0,0
2021-11-29,3,18,16,10,3,9,8,11,16,8,4,6,6,4,2,1,1,0,0,0
2021-11-30,7,21,20,9,4,12,11,7,14,11,12,11,5,2,1,0,0,0,0,0
2021-12-01,2,25,21,13,9,19,21,11,19,7,12,8,13,7,1,1,0,0,0,0
2021-12-02,8,16,18,9,7,10,14,16,14,9,15,7,5,4,1,1,0,0,0,0
2021-12-03,6,17,15,6,8,6,10,14,16,8,10,11,5,4,3,1,0,0,0,0
2021-12-04,4,7,7,11,9,10,12,8,11,9,14,8,5,2,0,1,0,0,0,0
2021-12-05,5,15,11,5,8,9,8,14,9,10,7,2,5,3,0,0,0,0,0,0
2021-12-06,9,12,34,11,6,21,28,26,20,12,6,11,7,1,4,1,1,1,0,0
2021-12-07,5,22,13,10,6,13,14,17,14,9,12,9,5,2,2,2,0,0,1,0
2021-12-08,7,22,15,17,9,17,11,13,12,12,6,9,5,4,4,2,0,0,0,0
2021-12-09,8,8,12,13,12,13,15,18,11,14,8,3,2,2,1,3,0,1,1,0
2021-12-10,7,15,14,15,9,9,16,16,10,16,8,3,3,3,2,2,0,0,0,0
2021-12-11,4,13,13,7,7,9,4,16,10,9,6,8,0,1,2,1,0,0,0,0
2021-12-12,2,19,17,13,6,8,11,17,23,8,5,8,3,1,3,0,2,0,1,0
2021-12-13,4,15,25,14,10,10,19,24,24,12,13,5,10,2,0,0,0,1,0,0
2021-12-14,9,20,23,20,16,26,22,22,18,16,8,7,5,0,2,2,0,1,2,0
2021-12-15,3,18,20,23,16,32,31,27,28,25,19,16,6,1,2,0,1,0,0,0
2021-12-16,4,11,17,19,22,22,29,30,27,19,17,10,4,5,4,4,1,2,0,0
2021-12-17,4,14,10,13,19,23,19,20,14,14,15,17,5,3,5,3,1,0,0,0
