msoa,ltla,ppln_msoa,patients_from_msoa_to_trust,total_patients_of_msoa,tfp_msoa,etc_msoa,sex,ag,ag_ppln_msoa,agf_ppln_msoa,ag_trust_factor
E02003595,E06000046,8038,1007,1485,0.6781144781144781,5450.684175084175,female,0-4,115,0.01430704155262503,0.009701812015820476
E02003595,E06000046,8038,1007,1485,0.6781144781144781,5450.684175084175,male,0-4,150,0.018661358546902214,0.01265453741193975
E02003591,E06000046,9304,1125,1583,0.7106759317751106,6612.128869235628,female,0-4,271,0.02912725709372313,0.020700040575134884
E02003591,E06000046,9304,1125,1583,0.7106759317751106,6612.128869235628,male,0-4,259,0.02783748925193465,0.019783433612398284
E02003586,E06000046,7708,893,1296,0.6890432098765432,5311.145061728395,female,0-4,216,0.02802283341982356,0.019308943089430892
E02003586,E06000046,7708,893,1296,0.6890432098765432,5311.145061728395,male,0-4,232,0.03009859885832901,0.020739235170129478
E02003598,E06000046,7601,982,1443,0.6805266805266805,5172.683298683299,female,0-4,134,0.01762925930798579,0.011997181317007655
E02003598,E06000046,7601,982,1443,0.6805266805266805,5172.683298683299,male,0-4,171,0.0224970398631759,0.0153098358597635
E02003597,E06000046,5579,631,950,0.6642105263157895,3705.6305263157897,female,0-4,87,0.015594192507617852,0.010357826812954595
E02003597,E06000046,5579,631,950,0.6642105263157895,3705.6305263157897,male,0-4,114,0.020433769492740634,0.013572324789388778
E02003584,E06000046,6261,693,1016,0.6820866141732284,4270.544291338582,female,0-4,121,0.019325986264175053,0.013181996536489481
E02003584,E06000046,6261,693,1016,0.6820866141732284,4270.544291338582,male,0-4,149,0.023798115317042005,0.016232375900305226
E02003581,E06000046,7890,893,1324,0.6744712990936556,5321.578549848942,female,0-4,259,0.032826362484157164,0.02214043934920872
E02003581,E06000046,7890,893,1324,0.6744712990936556,5321.578549848942,male,0-4,273,0.03460076045627376,0.02333721985457135
E02003592,E06000046,9481,1314,1895,0.6934036939313984,6574.160422163589,female,0-4,159,0.016770382871005168,0.011628645431398835
E02003592,E06000046,9481,1314,1895,0.6934036939313984,6574.160422163589,male,0-4,161,0.01698133108321907,0.01177491770097618
E02003594,E06000046,9229,1103,1607,0.686372121966397,6334.528313627878,female,0-4,217,0.023512839960992522,0.016138557857482732
E02003594,E06000046,9229,1103,1607,0.686372121966397,6334.528313627878,male,0-4,248,0.02687181709827717,0.01844406612283741
E02003585,E06000046,6726,829,1218,0.680623973727422,4577.87684729064,female,0-4,122,0.018138566755872734,0.012345543383102214
E02003585,E06000046,6726,829,1218,0.680623973727422,4577.87684729064,male,0-4,127,0.01888195063931014,0.012851508275852304
E02003596,E06000046,8831,1127,1645,0.6851063829787234,6050.174468085106,female,0-4,183,0.020722454988110067,0.014197086183343493
E02003596,E06000046,8831,1127,1645,0.6851063829787234,6050.174468085106,male,0-4,220,0.02491224096931265,0.017067535302380154
E02003587,E06000046,8516,1019,1444,0.7056786703601108,6009.559556786703,female,0-4,257,0.03017848755284171,0.02129631496976849
E02003587,E06000046,8516,1019,1444,0.7056786703601108,6009.559556786703,male,0-4,318,0.03734147487083138,0.02635108233613378
E02003593,E06000046,5312,631,934,0.6755888650963597,3588.728051391863,female,0-4,69,0.012989457831325301,0.008775533074482082
E02003593,E06000046,5312,631,934,0.6755888650963597,3588.728051391863,male,0-4,84,0.01581325301204819,0.01068325765589123
E02003590,E06000046,7465,911,1354,0.672821270310192,5022.610782865583,female,0-4,111,0.014869390488948427,0.010004442197512568
E02003590,E06000046,7465,911,1354,0.672821270310192,5022.610782865583,male,0-4,85,0.011386470194239785,0.007661059340437551
E02003588,E06000046,7658,1082,1526,0.709043250327654,5429.853211009175,female,0-4,199,0.025985897101070774,0.018425124943223185
E02003588,E06000046,7658,1082,1526,0.709043250327654,5429.853211009175,male,0-4,192,0.02507182031862105,0.01777700497034599
E02003589,E06000046,8488,996,1401,0.7109207708779444,6034.295503211992,female,0-4,237,0.02792177191328935,0.0198501676128738
E02003589,E06000046,8488,996,1401,0.7109207708779444,6034.295503211992,male,0-4,260,0.030631479736098022,0.021776555187118938
E02003582,E06000046,8218,980,1434,0.6834030683403068,5616.206415620642,female,0-4,204,0.02482355804331954,0.01696449573392828
E02003582,E06000046,8218,980,1434,0.6834030683403068,5616.206415620642,male,0-4,184,0.022389875882209784,0.0153013098776608
E02003583,E06000046,6521,833,1202,0.6930116472545758,4519.128951747089,female,0-4,166,0.025456218371415425,0.017641455826446797
E02003583,E06000046,6521,833,1202,0.6930116472545758,4519.128951747089,male,0-4,199,0.03051679190308235,0.021148492225680198
E02003595,E06000046,8038,1007,1485,0.6781144781144781,5450.684175084175,female,5-9,172,0.02139835780044787,0.01451053623235758
E02003595,E06000046,8038,1007,1485,0.6781144781144781,5450.684175084175,male,5-9,138,0.017168449863150036,0.011642174418984571
E02003591,E06000046,9304,1125,1583,0.7106759317751106,6612.128869235628,female,5-9,249,0.02676268271711092,0.01901959447678445
E02003591,E06000046,9304,1125,1583,0.7106759317751106,6612.128869235628,male,5-9,320,0.034393809114359415,0.02444285233964267
E02003586,E06000046,7708,893,1296,0.6890432098765432,5311.145061728395,female,5-9,191,0.024779449922158796,0.017074111713339356
E02003586,E06000046,7708,893,1296,0.6890432098765432,5311.145061728395,male,5-9,220,0.028541774779449924,0.019666516109605542
E02003598,E06000046,7601,982,1443,0.6805266805266805,5172.683298683299,female,5-9,137,0.01802394421786607,0.012265774928582452
E02003598,E06000046,7601,982,1443,0.6805266805266805,5172.683298683299,male,5-9,157,0.020655176950401262,0.014056399005747774
E02003597,E06000046,5579,631,950,0.6642105263157895,3705.6305263157897,female,5-9,142,0.025452590069905003,0.016905878246431638
E02003597,E06000046,5579,631,950,0.6642105263157895,3705.6305263157897,male,5-9,134,0.024018641333572326,0.01595343440156225
E02003584,E06000046,6261,693,1016,0.6820866141732284,4270.544291338582,female,5-9,115,0.01836767289570356,0.012528343815671819
E02003584,E06000046,6261,693,1016,0.6820866141732284,4270.544291338582,male,5-9,147,0.02347867752755151,0.016014491660032673
E02003581,E06000046,7890,893,1324,0.6744712990936556,5321.578549848942,female,5-9,189,0.023954372623574145,0.01615653682239555
E02003581,E06000046,7890,893,1324,0.6744712990936556,5321.578549848942,male,5-9,206,0.02610899873257288,0.017609770293193036
E02003592,E06000046,9481,1314,1895,0.6934036939313984,6574.160422163589,female,5-9,170,0.017930598038181627,0.012433142914074225
E02003592,E06000046,9481,1314,1895,0.6934036939313984,6574.160422163589,male,5-9,202,0.02130576943360405,0.014773499227311727
E02003594,E06000046,9229,1103,1607,0.686372121966397,6334.528313627878,female,5-9,215,0.023296131758587062,0.015989815388750172
E02003594,E06000046,9229,1103,1607,0.686372121966397,6334.528313627878,male,5-9,249,0.0269801711994799,0.01851843735720369
E02003585,E06000046,6726,829,1218,0.680623973727422,4577.87684729064,female,5-9,179,0.026613143027059173,0.018113543160453247
E02003585,E06000046,6726,829,1218,0.680623973727422,4577.87684729064,male,5-9,141,0.02096342551293488,0.014268209975552558
E02003596,E06000046,8831,1127,1645,0.6851063829787234,6050.174468085106,female,5-9,177,0.02004303023440154,0.013731607947824033
E02003596,E06000046,8831,1127,1645,0.6851063829787234,6050.174468085106,male,5-9,205,0.023213679085041333,0.01590383971358151
E02003587,E06000046,8516,1019,1444,0.7056786703601108,6009.559556786703,female,5-9,286,0.03358384217942696,0.023699401094761825
E02003587,E06000046,8516,1019,1444,0.7056786703601108,6009.559556786703,male,5-9,268,0.03147017379051198,0.022207830396490102
E02003593,E06000046,5312,631,934,0.6755888650963597,3588.728051391863,female,5-9,104,0.01957831325301205,0.013226890431103429
E02003593,E06000046,5312,631,934,0.6755888650963597,3588.728051391863,male,5-9,121,0.022778614457831324,0.015388978290033797
E02003590,E06000046,7465,911,1354,0.672821270310192,5022.610782865583,female,5-9,136,0.018218352310783656,0.012257694944700082
E02003590,E06000046,7465,911,1354,0.672821270310192,5022.610782865583,male,5-9,142,0.019022103148024112,0.012798475604025085
E02003588,E06000046,7658,1082,1526,0.709043250327654,5429.853211009175,female,5-9,181,0.023635413946200053,0.016758530727253248
E02003588,E06000046,7658,1082,1526,0.709043250327654,5429.853211009175,male,5-9,206,0.0268999738835205,0.019073244916100383
E02003589,E06000046,8488,996,1401,0.7109207708779444,6034.295503211992,female,5-9,201,0.023680490103675778,0.016834952279272716
E02003589,E06000046,8488,996,1401,0.7109207708779444,6034.295503211992,male,5-9,192,0.022620169651272386,0.016081148445872447
E02003582,E06000046,8218,980,1434,0.6834030683403068,5616.206415620642,female,5-9,215,0.02616208323192991,0.01787924795487539
E02003582,E06000046,8218,980,1434,0.6834030683403068,5616.206415620642,male,5-9,266,0.03236797274275979,0.02212037188835746
E02003583,E06000046,6521,833,1202,0.6930116472545758,4519.128951747089,female,5-9,161,0.02468946480601135,0.0171100866750478
E02003583,E06000046,6521,833,1202,0.6930116472545758,4519.128951747089,male,5-9,195,0.029903389050759087,0.020723396904561
E02003595,E06000046,8038,1007,1485,0.6781144781144781,5450.684175084175,female,10-14,171,0.021273948743468524,0.014426172649611315
E02003595,E06000046,8038,1007,1485,0.6781144781144781,5450.684175084175,male,10-14,217,0.026996765364518536,0.018306897455939504
E02003591,E06000046,9304,1125,1583,0.7106759317751106,6612.128869235628,female,10-14,268,0.02880481513327601,0.020470888834450734
E02003591,E06000046,9304,1125,1583,0.7106759317751106,6612.128869235628,male,10-14,281,0.03020206362854686,0.02146387971074872
E02003586,E06000046,7708,893,1296,0.6890432098765432,5311.145061728395,female,10-14,223,0.028930980799169694,0.019934695874736525
E02003586,E06000046,7708,893,1296,0.6890432098765432,5311.145061728395,male,10-14,246,0.031914893617021274,0.021990740740740738
E02003598,E06000046,7601,982,1443,0.6805266805266805,5172.683298683299,female,10-14,188,0.02473358768583081,0.016831866325354022
E02003598,E06000046,7601,982,1443,0.6805266805266805,5172.683298683299,male,10-14,200,0.026312327325351926,0.017906240771653217
E02003597,E06000046,5579,631,950,0.6642105263157895,3705.6305263157897,female,10-14,150,0.026886538806237675,0.017858322091301025
E02003597,E06000046,5579,631,950,0.6642105263157895,3705.6305263157897,male,10-14,144,0.02581107725398817,0.017143989207648983
E02003584,E06000046,6261,693,1016,0.6820866141732284,4270.544291338582,female,10-14,157,0.025075866475003993,0.01710391286139544
E02003584,E06000046,6261,693,1016,0.6820866141732284,4270.544291338582,male,10-14,164,0.02619389873822073,0.017866507702349377
E02003581,E06000046,7890,893,1324,0.6744712990936556,5321.578549848942,female,10-14,222,0.028136882129277566,0.018977519442178903
E02003581,E06000046,7890,893,1324,0.6744712990936556,5321.578549848942,male,10-14,203,0.025728770595690748,0.017353317327758185
E02003592,E06000046,9481,1314,1895,0.6934036939313984,6574.160422163589,female,10-14,221,0.023309777449636113,0.016163085788296495
E02003592,E06000046,9481,1314,1895,0.6934036939313984,6574.160422163589,male,10-14,255,0.02689589705727244,0.018649714371111337
E02003594,E06000046,9229,1103,1607,0.686372121966397,6334.528313627878,female,10-14,262,0.028388774515115397,0.019485263403965326
E02003594,E06000046,9229,1103,1607,0.686372121966397,6334.528313627878,male,10-14,273,0.02958066962834543,0.020303346981994406
E02003585,E06000046,6726,829,1218,0.680623973727422,4577.87684729064,female,10-14,166,0.024680344930121913,0.01679803443930301
E02003585,E06000046,6726,829,1218,0.680623973727422,4577.87684729064,male,10-14,138,0.020517395182872437,0.013964631039902505
E02003596,E06000046,8831,1127,1645,0.6851063829787234,6050.174468085106,female,10-14,218,0.024685766051409805,0.016912375890540333
E02003596,E06000046,8831,1127,1645,0.6851063829787234,6050.174468085106,male,10-14,214,0.024232816215604122,0.016602057066860697
E02003587,E06000046,8516,1019,1444,0.7056786703601108,6009.559556786703,female,10-14,257,0.03017848755284171,0.02129631496976849
E02003587,E06000046,8516,1019,1444,0.7056786703601108,6009.559556786703,male,10-14,291,0.0341709722874589,0.024113726288726187
E02003593,E06000046,5312,631,934,0.6755888650963597,3588.728051391863,female,10-14,114,0.021460843373493976,0.014498706818709527
E02003593,E06000046,5312,631,934,0.6755888650963597,3588.728051391863,male,10-14,147,0.027673192771084338,0.018695700897809656
E02003590,E06000046,7465,911,1354,0.672821270310192,5022.610782865583,female,10-14,189,0.025318151373074346,0.017034590768737614
E02003590,E06000046,7465,911,1354,0.672821270310192,5022.610782865583,male,10-14,178,0.023844608171466844,0.016043159559975106
E02003588,E06000046,7658,1082,1526,0.709043250327654,5429.853211009175,female,10-14,203,0.026508226691042046,0.018795479213438725
E02003588,E06000046,7658,1082,1526,0.709043250327654,5429.853211009175,male,10-14,193,0.02520240271611387,0.017869593537899874
E02003589,E06000046,8488,996,1401,0.7109207708779444,6034.295503211992,female,10-14,221,0.026036757775683317,0.018510071909051094
E02003589,E06000046,8488,996,1401,0.7109207708779444,6034.295503211992,male,10-14,253,0.029806786050895383,0.021190263316696507
E02003582,E06000046,8218,980,1434,0.6834030683403068,5616.206415620642,female,10-14,235,0.02859576539303967,0.01954243381114287
E02003582,E06000046,8218,980,1434,0.6834030683403068,5616.206415620642,male,10-14,279,0.03394986614748114,0.023201442694931323
E02003583,E06000046,6521,833,1202,0.6930116472545758,4519.128951747089,female,10-14,169,0.025916270510657875,0.0179602773172862
E02003583,E06000046,6521,833,1202,0.6930116472545758,4519.128951747089,male,10-14,169,0.025916270510657875,0.0179602773172862
E02003595,E06000046,8038,1007,1485,0.6781144781144781,5450.684175084175,female,15-19,237,0.0294849465041055,0.019994169110864806
E02003595,E06000046,8038,1007,1485,0.6781144781144781,5450.684175084175,male,15-19,256,0.031848718586713114,0.021597077183043843
E02003591,E06000046,9304,1125,1583,0.7106759317751106,6612.128869235628,female,15-19,310,0.033319002579535684,0.023679013204028834
E02003591,E06000046,9304,1125,1583,0.7106759317751106,6612.128869235628,male,15-19,331,0.03557609630266552,0.025283075388817883
E02003586,E06000046,7708,893,1296,0.6890432098765432,5311.145061728395,female,15-19,227,0.029449922158796056,0.02029226889491117
E02003586,E06000046,7708,893,1296,0.6890432098765432,5311.145061728395,male,15-19,256,0.03321224701608718,0.022884673291177354
E02003598,E06000046,7601,982,1443,0.6805266805266805,5172.683298683299,female,15-19,198,0.02604920405209841,0.017727178363936686
E02003598,E06000046,7601,982,1443,0.6805266805266805,5172.683298683299,male,15-19,220,0.02894356005788712,0.019696864848818538
E02003597,E06000046,5579,631,950,0.6642105263157895,3705.6305263157897,female,15-19,150,0.026886538806237675,0.017858322091301025
E02003597,E06000046,5579,631,950,0.6642105263157895,3705.6305263157897,male,15-19,197,0.03531098763219215,0.02345392967990868
E02003584,E06000046,6261,693,1016,0.6820866141732284,4270.544291338582,female,15-19,198,0.03162434115955918,0.021570539786982788
E02003584,E06000046,6261,693,1016,0.6820866141732284,4270.544291338582,male,15-19,206,0.03290209231752116,0.022442076748072998
E02003581,E06000046,7890,893,1324,0.6744712990936556,5321.578549848942,female,15-19,209,0.026489226869455006,0.017866223258627884
E02003581,E06000046,7890,893,1324,0.6744712990936556,5321.578549848942,male,15-19,224,0.028390367553865654,0.019148488085802134
E02003592,E06000046,9481,1314,1895,0.6934036939313984,6574.160422163589,female,15-19,224,0.023626199767956966,0.01638249419266251
E02003592,E06000046,9481,1314,1895,0.6934036939313984,6574.160422163589,male,15-19,259,0.027317793481700242,0.018942258910266026
E02003594,E06000046,9229,1103,1607,0.686372121966397,6334.528313627878,female,15-19,302,0.03272293856322462,0.022460112778616523
E02003594,E06000046,9229,1103,1607,0.686372121966397,6334.528313627878,male,15-19,339,0.036732040307725644,0.025211848450168876
E02003585,E06000046,6726,829,1218,0.680623973727422,4577.87684729064,female,15-19,164,0.024382991376746953,0.016595648482202977
E02003585,E06000046,6726,829,1218,0.680623973727422,4577.87684729064,male,15-19,181,0.026910496580434137,0.018315929117553285
E02003596,E06000046,8831,1127,1645,0.6851063829787234,6050.174468085106,female,15-19,249,0.02819612727890386,0.019317346774057536
E02003596,E06000046,8831,1127,1645,0.6851063829787234,6050.174468085106,male,15-19,312,0.03533008719284339,0.024204868247011853
E02003587,E06000046,8516,1019,1444,0.7056786703601108,6009.559556786703,female,15-19,307,0.036049788633161106,0.025439566909412164
E02003587,E06000046,8516,1019,1444,0.7056786703601108,6009.559556786703,male,15-19,316,0.0371066228276186,0.026185352258548025
E02003593,E06000046,5312,631,934,0.6755888650963597,3588.728051391863,female,15-19,122,0.02296686746987952,0.015516159928794408
E02003593,E06000046,5312,631,934,0.6755888650963597,3588.728051391863,male,15-19,125,0.023531626506024098,0.015897704845076237
E02003590,E06000046,7465,911,1354,0.672821270310192,5022.610782865583,female,15-19,159,0.02129939718687207,0.014330687472112597
E02003590,E06000046,7465,911,1354,0.672821270310192,5022.610782865583,male,15-19,196,0.026255860683188213,0.01766550153795012
E02003588,E06000046,7658,1082,1526,0.709043250327654,5429.853211009175,female,15-19,215,0.028075215460955864,0.01990654202408535
E02003588,E06000046,7658,1082,1526,0.709043250327654,5429.853211009175,male,15-19,228,0.029772786628362496,0.02111019340228586
E02003589,E06000046,8488,996,1401,0.7109207708779444,6034.295503211992,female,15-19,243,0.028628652214891612,0.020352703501807314
E02003589,E06000046,8488,996,1401,0.7109207708779444,6034.295503211992,male,15-19,274,0.0322808671065033,0.0229491389279638
E02003582,E06000046,8218,980,1434,0.6834030683403068,5616.206415620642,female,15-19,210,0.02555366269165247,0.01746345149080852
E02003582,E06000046,8218,980,1434,0.6834030683403068,5616.206415620642,male,15-19,271,0.03297639328303723,0.022536168352424328
E02003583,E06000046,6521,833,1202,0.6930116472545758,4519.128951747089,female,15-19,172,0.02637632264990032,0.018279098808125598
E02003583,E06000046,6521,833,1202,0.6930116472545758,4519.128951747089,male,15-19,198,0.030363441190001533,0.021042218395400398
E02003595,E06000046,8038,1007,1485,0.6781144781144781,5450.684175084175,female,20-24,149,0.018536949489922867,0.012570173829193485
E02003595,E06000046,8038,1007,1485,0.6781144781144781,5450.684175084175,male,20-24,184,0.02289126648420005,0.01552289922531276
E02003591,E06000046,9304,1125,1583,0.7106759317751106,6612.128869235628,female,20-24,254,0.027300085984522784,0.019401514044591367
E02003591,E06000046,9304,1125,1583,0.7106759317751106,6612.128869235628,male,20-24,250,0.026870163370593295,0.019095978390345835
E02003586,E06000046,7708,893,1296,0.6890432098765432,5311.145061728395,female,20-24,169,0.021925272444213804,0.015107460102378801
E02003586,E06000046,7708,893,1296,0.6890432098765432,5311.145061728395,male,20-24,191,0.024779449922158796,0.017074111713339356
E02003598,E06000046,7601,982,1443,0.6805266805266805,5172.683298683299,female,20-24,164,0.021576108406788582,0.01468311743275564
E02003598,E06000046,7601,982,1443,0.6805266805266805,5172.683298683299,male,20-24,170,0.022365478226549138,0.015220304655905235
E02003597,E06000046,5579,631,950,0.6642105263157895,3705.6305263157897,female,20-24,75,0.013443269403118838,0.008929161045650513
E02003597,E06000046,5579,631,950,0.6642105263157895,3705.6305263157897,male,20-24,117,0.02097150026886539,0.013929491231214801
E02003584,E06000046,6261,693,1016,0.6820866141732284,4270.544291338582,female,20-24,224,0.03577703242293563,0.024403034910525978
E02003584,E06000046,6261,693,1016,0.6820866141732284,4270.544291338582,male,20-24,216,0.03449928126497365,0.023531497949435765
E02003581,E06000046,7890,893,1324,0.6744712990936556,5321.578549848942,female,20-24,210,0.026615969581749048,0.0179517075804395
E02003581,E06000046,7890,893,1324,0.6744712990936556,5321.578549848942,male,20-24,229,0.02902408111533587,0.01957590969486022
E02003592,E06000046,9481,1314,1895,0.6934036939313984,6574.160422163589,female,20-24,193,0.020356502478641493,0.01411527401421368
E02003592,E06000046,9481,1314,1895,0.6934036939313984,6574.160422163589,male,20-24,162,0.01708680518932602,0.01184805383576485
E02003594,E06000046,9229,1103,1607,0.686372121966397,6334.528313627878,female,20-24,225,0.02437967277061437,0.016733527732412972
E02003594,E06000046,9229,1103,1607,0.686372121966397,6334.528313627878,male,20-24,224,0.024271318669411637,0.016659156498046692
E02003585,E06000046,6726,829,1218,0.680623973727422,4577.87684729064,female,20-24,125,0.018584597085935177,0.012649122318752268
E02003585,E06000046,6726,829,1218,0.680623973727422,4577.87684729064,male,20-24,167,0.024829021706809395,0.01689922741785303
E02003596,E06000046,8831,1127,1645,0.6851063829787234,6050.174468085106,female,20-24,244,0.027629939984146756,0.01892944824445799
E02003596,E06000046,8831,1127,1645,0.6851063829787234,6050.174468085106,male,20-24,244,0.027629939984146756,0.01892944824445799
E02003587,E06000046,8516,1019,1444,0.7056786703601108,6009.559556786703,female,20-24,246,0.02888680131517144,0.02038479954304688
E02003587,E06000046,8516,1019,1444,0.7056786703601108,6009.559556786703,male,20-24,237,0.02782996712071395,0.019639014193911022
E02003593,E06000046,5312,631,934,0.6755888650963597,3588.728051391863,female,20-24,92,0.017319277108433735,0.01170071076597611
E02003593,E06000046,5312,631,934,0.6755888650963597,3588.728051391863,male,20-24,115,0.021649096385542167,0.014625888457470137
E02003590,E06000046,7465,911,1354,0.672821270310192,5022.610782865583,female,20-24,107,0.01433355659745479,0.009643921757962566
E02003590,E06000046,7465,911,1354,0.672821270310192,5022.610782865583,male,20-24,127,0.017012726054922975,0.011446523955712577
E02003588,E06000046,7658,1082,1526,0.709043250327654,5429.853211009175,female,20-24,199,0.025985897101070774,0.018425124943223185
E02003588,E06000046,7658,1082,1526,0.709043250327654,5429.853211009175,male,20-24,221,0.02885870984591277,0.020462073429408662
E02003589,E06000046,8488,996,1401,0.7109207708779444,6034.295503211992,female,20-24,264,0.03110273327049953,0.02211157911307461
E02003589,E06000046,8488,996,1401,0.7109207708779444,6034.295503211992,male,20-24,393,0.04630065975494816,0.03291610072514516
E02003582,E06000046,8218,980,1434,0.6834030683403068,5616.206415620642,female,20-24,134,0.016305670479435385,0.011143345236992104
E02003582,E06000046,8218,980,1434,0.6834030683403068,5616.206415620642,male,20-24,168,0.020442930153321975,0.013970761192646817
E02003583,E06000046,6521,833,1202,0.6930116472545758,4519.128951747089,female,20-24,148,0.022695905535960743,0.0157285268814104
E02003583,E06000046,6521,833,1202,0.6930116472545758,4519.128951747089,male,20-24,154,0.023616009814445636,0.016366169863089197
E02003595,E06000046,8038,1007,1485,0.6781144781144781,5450.684175084175,female,25-29,122,0.015177904951480468,0.01029235709504433
E02003595,E06000046,8038,1007,1485,0.6781144781144781,5450.684175084175,male,25-29,155,0.019283403831798954,0.013076355325671075
E02003591,E06000046,9304,1125,1583,0.7106759317751106,6612.128869235628,female,25-29,283,0.030417024935511607,0.021616647537871483
E02003591,E06000046,9304,1125,1583,0.7106759317751106,6612.128869235628,male,25-29,227,0.02439810834049871,0.01733914837843402
E02003586,E06000046,7708,893,1296,0.6890432098765432,5311.145061728395,female,25-29,180,0.0233523611831863,0.01609078590785908
E02003586,E06000046,7708,893,1296,0.6890432098765432,5311.145061728395,male,25-29,156,0.020238713025428127,0.013945347786811202
E02003598,E06000046,7601,982,1443,0.6805266805266805,5172.683298683299,female,25-29,128,0.016839889488225235,0.01145999409385806
E02003598,E06000046,7601,982,1443,0.6805266805266805,5172.683298683299,male,25-29,132,0.017366136034732273,0.011818118909291124
E02003597,E06000046,5579,631,950,0.6642105263157895,3705.6305263157897,female,25-29,88,0.01577343609965944,0.010476882293563269
E02003597,E06000046,5579,631,950,0.6642105263157895,3705.6305263157897,male,25-29,91,0.01631116687578419,0.010834048735389288
E02003584,E06000046,6261,693,1016,0.6820866141732284,4270.544291338582,female,25-29,220,0.03513815684395464,0.02396726642998087
E02003584,E06000046,6261,693,1016,0.6820866141732284,4270.544291338582,male,25-29,241,0.03849225363360485,0.026255050952842682
E02003581,E06000046,7890,893,1324,0.6744712990936556,5321.578549848942,female,25-29,295,0.037389100126742715,0.02521787493442692
E02003581,E06000046,7890,893,1324,0.6744712990936556,5321.578549848942,male,25-29,273,0.03460076045627376,0.02333721985457135
E02003592,E06000046,9481,1314,1895,0.6934036939313984,6574.160422163589,female,25-29,144,0.015188271279400907,0.010531603409568756
E02003592,E06000046,9481,1314,1895,0.6934036939313984,6574.160422163589,male,25-29,154,0.016243012340470413,0.011262964757455474
E02003594,E06000046,9229,1103,1607,0.686372121966397,6334.528313627878,female,25-29,207,0.02242929894896522,0.015394845513819935
E02003594,E06000046,9229,1103,1607,0.686372121966397,6334.528313627878,male,25-29,240,0.026004984288655327,0.017849096247907172
E02003585,E06000046,6726,829,1218,0.680623973727422,4577.87684729064,female,25-29,112,0.016651798988997917,0.011333613597602031
E02003585,E06000046,6726,829,1218,0.680623973727422,4577.87684729064,male,25-29,119,0.017692536425810288,0.01204196444745216
E02003596,E06000046,8831,1127,1645,0.6851063829787234,6050.174468085106,female,25-29,203,0.022987204167138488,0.015748680301741688
E02003596,E06000046,8831,1127,1645,0.6851063829787234,6050.174468085106,male,25-29,231,0.02615785301777828,0.017920912067499163
E02003587,E06000046,8516,1019,1444,0.7056786703601108,6009.559556786703,female,25-29,257,0.03017848755284171,0.02129631496976849
E02003587,E06000046,8516,1019,1444,0.7056786703601108,6009.559556786703,male,25-29,255,0.029943635509628933,0.021130584892182742
E02003593,E06000046,5312,631,934,0.6755888650963597,3588.728051391863,female,25-29,76,0.01430722891566265,0.009665804545806352
E02003593,E06000046,5312,631,934,0.6755888650963597,3588.728051391863,male,25-29,92,0.017319277108433735,0.01170071076597611
E02003590,E06000046,7465,911,1354,0.672821270310192,5022.610782865583,female,25-29,92,0.01232417950435365,0.008291970109650056
E02003590,E06000046,7465,911,1354,0.672821270310192,5022.610782865583,male,25-29,121,0.01620897521768252,0.010905743296387573
E02003588,E06000046,7658,1082,1526,0.709043250327654,5429.853211009175,female,25-29,216,0.02820579785844868,0.019999130591639238
E02003588,E06000046,7658,1082,1526,0.709043250327654,5429.853211009175,male,25-29,269,0.035126664925568034,0.02490632467199516
E02003589,E06000046,8488,996,1401,0.7109207708779444,6034.295503211992,female,25-29,315,0.037111215834118756,0.026383134169009483
E02003589,E06000046,8488,996,1401,0.7109207708779444,6034.295503211992,male,25-29,490,0.05772855796418473,0.041040430929570305
E02003582,E06000046,8218,980,1434,0.6834030683403068,5616.206415620642,female,25-29,134,0.016305670479435385,0.011143345236992104
E02003582,E06000046,8218,980,1434,0.6834030683403068,5616.206415620642,male,25-29,141,0.0171574592358238,0.011725460286685722
E02003583,E06000046,6521,833,1202,0.6930116472545758,4519.128951747089,female,25-29,177,0.0271430762153044,0.0188104679595246
E02003583,E06000046,6521,833,1202,0.6930116472545758,4519.128951747089,male,25-29,168,0.02576291979757706,0.017854003487006397
E02003595,E06000046,8038,1007,1485,0.6781144781144781,5450.684175084175,female,30-34,131,0.016297586464294602,0.011051629339760716
E02003595,E06000046,8038,1007,1485,0.6781144781144781,5450.684175084175,male,30-34,136,0.016919631749191342,0.011473447253492041
E02003591,E06000046,9304,1125,1583,0.7106759317751106,6612.128869235628,female,30-34,260,0.027944969905417026,0.01985981752595967
E02003591,E06000046,9304,1125,1583,0.7106759317751106,6612.128869235628,male,30-34,228,0.024505588993981083,0.0174155322919954
E02003586,E06000046,7708,893,1296,0.6890432098765432,5311.145061728395,female,30-34,176,0.022833419823559936,0.015733212887684433
E02003586,E06000046,7708,893,1296,0.6890432098765432,5311.145061728395,male,30-34,159,0.020627919045147897,0.014213527551942185
E02003598,E06000046,7601,982,1443,0.6805266805266805,5172.683298683299,female,30-34,173,0.022760163136429416,0.015488898267480032
E02003598,E06000046,7601,982,1443,0.6805266805266805,5172.683298683299,male,30-34,145,0.019076437310880146,0.012982024559448581
E02003597,E06000046,5579,631,950,0.6642105263157895,3705.6305263157897,female,30-34,94,0.016848897651908945,0.01119121517721531
E02003597,E06000046,5579,631,950,0.6642105263157895,3705.6305263157897,male,30-34,108,0.019358307940491128,0.012857991905736738
E02003584,E06000046,6261,693,1016,0.6820866141732284,4270.544291338582,female,30-34,171,0.02731193100143747,0.018629102543303314
E02003584,E06000046,6261,693,1016,0.6820866141732284,4270.544291338582,male,30-34,198,0.03162434115955918,0.021570539786982788
E02003581,E06000046,7890,893,1324,0.6744712990936556,5321.578549848942,female,30-34,241,0.030544993662864384,0.020601721556599617
E02003581,E06000046,7890,893,1324,0.6744712990936556,5321.578549848942,male,30-34,290,0.036755386565272496,0.024790453325368837
E02003592,E06000046,9481,1314,1895,0.6934036939313984,6574.160422163589,female,30-34,154,0.016243012340470413,0.011262964757455474
E02003592,E06000046,9481,1314,1895,0.6934036939313984,6574.160422163589,male,30-34,115,0.012129522202299335,0.00841065550069727
E02003594,E06000046,9229,1103,1607,0.686372121966397,6334.528313627878,female,30-34,230,0.02492144327662802,0.017105383904244372
E02003594,E06000046,9229,1103,1607,0.686372121966397,6334.528313627878,male,30-34,213,0.023079423556181602,0.015841072920017615
E02003585,E06000046,6726,829,1218,0.680623973727422,4577.87684729064,female,30-34,133,0.01977401129943503,0.013458666147152413
E02003585,E06000046,6726,829,1218,0.680623973727422,4577.87684729064,male,30-34,122,0.018138566755872734,0.012345543383102214
E02003596,E06000046,8831,1127,1645,0.6851063829787234,6050.174468085106,female,30-34,152,0.017212093760616012,0.01179211529982629
E02003596,E06000046,8831,1127,1645,0.6851063829787234,6050.174468085106,male,30-34,212,0.02400634129770128,0.016446897655020876
E02003587,E06000046,8516,1019,1444,0.7056786703601108,6009.559556786703,female,30-34,243,0.02853452325035228,0.020136204426668265
E02003587,E06000046,8516,1019,1444,0.7056786703601108,6009.559556786703,male,30-34,230,0.027007984969469233,0.019058958922360904
E02003593,E06000046,5312,631,934,0.6755888650963597,3588.728051391863,female,30-34,92,0.017319277108433735,0.01170071076597611
E02003593,E06000046,5312,631,934,0.6755888650963597,3588.728051391863,male,30-34,88,0.016566265060240965,0.011191984210933672
E02003590,E06000046,7465,911,1354,0.672821270310192,5022.610782865583,female,30-34,106,0.014199598124581379,0.009553791648075063
E02003590,E06000046,7465,911,1354,0.672821270310192,5022.610782865583,male,30-34,105,0.01406563965170797,0.009463661538187564
E02003588,E06000046,7658,1082,1526,0.709043250327654,5429.853211009175,female,30-34,208,0.027161138678506138,0.019258422051208153
E02003588,E06000046,7658,1082,1526,0.709043250327654,5429.853211009175,male,30-34,201,0.02624706189605641,0.018610302078330955
E02003589,E06000046,8488,996,1401,0.7109207708779444,6034.295503211992,female,30-34,220,0.025918944392082942,0.01842631592756218
E02003589,E06000046,8488,996,1401,0.7109207708779444,6034.295503211992,male,30-34,390,0.04594721960414703,0.0326648327806784
E02003582,E06000046,8218,980,1434,0.6834030683403068,5616.206415620642,female,30-34,200,0.02433682161109759,0.016631858562674785
E02003582,E06000046,8218,980,1434,0.6834030683403068,5616.206415620642,male,30-34,162,0.019712825504989047,0.013471805435766574
E02003583,E06000046,6521,833,1202,0.6930116472545758,4519.128951747089,female,30-34,162,0.024842815519092162,0.0172163605053276
E02003583,E06000046,6521,833,1202,0.6930116472545758,4519.128951747089,male,30-34,159,0.024382763379849716,0.0168975390144882
E02003595,E06000046,8038,1007,1485,0.6781144781144781,5450.684175084175,female,35-39,163,0.02027867628763374,0.013751263987641196
E02003595,E06000046,8038,1007,1485,0.6781144781144781,5450.684175084175,male,35-39,131,0.016297586464294602,0.011051629339760716
E02003591,E06000046,9304,1125,1583,0.7106759317751106,6612.128869235628,female,35-39,235,0.025257953568357694,0.017950219686925083
E02003591,E06000046,9304,1125,1583,0.7106759317751106,6612.128869235628,male,35-39,258,0.027730008598452278,0.0197070496988369
E02003586,E06000046,7708,893,1296,0.6890432098765432,5311.145061728395,female,35-39,201,0.026076803321224702,0.017968044263775972
E02003586,E06000046,7708,893,1296,0.6890432098765432,5311.145061728395,male,35-39,205,0.026595744680851064,0.01832561728395062
E02003598,E06000046,7601,982,1443,0.6805266805266805,5172.683298683299,female,35-39,134,0.01762925930798579,0.011997181317007655
E02003598,E06000046,7601,982,1443,0.6805266805266805,5172.683298683299,male,35-39,145,0.019076437310880146,0.012982024559448581
E02003597,E06000046,5579,631,950,0.6642105263157895,3705.6305263157897,female,35-39,141,0.025273346477863418,0.016786822765822964
E02003597,E06000046,5579,631,950,0.6642105263157895,3705.6305263157897,male,35-39,104,0.018641333572324788,0.012381769983302043
E02003584,E06000046,6261,693,1016,0.6820866141732284,4270.544291338582,female,35-39,203,0.03242293563328542,0.022115250387664168
E02003584,E06000046,6261,693,1016,0.6820866141732284,4270.544291338582,male,35-39,216,0.03449928126497365,0.023531497949435765
E02003581,E06000046,7890,893,1324,0.6744712990936556,5321.578549848942,female,35-39,269,0.034093789607097594,0.022995282567324887
E02003581,E06000046,7890,893,1324,0.6744712990936556,5321.578549848942,male,35-39,233,0.029531051964512042,0.019917846982106687
E02003592,E06000046,9481,1314,1895,0.6934036939313984,6574.160422163589,female,35-39,177,0.018668916780930283,0.012945095857594931
E02003592,E06000046,9481,1314,1895,0.6934036939313984,6574.160422163589,male,35-39,166,0.017508701613753824,0.012140598374919539
E02003594,E06000046,9229,1103,1607,0.686372121966397,6334.528313627878,female,35-39,253,0.027413587604290822,0.01881592229466881
E02003594,E06000046,9229,1103,1607,0.686372121966397,6334.528313627878,male,35-39,204,0.022104236645357028,0.015171731810721095
E02003585,E06000046,6726,829,1218,0.680623973727422,4577.87684729064,female,35-39,138,0.020517395182872437,0.013964631039902505
E02003585,E06000046,6726,829,1218,0.680623973727422,4577.87684729064,male,35-39,147,0.021855486173059768,0.014875367846852667
E02003596,E06000046,8831,1127,1645,0.6851063829787234,6050.174468085106,female,35-39,195,0.02208130449552712,0.015128042654382409
E02003596,E06000046,8831,1127,1645,0.6851063829787234,6050.174468085106,male,35-39,197,0.022307779413429964,0.01528320206622223
E02003587,E06000046,8516,1019,1444,0.7056786703601108,6009.559556786703,female,35-39,276,0.032409581963363084,0.02287075070683309
E02003587,E06000046,8516,1019,1444,0.7056786703601108,6009.559556786703,male,35-39,205,0.024072334429309537,0.01698733295253907
E02003593,E06000046,5312,631,934,0.6755888650963597,3588.728051391863,female,35-39,121,0.022778614457831324,0.015388978290033797
E02003593,E06000046,5312,631,934,0.6755888650963597,3588.728051391863,male,35-39,94,0.017695783132530122,0.01195507404349733
E02003590,E06000046,7465,911,1354,0.672821270310192,5022.610782865583,female,35-39,138,0.018486269256530477,0.012437955164475085
E02003590,E06000046,7465,911,1354,0.672821270310192,5022.610782865583,male,35-39,121,0.01620897521768252,0.010905743296387573
E02003588,E06000046,7658,1082,1526,0.709043250327654,5429.853211009175,female,35-39,167,0.0218072603813006,0.015462290781498854
E02003588,E06000046,7658,1082,1526,0.709043250327654,5429.853211009175,male,35-39,234,0.030556281013319406,0.021665724807609175
E02003589,E06000046,8488,996,1401,0.7109207708779444,6034.295503211992,female,35-39,247,0.02909990574929312,0.02068772742776299
E02003589,E06000046,8488,996,1401,0.7109207708779444,6034.295503211992,male,35-39,355,0.04182375117813383,0.02973337342856624
E02003582,E06000046,8218,980,1434,0.6834030683403068,5616.206415620642,female,35-39,241,0.029325870041372597,0.020041389568023114
E02003582,E06000046,8218,980,1434,0.6834030683403068,5616.206415620642,male,35-39,218,0.026527135556096374,0.018128725833315516
E02003583,E06000046,6521,833,1202,0.6930116472545758,4519.128951747089,female,35-39,173,0.02652967336298114,0.0183853726384054
E02003583,E06000046,6521,833,1202,0.6930116472545758,4519.128951747089,male,35-39,141,0.02162245054439503,0.014984610069451799
E02003595,E06000046,8038,1007,1485,0.6781144781144781,5450.684175084175,female,40-44,259,0.03222194575765116,0.021850167931282638
E02003595,E06000046,8038,1007,1485,0.6781144781144781,5450.684175084175,male,40-44,176,0.021895994028365263,0.01484799056334264
E02003591,E06000046,9304,1125,1583,0.7106759317751106,6612.128869235628,female,40-44,352,0.037833190025795355,0.026887137573606935
E02003591,E06000046,9304,1125,1583,0.7106759317751106,6612.128869235628,male,40-44,291,0.03127687016337059,0.02222771884636255
E02003586,E06000046,7708,893,1296,0.6890432098765432,5311.145061728395,female,40-44,288,0.03736377789309808,0.025745257452574527
E02003586,E06000046,7708,893,1296,0.6890432098765432,5311.145061728395,male,40-44,244,0.0316554229372081,0.02181195423065342
E02003598,E06000046,7601,982,1443,0.6805266805266805,5172.683298683299,female,40-44,245,0.03223260097355611,0.02193514494527519
E02003598,E06000046,7601,982,1443,0.6805266805266805,5172.683298683299,male,40-44,205,0.026970135508485725,0.018353896790944547
E02003597,E06000046,5579,631,950,0.6642105263157895,3705.6305263157897,female,40-44,197,0.03531098763219215,0.02345392967990868
E02003597,E06000046,5579,631,950,0.6642105263157895,3705.6305263157897,male,40-44,166,0.029754436278903028,0.0197632097810398
E02003584,E06000046,6261,693,1016,0.6820866141732284,4270.544291338582,female,40-44,234,0.037374221370388115,0.025492456111888745
E02003584,E06000046,6261,693,1016,0.6820866141732284,4270.544291338582,male,40-44,236,0.037693659159878615,0.0257103403521613
E02003581,E06000046,7890,893,1324,0.6744712990936556,5321.578549848942,female,40-44,304,0.0385297845373891,0.02598723383073147
E02003581,E06000046,7890,893,1324,0.6744712990936556,5321.578549848942,male,40-44,274,0.034727503168567805,0.023422704176382966
E02003592,E06000046,9481,1314,1895,0.6934036939313984,6574.160422163589,female,40-44,269,0.02837253454276975,0.019673620258152745
E02003592,E06000046,9481,1314,1895,0.6934036939313984,6574.160422163589,male,40-44,232,0.024469992616812573,0.016967583270971885
E02003594,E06000046,9229,1103,1607,0.686372121966397,6334.528313627878,female,40-44,326,0.03532343699209015,0.02424502240340724
E02003594,E06000046,9229,1103,1607,0.686372121966397,6334.528313627878,male,40-44,282,0.030555856539170007,0.020972688091290922
E02003585,E06000046,6726,829,1218,0.680623973727422,4577.87684729064,female,40-44,201,0.029884032114183764,0.020339788688553646
E02003585,E06000046,6726,829,1218,0.680623973727422,4577.87684729064,male,40-44,150,0.02230151650312221,0.01517894678250272
E02003596,E06000046,8831,1127,1645,0.6851063829787234,6050.174468085106,female,40-44,289,0.03272562563696071,0.02242053501085393
E02003596,E06000046,8831,1127,1645,0.6851063829787234,6050.174468085106,male,40-44,232,0.0262710904767297,0.01799849177341907
E02003587,E06000046,8516,1019,1444,0.7056786703601108,6009.559556786703,female,40-44,387,0.04544387036167215,0.03206877001284205
E02003587,E06000046,8516,1019,1444,0.7056786703601108,6009.559556786703,male,40-44,299,0.03511038046031,0.024776646599069176
E02003593,E06000046,5312,631,934,0.6755888650963597,3588.728051391863,female,40-44,166,0.03125,0.021112152034261242
E02003593,E06000046,5312,631,934,0.6755888650963597,3588.728051391863,male,40-44,148,0.02786144578313253,0.018822882536570263
E02003590,E06000046,7465,911,1354,0.672821270310192,5022.610782865583,female,40-44,204,0.027327528466175484,0.018386542417050122
E02003590,E06000046,7465,911,1354,0.672821270310192,5022.610782865583,male,40-44,182,0.024380442062960483,0.01640367999952511
E02003588,E06000046,7658,1082,1526,0.709043250327654,5429.853211009175,female,40-44,266,0.03473491773308958,0.024628558969333504
E02003588,E06000046,7658,1082,1526,0.709043250327654,5429.853211009175,male,40-44,291,0.03799947767041003,0.02694327315818064
E02003589,E06000046,8488,996,1401,0.7109207708779444,6034.295503211992,female,40-44,276,0.032516493873704054,0.023116650890941642
E02003589,E06000046,8488,996,1401,0.7109207708779444,6034.295503211992,male,40-44,367,0.04323751178133836,0.03073844520643327
E02003582,E06000046,8218,980,1434,0.6834030683403068,5616.206415620642,female,40-44,337,0.04100754441469944,0.02802468167810701
E02003582,E06000046,8218,980,1434,0.6834030683403068,5616.206415620642,male,40-44,283,0.03443660257970309,0.023534079866184818
E02003583,E06000046,6521,833,1202,0.6930116472545758,4519.128951747089,female,40-44,228,0.03496396258242601,0.024230433303794402
E02003583,E06000046,6521,833,1202,0.6930116472545758,4519.128951747089,male,40-44,207,0.03174359760772887,0.021998682867918597
E02003595,E06000046,8038,1007,1485,0.6781144781144781,5450.684175084175,female,45-49,316,0.039313262005474,0.026658892147819743
E02003595,E06000046,8038,1007,1485,0.6781144781144781,5450.684175084175,male,45-49,300,0.03732271709380443,0.0253090748238795
E02003591,E06000046,9304,1125,1583,0.7106759317751106,6612.128869235628,female,45-49,380,0.040842648323301804,0.02902588715332567
E02003591,E06000046,9304,1125,1583,0.7106759317751106,6612.128869235628,male,45-49,353,0.03794067067927773,0.026963521487168317
E02003586,E06000046,7708,893,1296,0.6890432098765432,5311.145061728395,female,45-49,323,0.04190451478982875,0.02887402137910268
E02003586,E06000046,7708,893,1296,0.6890432098765432,5311.145061728395,male,45-49,265,0.0343798650752465,0.02368921258657031
E02003598,E06000046,7601,982,1443,0.6805266805266805,5172.683298683299,female,45-49,262,0.034469148796211026,0.023457175410865717
E02003598,E06000046,7601,982,1443,0.6805266805266805,5172.683298683299,male,45-49,288,0.03788975134850678,0.025784986711180635
E02003597,E06000046,5579,631,950,0.6642105263157895,3705.6305263157897,female,45-49,209,0.03746191073669116,0.02488259544721276
E02003597,E06000046,5579,631,950,0.6642105263157895,3705.6305263157897,male,45-49,228,0.04086753898548127,0.027144649578777557
E02003584,E06000046,6261,693,1016,0.6820866141732284,4270.544291338582,female,45-49,268,0.04280466379172656,0.029196488196522152
E02003584,E06000046,6261,693,1016,0.6820866141732284,4270.544291338582,male,45-49,252,0.04024916147580259,0.02745341427434173
E02003581,E06000046,7890,893,1324,0.6744712990936556,5321.578549848942,female,45-49,309,0.039163498098859315,0.02641465543978955
E02003581,E06000046,7890,893,1324,0.6744712990936556,5321.578549848942,male,45-49,294,0.037262357414448666,0.0251323906126153
E02003592,E06000046,9481,1314,1895,0.6934036939313984,6574.160422163589,female,45-49,324,0.03417361037865204,0.0236961076715297
E02003592,E06000046,9481,1314,1895,0.6934036939313984,6574.160422163589,male,45-49,280,0.029532749709946206,0.020478117740828135
E02003594,E06000046,9229,1103,1607,0.686372121966397,6334.528313627878,female,45-49,361,0.03911583053418572,0.026848015606227037
E02003594,E06000046,9229,1103,1607,0.686372121966397,6334.528313627878,male,45-49,309,0.033481417271643735,0.022980711419180483
E02003585,E06000046,6726,829,1218,0.680623973727422,4577.87684729064,female,45-49,247,0.03672316384180791,0.02499466570185448
E02003585,E06000046,6726,829,1218,0.680623973727422,4577.87684729064,male,45-49,242,0.035979779958370504,0.02448870080910439
E02003596,E06000046,8831,1127,1645,0.6851063829787234,6050.174468085106,female,45-49,315,0.03566979956969766,0.024437607364771588
E02003596,E06000046,8831,1127,1645,0.6851063829787234,6050.174468085106,male,45-49,290,0.03283886309591213,0.02249811471677384
E02003587,E06000046,8516,1019,1444,0.7056786703601108,6009.559556786703,female,45-49,330,0.03875058713010803,0.027345462801648256
E02003587,E06000046,8516,1019,1444,0.7056786703601108,6009.559556786703,male,45-49,309,0.03628464067637389,0.025605296986997917
E02003593,E06000046,5312,631,934,0.6755888650963597,3588.728051391863,female,45-49,196,0.036897590361445784,0.024927601197079537
E02003593,E06000046,5312,631,934,0.6755888650963597,3588.728051391863,male,45-49,209,0.039344879518072286,0.026580962500967465
E02003590,E06000046,7465,911,1354,0.672821270310192,5022.610782865583,female,45-49,259,0.034695244474212995,0.023343698460862657
E02003590,E06000046,7465,911,1354,0.672821270310192,5022.610782865583,male,45-49,216,0.028935030140656397,0.01946810373570013
E02003588,E06000046,7658,1082,1526,0.709043250327654,5429.853211009175,female,45-49,250,0.03264559937320449,0.023147141888471338
E02003588,E06000046,7658,1082,1526,0.709043250327654,5429.853211009175,male,45-49,341,0.044528597545050924,0.0315727015358749
E02003589,E06000046,8488,996,1401,0.7109207708779444,6034.295503211992,female,45-49,303,0.035697455230914235,0.025378062391142455
E02003589,E06000046,8488,996,1401,0.7109207708779444,6034.295503211992,male,45-49,408,0.04806786050895382,0.03417244044747895
E02003582,E06000046,8218,980,1434,0.6834030683403068,5616.206415620642,female,45-49,323,0.03930396690192261,0.026860451578719774
E02003582,E06000046,8218,980,1434,0.6834030683403068,5616.206415620642,male,45-49,291,0.035410075444146996,0.02419935420869181
E02003583,E06000046,6521,833,1202,0.6930116472545758,4519.128951747089,female,45-49,215,0.032970403312375406,0.022848873510157002
E02003583,E06000046,6521,833,1202,0.6930116472545758,4519.128951747089,male,45-49,209,0.032050299033890506,0.022211230528478197
E02003595,E06000046,8038,1007,1485,0.6781144781144781,5450.684175084175,female,50-54,330,0.04105498880318487,0.02783998230626745
E02003595,E06000046,8038,1007,1485,0.6781144781144781,5450.684175084175,male,50-54,299,0.037198308036825084,0.02522471124113324
E02003591,E06000046,9304,1125,1583,0.7106759317751106,6612.128869235628,female,50-54,293,0.03149183147033534,0.022380486673485318
E02003591,E06000046,9304,1125,1583,0.7106759317751106,6612.128869235628,male,50-54,310,0.033319002579535684,0.023679013204028834
E02003586,E06000046,7708,893,1296,0.6890432098765432,5311.145061728395,female,50-54,287,0.03723404255319149,0.025655864197530864
E02003586,E06000046,7708,893,1296,0.6890432098765432,5311.145061728395,male,50-54,255,0.03308251167618059,0.022795280036133694
E02003598,E06000046,7601,982,1443,0.6805266805266805,5172.683298683299,female,50-54,291,0.03828443625838705,0.02605358032275543
E02003598,E06000046,7601,982,1443,0.6805266805266805,5172.683298683299,male,50-54,242,0.03183791606367583,0.021666551333700393
E02003597,E06000046,5579,631,950,0.6642105263157895,3705.6305263157897,female,50-54,194,0.03477325685606739,0.023096763238082657
E02003597,E06000046,5579,631,950,0.6642105263157895,3705.6305263157897,male,50-54,183,0.032801577343609965,0.02178715295138725
E02003584,E06000046,6261,693,1016,0.6820866141732284,4270.544291338582,female,50-54,205,0.03274237342277592,0.022333134627936724
E02003584,E06000046,6261,693,1016,0.6820866141732284,4270.544291338582,male,50-54,220,0.03513815684395464,0.02396726642998087
E02003581,E06000046,7890,893,1324,0.6744712990936556,5321.578549848942,female,50-54,265,0.03358681875792142,0.022653345280078417
E02003581,E06000046,7890,893,1324,0.6744712990936556,5321.578549848942,male,50-54,274,0.034727503168567805,0.023422704176382966
E02003592,E06000046,9481,1314,1895,0.6934036939313984,6574.160422163589,female,50-54,296,0.03122033540765742,0.02164829589744689
E02003592,E06000046,9481,1314,1895,0.6934036939313984,6574.160422163589,male,50-54,323,0.03406813627254509,0.02362297153674103
E02003594,E06000046,9229,1103,1607,0.686372121966397,6334.528313627878,female,50-54,334,0.03619026980171199,0.024839992278337476
E02003594,E06000046,9229,1103,1607,0.686372121966397,6334.528313627878,male,50-54,297,0.03218116805721097,0.022088256606785126
E02003585,E06000046,6726,829,1218,0.680623973727422,4577.87684729064,female,50-54,254,0.03776390127862028,0.025703016551704608
E02003585,E06000046,6726,829,1218,0.680623973727422,4577.87684729064,male,50-54,249,0.037020517395182875,0.025197051658954518
E02003596,E06000046,8831,1127,1645,0.6851063829787234,6050.174468085106,female,50-54,339,0.03838749858453176,0.02629952030684942
E02003596,E06000046,8831,1127,1645,0.6851063829787234,6050.174468085106,male,50-54,317,0.0358962744876005,0.024592766776611406
E02003587,E06000046,8516,1019,1444,0.7056786703601108,6009.559556786703,female,50-54,258,0.030295913574448097,0.021379180008561365
E02003587,E06000046,8516,1019,1444,0.7056786703601108,6009.559556786703,male,50-54,311,0.03651949271958666,0.02577102706458366
E02003593,E06000046,5312,631,934,0.6755888650963597,3588.728051391863,female,50-54,237,0.044615963855421686,0.030142048386264542
E02003593,E06000046,5312,631,934,0.6755888650963597,3588.728051391863,male,50-54,180,0.0338855421686747,0.02289269497690978
E02003590,E06000046,7465,911,1354,0.672821270310192,5022.610782865583,female,50-54,250,0.033489618218352314,0.022532527471875154
E02003590,E06000046,7465,911,1354,0.672821270310192,5022.610782865583,male,50-54,210,0.02813127930341594,0.018927323076375128
E02003588,E06000046,7658,1082,1526,0.709043250327654,5429.853211009175,female,50-54,255,0.03329851136066858,0.023610084726240765
E02003588,E06000046,7658,1082,1526,0.709043250327654,5429.853211009175,male,50-54,312,0.040741708017759205,0.02888763307681223
E02003589,E06000046,8488,996,1401,0.7109207708779444,6034.295503211992,female,50-54,212,0.024976437323279924,0.017756268075650825
E02003589,E06000046,8488,996,1401,0.7109207708779444,6034.295503211992,male,50-54,311,0.03663996229971725,0.026048110243053806
E02003582,E06000046,8218,980,1434,0.6834030683403068,5616.206415620642,female,50-54,312,0.03796544171331224,0.025945699357772658
E02003582,E06000046,8218,980,1434,0.6834030683403068,5616.206415620642,male,50-54,260,0.03163786809442687,0.02162141613147722
E02003583,E06000046,6521,833,1202,0.6930116472545758,4519.128951747089,female,50-54,212,0.03251035117313295,0.022530052019317598
E02003583,E06000046,6521,833,1202,0.6930116472545758,4519.128951747089,male,50-54,182,0.02790982978070848,0.0193418371109236
E02003595,E06000046,8038,1007,1485,0.6781144781144781,5450.684175084175,female,55-59,339,0.042174670315999,0.028599254550983836
E02003595,E06000046,8038,1007,1485,0.6781144781144781,5450.684175084175,male,55-59,307,0.03819358049265987,0.025899619903103358
E02003591,E06000046,9304,1125,1583,0.7106759317751106,6612.128869235628,female,55-59,309,0.03321152192605331,0.023602629290467452
E02003591,E06000046,9304,1125,1583,0.7106759317751106,6612.128869235628,male,55-59,273,0.029342218400687875,0.02085280840225765
E02003586,E06000046,7708,893,1296,0.6890432098765432,5311.145061728395,female,55-59,259,0.03360145303580695,0.023152853056308337
E02003586,E06000046,7708,893,1296,0.6890432098765432,5311.145061728395,male,55-59,225,0.029190451478982873,0.02011348238482385
E02003598,E06000046,7601,982,1443,0.6805266805266805,5172.683298683299,female,55-59,306,0.04025786080778845,0.02739654838062942
E02003598,E06000046,7601,982,1443,0.6805266805266805,5172.683298683299,male,55-59,306,0.04025786080778845,0.02739654838062942
E02003597,E06000046,5579,631,950,0.6642105263157895,3705.6305263157897,female,55-59,220,0.039433590249148595,0.026192205733908173
E02003597,E06000046,5579,631,950,0.6642105263157895,3705.6305263157897,male,55-59,195,0.03495250044810898,0.02321581871869133
E02003584,E06000046,6261,693,1016,0.6820866141732284,4270.544291338582,female,55-59,194,0.030985465580578183,0.021134771306437677
E02003584,E06000046,6261,693,1016,0.6820866141732284,4270.544291338582,male,55-59,197,0.031464622264813925,0.021461597666846507
E02003581,E06000046,7890,893,1324,0.6744712990936556,5321.578549848942,female,55-59,229,0.02902408111533587,0.01957590969486022
E02003581,E06000046,7890,893,1324,0.6744712990936556,5321.578549848942,male,55-59,212,0.026869455006337136,0.018122676224062734
E02003592,E06000046,9481,1314,1895,0.6934036939313984,6574.160422163589,female,55-59,366,0.03860352283514397,0.02676782533265392
E02003592,E06000046,9481,1314,1895,0.6934036939313984,6574.160422163589,male,55-59,293,0.030903913089336568,0.021428887493080872
E02003594,E06000046,9229,1103,1607,0.686372121966397,6334.528313627878,female,55-59,338,0.03662368620652292,0.0251374772158026
E02003594,E06000046,9229,1103,1607,0.686372121966397,6334.528313627878,male,55-59,289,0.03131433524758912,0.021493286731854883
E02003585,E06000046,6726,829,1218,0.680623973727422,4577.87684729064,female,55-59,263,0.03910199226880761,0.02661375335865477
E02003585,E06000046,6726,829,1218,0.680623973727422,4577.87684729064,male,55-59,203,0.03018138566755873,0.020542174645653683
E02003596,E06000046,8831,1127,1645,0.6851063829787234,6050.174468085106,female,55-59,324,0.036688936700260445,0.025135824718050773
E02003596,E06000046,8831,1127,1645,0.6851063829787234,6050.174468085106,male,55-59,291,0.03295210055486355,0.022575694422693752
E02003587,E06000046,8516,1019,1444,0.7056786703601108,6009.559556786703,female,55-59,239,0.028064819163926728,0.01980474427149677
E02003587,E06000046,8516,1019,1444,0.7056786703601108,6009.559556786703,male,55-59,209,0.024542038515735085,0.01731879310771056
E02003593,E06000046,5312,631,934,0.6755888650963597,3588.728051391863,female,55-59,225,0.04235692771084337,0.028615868721137225
E02003593,E06000046,5312,631,934,0.6755888650963597,3588.728051391863,male,55-59,223,0.04198042168674699,0.028361505443616007
E02003590,E06000046,7465,911,1354,0.672821270310192,5022.610782865583,female,55-59,293,0.039249832551908906,0.026408122197037677
E02003590,E06000046,7465,911,1354,0.672821270310192,5022.610782865583,male,55-59,248,0.03322170127260549,0.022352267252100152
E02003588,E06000046,7658,1082,1526,0.709043250327654,5429.853211009175,female,55-59,212,0.02768346826847741,0.019628776321423694
E02003588,E06000046,7658,1082,1526,0.709043250327654,5429.853211009175,male,55-59,283,0.036954818490467486,0.026202564617749557
E02003589,E06000046,8488,996,1401,0.7109207708779444,6034.295503211992,female,55-59,185,0.021795475966069747,0.015494856575450014
E02003589,E06000046,8488,996,1401,0.7109207708779444,6034.295503211992,male,55-59,256,0.030160226201696512,0.02144153126116326
E02003582,E06000046,8218,980,1434,0.6834030683403068,5616.206415620642,female,55-59,268,0.03261134095887077,0.022286690473984207
E02003582,E06000046,8218,980,1434,0.6834030683403068,5616.206415620642,male,55-59,252,0.030664395229982964,0.020956141788970227
E02003583,E06000046,6521,833,1202,0.6930116472545758,4519.128951747089,female,55-59,235,0.03603741757399172,0.024974350115752997
E02003583,E06000046,6521,833,1202,0.6930116472545758,4519.128951747089,male,55-59,200,0.030670142616163167,0.02125476605596
E02003595,E06000046,8038,1007,1485,0.6781144781144781,5450.684175084175,female,60-64,341,0.042423488429957704,0.02876798171647637
E02003595,E06000046,8038,1007,1485,0.6781144781144781,5450.684175084175,male,60-64,325,0.040432943518288134,0.027418164392536127
E02003591,E06000046,9304,1125,1583,0.7106759317751106,6612.128869235628,female,60-64,313,0.0336414445399828,0.023908164944712984
E02003591,E06000046,9304,1125,1583,0.7106759317751106,6612.128869235628,male,60-64,262,0.02815993121238177,0.020012585353082434
E02003586,E06000046,7708,893,1296,0.6890432098765432,5311.145061728395,female,60-64,282,0.036585365853658534,0.025208897922312554
E02003586,E06000046,7708,893,1296,0.6890432098765432,5311.145061728395,male,60-64,256,0.03321224701608718,0.022884673291177354
E02003598,E06000046,7601,982,1443,0.6805266805266805,5172.683298683299,female,60-64,333,0.04381002499671096,0.02981389088480261
E02003598,E06000046,7601,982,1443,0.6805266805266805,5172.683298683299,male,60-64,323,0.04249440863044336,0.028918578846219945
E02003597,E06000046,5579,631,950,0.6642105263157895,3705.6305263157897,female,60-64,267,0.04785803907510307,0.031787813322515825
E02003597,E06000046,5579,631,950,0.6642105263157895,3705.6305263157897,male,60-64,256,0.04588635956264563,0.030478203035820415
E02003584,E06000046,6261,693,1016,0.6820866141732284,4270.544291338582,female,60-64,181,0.028909119948889953,0.01971852374466608
E02003584,E06000046,6261,693,1016,0.6820866141732284,4270.544291338582,male,60-64,190,0.030346590001597187,0.02069900282589257
E02003581,E06000046,7890,893,1324,0.6744712990936556,5321.578549848942,female,60-64,226,0.02864385297845374,0.01931945672942537
E02003581,E06000046,7890,893,1324,0.6744712990936556,5321.578549848942,male,60-64,214,0.02712294043092522,0.018293644867685966
E02003592,E06000046,9481,1314,1895,0.6934036939313984,6574.160422163589,female,60-64,460,0.04851808880919734,0.03364262200278908
E02003592,E06000046,9481,1314,1895,0.6934036939313984,6574.160422163589,male,60-64,381,0.04018563442674823,0.027864867354484
E02003594,E06000046,9229,1103,1607,0.686372121966397,6334.528313627878,female,60-64,312,0.03380647957525192,0.02320382512227932
E02003594,E06000046,9229,1103,1607,0.686372121966397,6334.528313627878,male,60-64,317,0.034348250081265574,0.02357568129411072
E02003585,E06000046,6726,829,1218,0.680623973727422,4577.87684729064,female,60-64,303,0.04504906333630687,0.0306614725006555
E02003585,E06000046,6726,829,1218,0.680623973727422,4577.87684729064,male,60-64,270,0.04014272970561998,0.027322104208504897
E02003596,E06000046,8831,1127,1645,0.6851063829787234,6050.174468085106,female,60-64,346,0.039180160797191714,0.02684257824828879
E02003596,E06000046,8831,1127,1645,0.6851063829787234,6050.174468085106,male,60-64,319,0.03612274940550334,0.024747926188451227
E02003587,E06000046,8516,1019,1444,0.7056786703601108,6009.559556786703,female,60-64,238,0.027947393142320337,0.019721879232703892
E02003587,E06000046,8516,1019,1444,0.7056786703601108,6009.559556786703,male,60-64,242,0.02841709722874589,0.020053339387875388
E02003593,E06000046,5312,631,934,0.6755888650963597,3588.728051391863,female,60-64,274,0.05158132530120482,0.034847769020407114
E02003593,E06000046,5312,631,934,0.6755888650963597,3588.728051391863,male,60-64,241,0.04536897590361446,0.030650774941306986
E02003590,E06000046,7465,911,1354,0.672821270310192,5022.610782865583,female,60-64,356,0.04768921634293369,0.03208631911995021
E02003590,E06000046,7465,911,1354,0.672821270310192,5022.610782865583,male,60-64,302,0.040455458807769594,0.027219293186025183
E02003588,E06000046,7658,1082,1526,0.709043250327654,5429.853211009175,female,60-64,248,0.03238443457821886,0.022961964753363567
E02003588,E06000046,7658,1082,1526,0.709043250327654,5429.853211009175,male,60-64,261,0.03408200574562549,0.024165616131564076
E02003589,E06000046,8488,996,1401,0.7109207708779444,6034.295503211992,female,60-64,204,0.02403393025447691,0.017086220223739474
E02003589,E06000046,8488,996,1401,0.7109207708779444,6034.295503211992,male,60-64,236,0.027803958529688973,0.019766411631384883
E02003582,E06000046,8218,980,1434,0.6834030683403068,5616.206415620642,female,60-64,333,0.04052080798247749,0.027692044506853513
E02003582,E06000046,8218,980,1434,0.6834030683403068,5616.206415620642,male,60-64,278,0.03382818203942565,0.023118283402117946
E02003583,E06000046,6521,833,1202,0.6930116472545758,4519.128951747089,female,60-64,269,0.041251341818739455,0.0285876603452662
E02003583,E06000046,6521,833,1202,0.6930116472545758,4519.128951747089,male,60-64,233,0.035730716147830084,0.024761802455193396
E02003595,E06000046,8038,1007,1485,0.6781144781144781,5450.684175084175,female,65-69,417,0.05187857676038816,0.03517961400519251
E02003595,E06000046,8038,1007,1485,0.6781144781144781,5450.684175084175,male,65-69,377,0.04690221448121423,0.03180507069534191
E02003591,E06000046,9304,1125,1583,0.7106759317751106,6612.128869235628,female,65-69,329,0.035361134995700774,0.02513030756169512
E02003591,E06000046,9304,1125,1583,0.7106759317751106,6612.128869235628,male,65-69,279,0.029987102321582117,0.02131111188362595
E02003586,E06000046,7708,893,1296,0.6890432098765432,5311.145061728395,female,65-69,304,0.03943954333160353,0.02717554953327311
E02003586,E06000046,7708,893,1296,0.6890432098765432,5311.145061728395,male,65-69,261,0.033860923715620134,0.023331639566395664
E02003598,E06000046,7601,982,1443,0.6805266805266805,5172.683298683299,female,65-69,390,0.05130903828443626,0.034917169504723775
E02003598,E06000046,7601,982,1443,0.6805266805266805,5172.683298683299,male,65-69,376,0.04946717537166162,0.033663732650708045
E02003597,E06000046,5579,631,950,0.6642105263157895,3705.6305263157897,female,65-69,286,0.05126366732389317,0.03404986745408062
E02003597,E06000046,5579,631,950,0.6642105263157895,3705.6305263157897,male,65-69,246,0.04409392364222979,0.029287648229733683
E02003584,E06000046,6261,693,1016,0.6820866141732284,4270.544291338582,female,65-69,179,0.028589682159399457,0.019500639504393527
E02003584,E06000046,6261,693,1016,0.6820866141732284,4270.544291338582,male,65-69,191,0.030506308896342437,0.020807944946028847
E02003581,E06000046,7890,893,1324,0.6744712990936556,5321.578549848942,female,65-69,238,0.030164765525982257,0.02034526859116477
E02003581,E06000046,7890,893,1324,0.6744712990936556,5321.578549848942,male,65-69,226,0.02864385297845374,0.01931945672942537
E02003592,E06000046,9481,1314,1895,0.6934036939313984,6574.160422163589,female,65-69,510,0.05379179411454488,0.037299428742222675
E02003592,E06000046,9481,1314,1895,0.6934036939313984,6574.160422163589,male,65-69,473,0.0498892521885877,0.034593391755041815
E02003594,E06000046,9229,1103,1607,0.686372121966397,6334.528313627878,female,65-69,334,0.03619026980171199,0.024839992278337476
E02003594,E06000046,9229,1103,1607,0.686372121966397,6334.528313627878,male,65-69,311,0.03369812547404919,0.02312945388791304
E02003585,E06000046,6726,829,1218,0.680623973727422,4577.87684729064,female,65-69,323,0.0480225988700565,0.03268533207165586
E02003585,E06000046,6726,829,1218,0.680623973727422,4577.87684729064,male,65-69,308,0.04579244721974428,0.03116743739340559
E02003596,E06000046,8831,1127,1645,0.6851063829787234,6050.174468085106,female,65-69,319,0.03612274940550334,0.024747926188451227
E02003596,E06000046,8831,1127,1645,0.6851063829787234,6050.174468085106,male,65-69,329,0.03725512399501755,0.02552372324765032
E02003587,E06000046,8516,1019,1444,0.7056786703601108,6009.559556786703,female,65-69,216,0.025364020666979802,0.017898848379260677
E02003587,E06000046,8516,1019,1444,0.7056786703601108,6009.559556786703,male,65-69,224,0.026303428839830906,0.018561768689603665
E02003593,E06000046,5312,631,934,0.6755888650963597,3588.728051391863,female,65-69,278,0.05233433734939759,0.03535649557544955
E02003593,E06000046,5312,631,934,0.6755888650963597,3588.728051391863,male,65-69,251,0.04725150602409638,0.03192259132891308
E02003590,E06000046,7465,911,1354,0.672821270310192,5022.610782865583,female,65-69,428,0.05733422638981916,0.03857568703185026
E02003590,E06000046,7465,911,1354,0.672821270310192,5022.610782865583,male,65-69,390,0.052243804420629605,0.03515074285612524
E02003588,E06000046,7658,1082,1526,0.709043250327654,5429.853211009175,female,65-69,223,0.029119874640898408,0.020647250564516433
E02003588,E06000046,7658,1082,1526,0.709043250327654,5429.853211009175,male,65-69,252,0.03290676416819013,0.023332319023579108
E02003589,E06000046,8488,996,1401,0.7109207708779444,6034.295503211992,female,65-69,163,0.01920358152686145,0.013652224982693795
E02003589,E06000046,8488,996,1401,0.7109207708779444,6034.295503211992,male,65-69,195,0.022973609802073514,0.0163324163903392
E02003582,E06000046,8218,980,1434,0.6834030683403068,5616.206415620642,female,65-69,326,0.03966901922608907,0.027109929457159895
E02003582,E06000046,8218,980,1434,0.6834030683403068,5616.206415620642,male,65-69,328,0.03991238744220005,0.027276248042786645
E02003583,E06000046,6521,833,1202,0.6930116472545758,4519.128951747089,female,65-69,315,0.048305474620456985,0.033476256538136996
E02003583,E06000046,6521,833,1202,0.6930116472545758,4519.128951747089,male,65-69,267,0.04094464039257783,0.0283751126847066
E02003595,E06000046,8038,1007,1485,0.6781144781144781,5450.684175084175,female,70-74,282,0.03508335406817616,0.02379053033444673
E02003595,E06000046,8038,1007,1485,0.6781144781144781,5450.684175084175,male,70-74,246,0.03060462801691963,0.02075344135558119
E02003591,E06000046,9304,1125,1583,0.7106759317751106,6612.128869235628,female,70-74,233,0.02504299226139295,0.01779745185980232
E02003591,E06000046,9304,1125,1583,0.7106759317751106,6612.128869235628,male,70-74,221,0.023753224419604473,0.01688084489706572
E02003586,E06000046,7708,893,1296,0.6890432098765432,5311.145061728395,female,70-74,197,0.02555786196159834,0.017610471243601326
E02003586,E06000046,7708,893,1296,0.6890432098765432,5311.145061728395,male,70-74,190,0.024649714582252204,0.016984718458295692
E02003598,E06000046,7601,982,1443,0.6805266805266805,5172.683298683299,female,70-74,230,0.030259176424154717,0.0205921768874012
E02003598,E06000046,7601,982,1443,0.6805266805266805,5172.683298683299,male,70-74,243,0.03196947770030259,0.021756082537558657
E02003597,E06000046,5579,631,950,0.6642105263157895,3705.6305263157897,female,70-74,170,0.030471410647069368,0.020239431703474496
E02003597,E06000046,5579,631,950,0.6642105263157895,3705.6305263157897,male,70-74,158,0.02832048754257035,0.018810765936170412
E02003584,E06000046,6261,693,1016,0.6820866141732284,4270.544291338582,female,70-74,127,0.02028429963264654,0.01383564925730714
E02003584,E06000046,6261,693,1016,0.6820866141732284,4270.544291338582,male,70-74,115,0.01836767289570356,0.012528343815671819
E02003581,E06000046,7890,893,1324,0.6744712990936556,5321.578549848942,female,70-74,166,0.021039290240811154,0.01419039742072837
E02003581,E06000046,7890,893,1324,0.6744712990936556,5321.578549848942,male,70-74,136,0.01723700887198986,0.011625867766379867
E02003592,E06000046,9481,1314,1895,0.6934036939313984,6574.160422163589,female,70-74,364,0.03839257462293007,0.026621553063076574
E02003592,E06000046,9481,1314,1895,0.6934036939313984,6574.160422163589,male,70-74,356,0.03754878177407447,0.026036463984767205
E02003594,E06000046,9229,1103,1607,0.686372121966397,6334.528313627878,female,70-74,234,0.025354859681438944,0.017402868841709492
E02003594,E06000046,9229,1103,1607,0.686372121966397,6334.528313627878,male,70-74,257,0.027847004009101745,0.01911340723213393
E02003585,E06000046,6726,829,1218,0.680623973727422,4577.87684729064,female,70-74,253,0.0376152245019328,0.02560182357315459
E02003585,E06000046,6726,829,1218,0.680623973727422,4577.87684729064,male,70-74,233,0.03464168896818317,0.023577964002154225
E02003596,E06000046,8831,1127,1645,0.6851063829787234,6050.174468085106,female,70-74,264,0.029894689163175177,0.020481042362856184
E02003596,E06000046,8831,1127,1645,0.6851063829787234,6050.174468085106,male,70-74,248,0.02808288981995244,0.01923976706813763
E02003587,E06000046,8516,1019,1444,0.7056786703601108,6009.559556786703,female,70-74,175,0.020549553781117894,0.014501381788752862
E02003587,E06000046,8516,1019,1444,0.7056786703601108,6009.559556786703,male,70-74,138,0.016204790981681542,0.011435375353416545
E02003593,E06000046,5312,631,934,0.6755888650963597,3588.728051391863,female,70-74,150,0.028237951807228916,0.019077245814091485
E02003593,E06000046,5312,631,934,0.6755888650963597,3588.728051391863,male,70-74,170,0.032003012048192774,0.021620878589303682
E02003590,E06000046,7465,911,1354,0.672821270310192,5022.610782865583,female,70-74,314,0.0420629604822505,0.028300854504675187
E02003590,E06000046,7465,911,1354,0.672821270310192,5022.610782865583,male,70-74,294,0.039383791024782316,0.026498252306925176
E02003588,E06000046,7658,1082,1526,0.709043250327654,5429.853211009175,female,70-74,190,0.024810655523635414,0.017591827835238216
E02003588,E06000046,7658,1082,1526,0.709043250327654,5429.853211009175,male,70-74,177,0.02311308435622878,0.016388176457037707
E02003589,E06000046,8488,996,1401,0.7109207708779444,6034.295503211992,female,70-74,137,0.01614043355325165,0.0114745694639819
E02003589,E06000046,8488,996,1401,0.7109207708779444,6034.295503211992,male,70-74,138,0.016258246936852027,0.011558325445470821
E02003582,E06000046,8218,980,1434,0.6834030683403068,5616.206415620642,female,70-74,234,0.02847408128498418,0.019459274518329496
E02003582,E06000046,8218,980,1434,0.6834030683403068,5616.206415620642,male,70-74,251,0.030542711121927475,0.020872982496156853
E02003583,E06000046,6521,833,1202,0.6930116472545758,4519.128951747089,female,70-74,160,0.024536114092930533,0.017003812844768
E02003583,E06000046,6521,833,1202,0.6930116472545758,4519.128951747089,male,70-74,178,0.027296426928385218,0.0189167417898044
E02003595,E06000046,8038,1007,1485,0.6781144781144781,5450.684175084175,female,75-79,218,0.027121174421497887,0.018391261038685772
E02003595,E06000046,8038,1007,1485,0.6781144781144781,5450.684175084175,male,75-79,209,0.02600149290868375,0.017631988793969385
E02003591,E06000046,9304,1125,1583,0.7106759317751106,6612.128869235628,female,75-79,166,0.017841788478073946,0.012679729651189634
E02003591,E06000046,9304,1125,1583,0.7106759317751106,6612.128869235628,male,75-79,152,0.01633705932932072,0.011610354861330266
E02003586,E06000046,7708,893,1296,0.6890432098765432,5311.145061728395,female,75-79,163,0.02114686040477426,0.014571100572116831
E02003586,E06000046,7708,893,1296,0.6890432098765432,5311.145061728395,male,75-79,151,0.019590036325895174,0.013498381511592893
E02003598,E06000046,7601,982,1443,0.6805266805266805,5172.683298683299,female,75-79,205,0.026970135508485725,0.018353896790944547
E02003598,E06000046,7601,982,1443,0.6805266805266805,5172.683298683299,male,75-79,183,0.024075779502697015,0.016384210306062696
E02003597,E06000046,5579,631,950,0.6642105263157895,3705.6305263157897,female,75-79,149,0.026707295214196094,0.017739266610692354
E02003597,E06000046,5579,631,950,0.6642105263157895,3705.6305263157897,male,75-79,147,0.026348808030112924,0.017501155649475006
E02003584,E06000046,6261,693,1016,0.6820866141732284,4270.544291338582,female,75-79,109,0.017409359527232073,0.01187469109485416
E02003584,E06000046,6261,693,1016,0.6820866141732284,4270.544291338582,male,75-79,86,0.01373582494809136,0.009369022331719795
E02003581,E06000046,7890,893,1324,0.6744712990936556,5321.578549848942,female,75-79,133,0.01685678073510773,0.011369414800945016
E02003581,E06000046,7890,893,1324,0.6744712990936556,5321.578549848942,male,75-79,108,0.013688212927756654,0.0092323067556546
E02003592,E06000046,9481,1314,1895,0.6934036939313984,6574.160422163589,female,75-79,289,0.030482016664908764,0.021136342953926184
E02003592,E06000046,9481,1314,1895,0.6934036939313984,6574.160422163589,male,75-79,298,0.03143128361987132,0.021794568167024228
E02003594,E06000046,9229,1103,1607,0.686372121966397,6334.528313627878,female,75-79,201,0.021779174341748836,0.014948618107622255
E02003594,E06000046,9229,1103,1607,0.686372121966397,6334.528313627878,male,75-79,180,0.019503738216491495,0.013386822185930378
E02003585,E06000046,6726,829,1218,0.680623973727422,4577.87684729064,female,75-79,198,0.029438001784121322,0.020036209752903593
E02003585,E06000046,6726,829,1218,0.680623973727422,4577.87684729064,male,75-79,175,0.02601843592030925,0.017708771246253176
E02003596,E06000046,8831,1127,1645,0.6851063829787234,6050.174468085106,female,75-79,217,0.024572528592458384,0.016834796184620426
E02003596,E06000046,8831,1127,1645,0.6851063829787234,6050.174468085106,male,75-79,192,0.021741592118672857,0.01489530353662268
E02003587,E06000046,8516,1019,1444,0.7056786703601108,6009.559556786703,female,75-79,150,0.017613903240958198,0.012429755818931028
E02003587,E06000046,8516,1019,1444,0.7056786703601108,6009.559556786703,male,75-79,108,0.012682010333489901,0.008949424189630338
E02003593,E06000046,5312,631,934,0.6755888650963597,3588.728051391863,female,75-79,156,0.029367469879518073,0.019840335646655143
E02003593,E06000046,5312,631,934,0.6755888650963597,3588.728051391863,male,75-79,135,0.025414156626506024,0.017169521232682335
E02003590,E06000046,7465,911,1354,0.672821270310192,5022.610782865583,female,75-79,276,0.036972538513060954,0.02487591032895017
E02003590,E06000046,7465,911,1354,0.672821270310192,5022.610782865583,male,75-79,214,0.02866711319490958,0.01928784351592513
E02003588,E06000046,7658,1082,1526,0.709043250327654,5429.853211009175,female,75-79,145,0.018934447636458605,0.013425342295313376
E02003588,E06000046,7658,1082,1526,0.709043250327654,5429.853211009175,male,75-79,138,0.01802037085400888,0.012777222322436178
E02003589,E06000046,8488,996,1401,0.7109207708779444,6034.295503211992,female,75-79,123,0.014491046182846372,0.010301985723137036
E02003589,E06000046,8488,996,1401,0.7109207708779444,6034.295503211992,male,75-79,96,0.011310084825636193,0.008040574222936223
E02003582,E06000046,8218,980,1434,0.6834030683403068,5616.206415620642,female,75-79,198,0.024093453394986614,0.016465539977048034
E02003582,E06000046,8218,980,1434,0.6834030683403068,5616.206415620642,male,75-79,148,0.018009247992212218,0.01230757533637934
E02003583,E06000046,6521,833,1202,0.6930116472545758,4519.128951747089,female,75-79,133,0.020395644839748504,0.014134419427213399
E02003583,E06000046,6521,833,1202,0.6930116472545758,4519.128951747089,male,75-79,96,0.014721668455758318,0.010202287706860798
E02003595,E06000046,8038,1007,1485,0.6781144781144781,5450.684175084175,female,80-84,215,0.02674794725055984,0.018138170290446978
E02003595,E06000046,8038,1007,1485,0.6781144781144781,5450.684175084175,male,80-84,133,0.016546404578253297,0.011220356505253246
E02003591,E06000046,9304,1125,1583,0.7106759317751106,6612.128869235628,female,80-84,145,0.01558469475494411,0.011075667466400584
E02003591,E06000046,9304,1125,1583,0.7106759317751106,6612.128869235628,male,80-84,92,0.009888220120378332,0.007027320047647267
E02003586,E06000046,7708,893,1296,0.6890432098765432,5311.145061728395,female,80-84,135,0.017514270887389726,0.01206808943089431
E02003586,E06000046,7708,893,1296,0.6890432098765432,5311.145061728395,male,80-84,90,0.01167618059159315,0.00804539295392954
E02003598,E06000046,7601,982,1443,0.6805266805266805,5172.683298683299,female,80-84,167,0.02197079331666886,0.014951711044330436
E02003598,E06000046,7601,982,1443,0.6805266805266805,5172.683298683299,male,80-84,128,0.016839889488225235,0.01145999409385806
E02003597,E06000046,5579,631,950,0.6642105263157895,3705.6305263157897,female,80-84,107,0.019179064348449543,0.012738936425128064
E02003597,E06000046,5579,631,950,0.6642105263157895,3705.6305263157897,male,80-84,90,0.016131923283742605,0.010714993254780614
E02003584,E06000046,6261,693,1016,0.6820866141732284,4270.544291338582,female,80-84,99,0.01581217057977959,0.010785269893491394
E02003584,E06000046,6261,693,1016,0.6820866141732284,4270.544291338582,male,80-84,47,0.007506788053026673,0.005120279646405004
E02003581,E06000046,7890,893,1324,0.6744712990936556,5321.578549848942,female,80-84,116,0.014702154626108998,0.009916181330147534
E02003581,E06000046,7890,893,1324,0.6744712990936556,5321.578549848942,male,80-84,104,0.013181242078580482,0.008890369468408134
E02003592,E06000046,9481,1314,1895,0.6934036939313984,6574.160422163589,female,80-84,294,0.03100938719544352,0.021502023627869543
E02003592,E06000046,9481,1314,1895,0.6934036939313984,6574.160422163589,male,80-84,221,0.023309777449636113,0.016163085788296495
E02003594,E06000046,9229,1103,1607,0.686372121966397,6334.528313627878,female,80-84,193,0.020912341532126993,0.014353648232692017
E02003594,E06000046,9229,1103,1607,0.686372121966397,6334.528313627878,male,80-84,119,0.012894138043124932,0.008850176889587304
E02003585,E06000046,6726,829,1218,0.680623973727422,4577.87684729064,female,80-84,190,0.02824858757062147,0.019226665924503446
E02003585,E06000046,6726,829,1218,0.680623973727422,4577.87684729064,male,80-84,114,0.01694915254237288,0.011535999554702067
E02003596,E06000046,8831,1127,1645,0.6851063829787234,6050.174468085106,female,80-84,224,0.025365190805118332,0.017377854126059793
E02003596,E06000046,8831,1127,1645,0.6851063829787234,6050.174468085106,male,80-84,146,0.016532669006907485,0.01132663706430683
E02003587,E06000046,8516,1019,1444,0.7056786703601108,6009.559556786703,female,80-84,123,0.01444340065758572,0.01019239977152344
E02003587,E06000046,8516,1019,1444,0.7056786703601108,6009.559556786703,male,80-84,91,0.010685767966181306,0.007540718530151489
E02003593,E06000046,5312,631,934,0.6755888650963597,3588.728051391863,female,80-84,102,0.019201807228915662,0.012972527153582209
E02003593,E06000046,5312,631,934,0.6755888650963597,3588.728051391863,male,80-84,83,0.015625,0.010556076017130621
E02003590,E06000046,7465,911,1354,0.672821270310192,5022.610782865583,female,80-84,242,0.03241795043536504,0.021811486592775146
E02003590,E06000046,7465,911,1354,0.672821270310192,5022.610782865583,male,80-84,169,0.022638981915606163,0.015231988570987603
E02003588,E06000046,7658,1082,1526,0.709043250327654,5429.853211009175,female,80-84,133,0.01736745886654479,0.012314279484666752
E02003588,E06000046,7658,1082,1526,0.709043250327654,5429.853211009175,male,80-84,96,0.012535910159310526,0.008888502485172995
E02003589,E06000046,8488,996,1401,0.7109207708779444,6034.295503211992,female,80-84,107,0.012606032045240339,0.008961890019314332
E02003589,E06000046,8488,996,1401,0.7109207708779444,6034.295503211992,male,80-84,62,0.0073044297832233745,0.005192870852312978
E02003582,E06000046,8218,980,1434,0.6834030683403068,5616.206415620642,female,80-84,170,0.020686298369432952,0.014137079778273566
E02003582,E06000046,8218,980,1434,0.6834030683403068,5616.206415620642,male,80-84,109,0.013263567778048187,0.009064362916657758
E02003583,E06000046,6521,833,1202,0.6930116472545758,4519.128951747089,female,80-84,123,0.018862137708940345,0.013071681124415398
E02003583,E06000046,6521,833,1202,0.6930116472545758,4519.128951747089,male,80-84,103,0.01579512344732403,0.0109462045188194
E02003595,E06000046,8038,1007,1485,0.6781144781144781,5450.684175084175,female,85-89,140,0.017417267977108734,0.0118109015844771
E02003595,E06000046,8038,1007,1485,0.6781144781144781,5450.684175084175,male,85-89,96,0.011943269470017417,0.00809890394364144
E02003591,E06000046,9304,1125,1583,0.7106759317751106,6612.128869235628,female,85-89,115,0.012360275150472914,0.008784150059559083
E02003591,E06000046,9304,1125,1583,0.7106759317751106,6612.128869235628,male,85-89,52,0.005588993981083405,0.003971963505191934
E02003586,E06000046,7708,893,1296,0.6890432098765432,5311.145061728395,female,85-89,119,0.015438505448884277,0.010637797350195724
E02003586,E06000046,7708,893,1296,0.6890432098765432,5311.145061728395,male,85-89,60,0.007784120394395433,0.005363595302619693
E02003598,E06000046,7601,982,1443,0.6805266805266805,5172.683298683299,female,85-89,107,0.014077095119063281,0.009579838812834472
E02003598,E06000046,7601,982,1443,0.6805266805266805,5172.683298683299,male,85-89,62,0.008156821470859098,0.005550934639212498
E02003597,E06000046,5579,631,950,0.6642105263157895,3705.6305263157897,female,85-89,78,0.013981000179243593,0.009286327487476534
E02003597,E06000046,5579,631,950,0.6642105263157895,3705.6305263157897,male,85-89,42,0.0075282308657465494,0.005000330185564287
E02003584,E06000046,6261,693,1016,0.6820866141732284,4270.544291338582,female,85-89,79,0.012617792684874621,0.008606427490765858
E02003584,E06000046,6261,693,1016,0.6820866141732284,4270.544291338582,male,85-89,33,0.005270723526593196,0.0035950899644971307
E02003581,E06000046,7890,893,1324,0.6744712990936556,5321.578549848942,female,85-89,87,0.011026615969581748,0.0074371359976106504
E02003581,E06000046,7890,893,1324,0.6744712990936556,5321.578549848942,male,85-89,45,0.005703422053231939,0.0038467944815227502
E02003592,E06000046,9481,1314,1895,0.6934036939313984,6574.160422163589,female,85-89,198,0.020883873009176247,0.014480954688157039
E02003592,E06000046,9481,1314,1895,0.6934036939313984,6574.160422163589,male,85-89,118,0.012445944520620188,0.008630063905063287
E02003594,E06000046,9229,1103,1607,0.686372121966397,6334.528313627878,female,85-89,125,0.013544262650341315,0.009296404295784984
E02003594,E06000046,9229,1103,1607,0.686372121966397,6334.528313627878,male,85-89,81,0.008776682197421172,0.00602406998366867
E02003585,E06000046,6726,829,1218,0.680623973727422,4577.87684729064,female,85-89,107,0.01590841510556051,0.01082764870485194
E02003585,E06000046,6726,829,1218,0.680623973727422,4577.87684729064,male,85-89,65,0.009663990484686292,0.006577543605751179
E02003596,E06000046,8831,1127,1645,0.6851063829787234,6050.174468085106,female,85-89,155,0.017551806137470274,0.012024854417586018
E02003596,E06000046,8831,1127,1645,0.6851063829787234,6050.174468085106,male,85-89,77,0.008719284339259427,0.005973637355833054
E02003587,E06000046,8516,1019,1444,0.7056786703601108,6009.559556786703,female,85-89,85,0.009981211836542978,0.0070435282973942475
E02003587,E06000046,8516,1019,1444,0.7056786703601108,6009.559556786703,male,85-89,37,0.004344762799436355,0.0030660064353363195
E02003593,E06000046,5312,631,934,0.6755888650963597,3588.728051391863,female,85-89,95,0.017884036144578314,0.01208225568225794
E02003593,E06000046,5312,631,934,0.6755888650963597,3588.728051391863,male,85-89,55,0.010353915662650603,0.0069949901318335445
E02003590,E06000046,7465,911,1354,0.672821270310192,5022.610782865583,female,85-89,196,0.026255860683188213,0.01766550153795012
E02003590,E06000046,7465,911,1354,0.672821270310192,5022.610782865583,male,85-89,98,0.013127930341594107,0.00883275076897506
E02003588,E06000046,7658,1082,1526,0.709043250327654,5429.853211009175,female,85-89,86,0.011230086184382345,0.00796261680963414
E02003588,E06000046,7658,1082,1526,0.709043250327654,5429.853211009175,male,85-89,73,0.00953251501697571,0.00675896543143363
E02003589,E06000046,8488,996,1401,0.7109207708779444,6034.295503211992,female,85-89,50,0.00589066918001885,0.004187799074445949
E02003589,E06000046,8488,996,1401,0.7109207708779444,6034.295503211992,male,85-89,41,0.004830348727615457,0.0034339952410456787
E02003582,E06000046,8218,980,1434,0.6834030683403068,5616.206415620642,female,85-89,86,0.010464833292771964,0.007151699181950157
E02003582,E06000046,8218,980,1434,0.6834030683403068,5616.206415620642,male,85-89,61,0.007422730591384765,0.005072716861615809
E02003583,E06000046,6521,833,1202,0.6930116472545758,4519.128951747089,female,85-89,99,0.015181720595000767,0.010521109197700199
E02003583,E06000046,6521,833,1202,0.6930116472545758,4519.128951747089,male,85-89,44,0.006747431375555896,0.0046760485323112
E02003595,E06000046,8038,1007,1485,0.6781144781144781,5450.684175084175,female,90+,64,0.007962179646678278,0.005399269295760961
E02003595,E06000046,8038,1007,1485,0.6781144781144781,5450.684175084175,male,90+,22,0.002736999253545658,0.00185599882041783
E02003591,E06000046,9304,1125,1583,0.7106759317751106,6612.128869235628,female,90+,61,0.006556319862424763,0.004659418727244383
E02003591,E06000046,9304,1125,1583,0.7106759317751106,6612.128869235628,male,90+,39,0.004191745485812554,0.0029789726288939502
E02003586,E06000046,7708,893,1296,0.6890432098765432,5311.145061728395,female,90+,81,0.010508562532433836,0.007240853658536586
E02003586,E06000046,7708,893,1296,0.6890432098765432,5311.145061728395,male,90+,25,0.003243383497664764,0.0022348313760915386
E02003598,E06000046,7601,982,1443,0.6805266805266805,5172.683298683299,female,90+,80,0.010524930930140772,0.0071624963086612875
E02003598,E06000046,7601,982,1443,0.6805266805266805,5172.683298683299,male,90+,33,0.004341534008683068,0.002954529727322781
E02003597,E06000046,5579,631,950,0.6642105263157895,3705.6305263157897,female,90+,34,0.006094282129413873,0.004047886340694899
E02003597,E06000046,5579,631,950,0.6642105263157895,3705.6305263157897,male,90+,21,0.0037641154328732747,0.0025001650927821435
E02003584,E06000046,6261,693,1016,0.6820866141732284,4270.544291338582,female,90+,62,0.009902571474205398,0.006754411448449155
E02003584,E06000046,6261,693,1016,0.6820866141732284,4270.544291338582,male,90+,11,0.001756907842197732,0.0011983633214990436
E02003581,E06000046,7890,893,1324,0.6744712990936556,5321.578549848942,female,90+,87,0.011026615969581748,0.0074371359976106504
E02003581,E06000046,7890,893,1324,0.6744712990936556,5321.578549848942,male,90+,18,0.0022813688212927757,0.0015387177926091
E02003592,E06000046,9481,1314,1895,0.6934036939313984,6574.160422163589,female,90+,153,0.016137538234363463,0.011189828622666802
E02003592,E06000046,9481,1314,1895,0.6934036939313984,6574.160422163589,male,90+,67,0.0070667651091657,0.0049001210308410184
E02003594,E06000046,9229,1103,1607,0.686372121966397,6334.528313627878,female,90+,84,0.009101744501029364,0.006247183686767509
E02003594,E06000046,9229,1103,1607,0.686372121966397,6334.528313627878,male,90+,44,0.004767580452920143,0.003272334312116314
E02003585,E06000046,6726,829,1218,0.680623973727422,4577.87684729064,female,90+,63,0.00936663693131133,0.0063751576486511434
E02003585,E06000046,6726,829,1218,0.680623973727422,4577.87684729064,male,90+,34,0.005055010407374368,0.003440561270700617
E02003596,E06000046,8831,1127,1645,0.6851063829787234,6050.174468085106,female,90+,102,0.011550220813044956,0.0079131300038308
E02003596,E06000046,8831,1127,1645,0.6851063829787234,6050.174468085106,male,90+,40,0.004529498358056845,0.0031031882367963917
E02003587,E06000046,8516,1019,1444,0.7056786703601108,6009.559556786703,female,90+,77,0.009041803663691873,0.006380607987051259
E02003587,E06000046,8516,1019,1444,0.7056786703601108,6009.559556786703,male,90+,21,0.0024659464537341476,0.0017401658146503436
E02003593,E06000046,5312,631,934,0.6755888650963597,3588.728051391863,female,90+,63,0.011859939759036145,0.008012443241918424
E02003593,E06000046,5312,631,934,0.6755888650963597,3588.728051391863,male,90+,19,0.0035768072289156625,0.002416451136451588
E02003590,E06000046,7465,911,1354,0.672821270310192,5022.610782865583,female,90+,147,0.019691895512391158,0.013249126153462588
E02003590,E06000046,7465,911,1354,0.672821270310192,5022.610782865583,male,90+,64,0.008573342263898191,0.005768327032800038
E02003588,E06000046,7658,1082,1526,0.709043250327654,5429.853211009175,female,90+,65,0.008487855837033167,0.006018256891002547
E02003588,E06000046,7658,1082,1526,0.709043250327654,5429.853211009175,male,90+,29,0.003786889527291721,0.002685068459062675
E02003589,E06000046,8488,996,1401,0.7109207708779444,6034.295503211992,female,90+,49,0.005772855796418473,0.00410404309295703
E02003589,E06000046,8488,996,1401,0.7109207708779444,6034.295503211992,male,90+,14,0.001649387370405278,0.0011725837408448658
E02003582,E06000046,8218,980,1434,0.6834030683403068,5616.206415620642,female,90+,79,0.009613044536383548,0.006569584132256539
E02003582,E06000046,8218,980,1434,0.6834030683403068,5616.206415620642,male,90+,29,0.003528839133609151,0.0024116194915878436
E02003583,E06000046,6521,833,1202,0.6930116472545758,4519.128951747089,female,90+,68,0.010427848489495475,0.007226620459026399
E02003583,E06000046,6521,833,1202,0.6930116472545758,4519.128951747089,male,90+,34,0.005213924244747738,0.0036133102295131995
