ltla,sex,12-15,16-17,18-24,25-29,30-34,35-39,40-44,45-49,50-54,55-59,60-64,65-69,70-74,75-79,80-84,85-89,90+
E06000001,female,2301,1007,3363,3005,3157,2944,2629,2880,3481,3583,3017,2638,2579,1692,1496,972,587
E06000001,male,2326,1106,3720,3117,3006,2727,2426,2755,3113,3420,3014,2534,2472,1462,1086,592,261
E06000002,female,3412,1540,6632,5287,4786,4620,3709,4025,4379,4736,4272,3553,3199,2274,1892,1167,637
E06000002,male,3581,1634,7549,5837,5277,4019,3585,3895,4001,4400,3933,3219,2908,1972,1382,764,247
E06000003,female,3023,1387,4594,4052,4308,4039,3664,4294,5147,5366,4803,4294,4556,3188,2526,1489,911
E06000003,male,3293,1515,4985,4131,3900,3658,3335,3778,4702,5008,4569,3893,4033,2987,1974,983,454
E06000004,female,5003,2157,5793,6094,6665,6850,5960,6304,7142,7269,6295,5413,5183,3502,2832,1909,1069
E06000004,male,5091,2454,7144,6698,6579,6364,5652,6034,6823,6777,6007,5085,4806,3230,2186,1212,521
E06000005,female,2616,1185,3683,3230,3466,3375,3321,3693,3957,3900,3541,2960,3114,2143,1827,1158,701
E06000005,male,2585,1326,3610,3111,3203,3187,3091,3376,3819,3831,3244,2858,2878,1989,1399,774,330
E06000006,female,3275,1408,4635,4194,4387,4359,3967,4504,4450,4675,4286,3880,3612,2227,1637,1059,527
E06000006,male,3417,1483,4856,3987,3996,4026,3735,4044,4397,4408,3903,3573,3433,1995,1249,648,265
E06000007,female,4835,2317,6818,5956,6740,6932,6619,7251,8037,7779,6161,5471,5725,4370,3280,1805,1118
E06000007,male,5112,2428,7493,6372,6616,6754,6325,7442,7943,7790,6140,5166,5158,3699,2508,1289,463
E06000008,female,4312,2004,6078,4673,5169,5369,4527,4839,4943,4567,3838,3348,3181,2076,1631,972,491
E06000008,male,4386,2131,6881,5223,4963,5277,4672,4821,5061,4564,3926,3231,3053,1847,1313,607,236
E06000009,female,3076,1449,5094,4306,4101,3862,3659,4366,5233,5151,4392,3682,3979,2986,2315,1405,913
E06000009,male,3247,1578,5277,4171,4375,3760,3649,4340,5207,5348,4547,3723,3790,2598,1753,909,380
E06000010,female,5731,2608,12715,10440,10065,8643,6864,7569,7968,8236,7116,5827,5606,3735,3032,1899,1009
E06000010,male,6226,2743,13672,10822,10742,8792,7544,7872,8081,8128,6835,5781,5328,3152,2373,1215,480
E06000011,female,7371,3583,9170,7570,8479,9106,9474,11660,13423,13872,12649,12066,13391,9257,7074,4371,2592
E06000011,male,7758,3694,10844,8181,7914,8351,8851,11037,12732,13618,12261,11457,12481,8035,5692,3043,1172
E06000012,female,3757,1772,5270,4742,5396,4975,4205,5032,5762,5841,5098,4490,4611,3296,2760,1737,1109
E06000012,male,4095,1712,5674,4896,5231,4439,4158,4928,5349,5707,4943,4363,4262,2923,1964,1235,508
E06000013,female,4150,1859,5306,4792,5519,5330,4782,5381,6518,6492,5721,5265,5208,3791,2697,1773,1240
E06000013,male,4322,1950,5933,5013,5098,5190,4760,5370,6253,6526,5793,5070,5016,3325,2266,1182,461
E06000014,female,4106,1910,16817,7602,6595,6127,5736,6141,6593,6611,5653,5111,5547,4060,3337,2143,1466
E06000014,male,4271,1984,15019,8926,7491,6359,5627,6070,6405,6374,5390,4652,4814,3289,2460,1330,665
E06000015,female,6438,2864,11625,8585,9052,8471,7761,7945,8616,8076,6575,5554,5752,4419,3468,2470,1636
E06000015,male,6813,3226,13446,9487,9116,8231,7337,7839,8333,7868,6399,5271,5157,3627,2740,1531,736
E06000016,female,8682,4042,24894,14991,12902,11770,10053,9623,9482,9192,8259,6792,5720,3979,3296,2253,1598
E06000016,male,9189,4155,26267,16857,13121,12079,10748,9702,9205,9236,7984,6832,5327,3295,2431,1404,675
E06000017,female,1025,566,878,922,878,1019,1095,1259,1556,1487,1350,1278,1453,1098,757,500,404
E06000017,male,1059,606,1340,1261,1198,1171,1243,1349,1448,1497,1330,1257,1393,998,661,381,165
E06000018,female,7147,3084,33784,15270,11241,9375,8274,8464,9003,8357,6897,5886,4949,3724,3012,2027,1470
E06000018,male,7520,3584,34618,17665,12745,10778,9395,8798,8846,8322,6856,5664,5175,3031,2226,1351,610
E06000019,female,3909,1937,5878,5062,5453,5363,5227,5931,7221,7479,6937,6647,6664,5006,3594,2420,1562
E06000019,male,4377,1944,6111,5439,5838,5543,5142,5695,6913,7356,6540,6197,6340,4506,3041,1674,807
E06000020,female,4685,2079,7164,5720,5898,5977,5438,5905,6489,6102,5155,4764,4620,3251,2333,1307,750
E06000020,male,4760,2014,7573,5889,5625,6024,5470,6158,6554,6049,4747,4465,4171,2969,1802,934,373
E06000021,female,6034,2698,10692,9002,9068,8260,6959,7722,8145,8056,7118,6301,6356,4582,3446,2028,1096
E06000021,male,6360,2922,12540,9391,9261,8815,7307,7776,8453,8280,7058,6095,5909,4136,2620,1311,534
E06000022,female,4157,1860,13828,7314,5646,5062,5184,5867,6208,6335,5315,4883,5096,3895,3016,1991,1409
E06000022,male,4379,2070,14770,8331,6082,5134,4889,5640,6083,5954,5049,4370,4629,3339,2320,1363,680
E06000023,female,9679,4171,32811,24905,20578,16098,12849,12118,12181,11581,9807,8367,8022,5956,4672,3383,2418
E06000023,male,9880,4522,32156,26025,23117,17439,14378,12491,12091,11373,9187,7977,7542,5031,3682,2141,1083
E06000024,female,4725,2293,6509,5201,5876,6675,6750,7351,7989,7703,6937,6624,7499,5548,4026,2838,1872
E06000024,male,5179,2397,6821,5121,5575,6101,6298,7115,7727,7629,6373,5970,6637,5032,3234,1833,890
E06000025,female,6519,2898,11529,9169,9987,9799,8861,9319,10356,9762,7896,6997,7367,5997,4402,2876,1809
E06000025,male,6701,3068,12365,9637,9333,9623,8871,9244,10261,9754,7714,6570,6644,5288,3527,2026,906
E06000026,female,5728,2541,14710,8241,8383,8509,7065,7861,8929,8573,7526,6613,6960,5028,3868,2526,1553
E06000026,male,5853,2725,14792,9644,8868,8721,7138,7568,8214,8257,7589,5996,6352,4468,3031,1686,879
E06000027,female,2781,1311,3833,3293,3482,3548,3506,4153,5099,5433,4953,4801,5207,3914,2851,1935,1367
E06000027,male,2986,1425,4332,3401,3515,3353,3064,3994,4741,5119,4772,4407,4858,3563,2268,1344,628
E06000030,female,5288,2399,7395,6534,7715,8225,7305,7908,7968,7628,6331,5388,5094,3697,2713,1811,1114
E06000030,male,5596,2530,7984,6251,7177,7880,7782,8427,8443,7897,6406,5183,4671,3144,2220,1248,590
E06000031,female,5135,2257,6481,6043,7585,7955,6705,6441,6474,6048,5043,4591,4093,2936,2290,1625,1032
E06000031,male,5386,2320,7182,6814,8110,7784,7000,6723,6605,5808,4804,4018,3951,2516,1869,1070,502
E06000032,female,5668,2553,8307,6830,8074,8445,6914,6206,6269,6035,4771,3845,3396,2590,2327,1506,916
E06000032,male,6192,2790,8822,7697,9538,9087,7635,6739,6284,6003,4826,3685,3114,2198,1874,1042,479
E06000033,female,4336,1771,6261,5019,5806,6309,6285,6532,6619,6075,5153,4679,5036,3733,2756,1935,1481
E06000033,male,4459,2087,6245,5155,5403,5935,6253,6468,6390,6367,5101,4383,4491,3035,2198,1282,652
E06000034,female,4755,2026,6045,5743,7174,7267,6381,6050,5947,5161,3995,3540,3578,2437,1751,1088,641
E06000034,male,4880,2124,6484,5224,6291,6492,6125,6060,6084,5348,4181,3469,3312,1949,1319,722,292
E06000035,female,6835,3282,10519,9898,10222,9525,8961,8969,9604,9180,7747,6424,6682,4623,3380,2015,1239
E06000035,male,7211,3382,11451,9369,10033,9165,8639,9005,9598,9048,7495,6181,6120,4084,2627,1348,550
E06000036,female,3265,1559,4070,3733,4420,4896,4778,4484,4575,4231,3479,2755,2610,1824,1390,863,605
E06000036,male,3488,1609,4729,3522,4280,4384,4355,4615,4508,4278,3378,2704,2360,1515,1097,605,288
E06000037,female,4200,2109,4832,3786,4293,4913,5362,5971,6071,5863,4864,4349,4485,3313,2174,1439,930
E06000037,male,4316,2097,5414,4047,4134,4541,4888,5670,6286,5869,5007,4118,4093,2829,1901,966,509
E06000038,female,3674,1638,8604,6223,5739,5812,5441,4962,4946,4459,3431,2807,2747,2106,1592,1070,677
E06000038,male,3981,1662,8710,6965,6382,6555,5854,5393,5076,4507,3689,2753,2438,1732,1285,716,412
E06000039,female,4567,1809,4989,4186,5710,6932,6062,4814,4428,3778,3187,2464,2045,1378,1129,791,498
E06000039,male,4724,2016,5677,4488,5240,6783,6857,5569,4670,3926,3071,2641,1780,1232,880,496,223
E06000040,female,3971,1876,4479,3594,4319,5453,5392,5746,5752,5220,4181,3600,3865,3024,2348,1589,1183
E06000040,male,4486,2286,5007,3551,4307,4694,5358,5647,5705,5561,4116,3403,3436,2533,1817,1081,635
E06000041,female,4638,2129,5465,4163,5320,6343,6778,6574,6340,5969,4740,4016,4349,3190,2366,1594,1131
E06000041,male,4810,2169,5877,4202,4640,5307,6515,6624,6304,5995,4945,3804,3725,2798,1930,1136,532
E06000042,female,7407,3228,8019,7818,9752,11222,10501,9529,9097,8177,7105,6319,5763,3753,2776,1688,1171
E06000042,male,7823,3321,9206,7907,8696,10747,10671,9697,8892,7973,6869,5754,5023,3201,2035,1003,531
E06000043,female,5597,2700,22460,13239,10546,9113,9177,9417,9801,8964,6472,5365,5118,3862,2963,2046,1573
E06000043,male,5934,2882,21316,14931,12012,10451,9248,9900,10102,8781,6459,5128,5134,3228,2318,1461,821
E06000044,female,4553,2217,14277,8431,7472,6831,5719,6046,6542,6334,5122,4115,4378,3078,2469,1620,1069
E06000044,male,4944,2183,17493,10178,8185,7318,6217,6271,6430,6290,5212,3838,3996,2660,1775,1047,523
E06000045,female,5055,2247,18717,11619,8831,8179,6964,6399,6603,6632,5609,4783,4662,3497,2606,1816,1245
E06000045,male,5450,2521,21087,13953,10009,8601,7375,7063,6745,6989,5713,4581,4259,2940,1932,1100,557
E06000046,female,2792,1328,4188,3264,3284,3458,3431,4490,5581,5625,5517,5445,5816,4287,2916,1965,1356
E06000046,male,3100,1474,4777,3612,3364,3339,3380,4001,4932,5377,5145,5001,5610,3957,2448,1364,693
E06000047,female,11543,5245,24293,16870,15978,15744,14688,16546,19453,19994,18044,15903,16086,11414,8462,5072,2716
E06000047,male,12055,5457,25773,17231,14878,15451,13762,15893,18813,19376,16801,15149,15058,10255,6689,3374,1404
E06000049,female,8787,4190,11245,9562,10496,11544,11556,13763,15411,15255,12670,11619,12616,9315,6881,4393,3113
E06000049,male,9275,4339,11931,9978,9870,10411,10974,13129,14556,14744,12356,10930,11726,8345,5604,3071,1535
E06000050,female,7629,3616,12771,9528,10141,10564,10114,11777,13006,13213,11326,10035,10681,7602,5792,3687,2360
E06000050,male,8153,3652,12631,10120,9237,9602,9415,11091,12215,12396,10583,9523,9907,7018,4683,2396,1231
E06000051,female,7183,3671,9652,7927,8612,8797,8731,10695,12319,12832,11483,10870,11372,8606,6116,3916,2718
E06000051,male,7327,3489,10730,8773,9437,8810,8628,10273,12252,12827,11128,10354,10503,7687,5045,2755,1274
E06000052,female,12301,5694,19931,13713,14415,15815,15772,19067,21898,22263,21155,19727,21299,15254,10263,6812,4589
E06000052,male,12803,6097,21697,13988,13702,14257,14666,17025,19696,20914,19531,18224,19875,13399,8558,4711,2129
E06000053,female,29,8,96,63,73,59,84,85,69,74,64,79,87,64,43,29,21
E06000053,male,44,14,71,59,60,47,59,51,90,89,77,75,72,58,51,19,19
E06000054,female,12172,5801,14520,12195,13960,15130,14967,17850,19541,18843,16232,14779,15401,11618,8283,5607,3869
E06000054,male,12481,5885,17180,13557,15028,14642,14303,16630,18652,18502,15706,13897,14290,10143,6772,3943,1756
E06000055,female,4210,2035,5926,4670,5761,6298,6049,5937,6205,5926,5049,4308,4299,3071,2346,1733,1217
E06000055,male,4608,2226,6452,4730,5019,5581,5629,5832,6305,5886,4837,4021,4109,2719,1912,1129,558
E06000056,female,6848,3107,9087,8570,10994,10847,10024,10209,10696,10382,8429,7484,7574,5433,3802,2415,1428
E06000056,male,7115,3291,9913,8675,10032,9832,9641,9831,10421,10226,8458,6849,7015,4814,3189,1800,829
E06000057,female,6602,3233,9375,8013,8821,9335,9077,10357,12195,13699,13022,11579,11921,8034,5891,3731,2356
E06000057,male,7315,3500,10689,8273,8300,8218,8666,9684,11282,12600,12045,10911,10937,7452,4747,2605,1204
E06000058,female,8192,3967,17440,10495,11470,12925,11943,12345,13197,13310,11601,10933,12018,8791,6884,5144,3635
E06000058,male,8850,3974,19133,11813,11731,13052,12504,12930,13710,13225,10970,9955,10870,7729,5589,3453,1842
E06000059,female,8164,3946,9770,7828,8803,9349,9525,11724,13981,15365,14687,14324,16065,11632,8370,5733,3926
E06000059,male,8669,4191,11474,8701,9220,8142,9262,11086,13226,14529,13656,13091,14660,10620,7094,4090,2160
E06000060,female,14423,6551,16571,14089,16445,18468,19104,19421,20453,19068,15943,13666,14220,10890,8504,5680,4035
E06000060,male,14696,6871,18445,14257,14648,16697,18084,19492,19903,19274,15780,12859,12700,9285,6675,3814,1786
E07000008,female,2466,1266,12326,5071,2507,3113,3406,3289,3294,3106,2634,2380,2107,1603,1269,946,780
E07000008,male,2654,1217,13479,7394,4807,3442,3368,3296,3576,3253,2500,2169,1929,1377,1031,684,373
E07000009,female,2170,952,2589,2177,2708,3270,3160,3335,3367,3196,2736,2573,2617,1867,1334,885,681
E07000009,male,2380,1090,2836,2201,2360,2713,2970,3260,3331,3100,2611,2329,2522,1727,1164,683,274
E07000010,female,2053,1067,3256,2896,3158,3096,2650,3223,3676,3710,3215,3223,3278,2349,1739,1218,912
E07000010,male,2222,1071,3638,3018,3223,2912,2743,3098,3556,3681,3218,3057,3162,2182,1442,809,386
E07000011,female,3815,1835,5432,4990,5694,5905,5593,6179,6751,6561,5426,5035,5234,3747,2668,1604,1167
E07000011,male,4211,1980,6023,4909,5943,5639,5637,6191,6747,6468,5485,4585,5073,3478,2154,1186,545
E07000012,female,4061,1883,4481,3612,4665,5481,5939,6110,6069,5629,4547,4220,4472,3220,2422,1561,1150
E07000012,male,4354,1972,4958,3717,4569,5130,5785,6133,5874,5586,4701,3889,4148,2934,1979,1211,579
E07000026,female,2073,942,3028,2460,2470,2701,2576,3290,3953,3869,3591,3257,3385,2379,1826,1183,889
E07000026,male,2170,1046,3266,2755,2555,2465,2456,2951,3782,3810,3417,3155,3322,2307,1537,803,350
E07000027,female,1467,669,2360,2059,2001,1886,1705,2251,2579,2493,2213,1974,2067,1583,1137,610,381
E07000027,male,1549,706,2616,2075,2036,1849,1714,1979,2550,2529,2124,1890,1973,1458,922,412,202
E07000028,female,2307,1099,3992,3223,3065,3336,3003,3489,4091,4133,3780,3279,3343,2418,1859,1255,782
E07000028,male,2479,1230,3512,3111,2931,3165,2975,3551,3805,4038,3709,3179,3176,2134,1520,770,338
E07000029,female,1405,683,2108,1821,2013,1914,1832,2254,2643,2773,2488,2175,2087,1505,1181,708,427
E07000029,male,1534,732,2320,2030,1813,1795,1713,2048,2609,2814,2597,2163,2192,1512,997,483,193
E07000030,female,1062,533,1435,1191,1207,1309,1412,1734,2250,2381,2153,1979,1963,1407,1081,656,543
E07000030,male,1173,536,1651,1383,1281,1256,1240,1610,2092,2267,2118,2043,1984,1363,930,489,211
E07000031,female,2166,1103,2846,2149,2188,2711,2770,3464,4191,4521,4188,3752,4216,3026,2312,1558,1074
E07000031,male,2349,1208,3595,2393,2132,2438,2457,3102,3866,4207,3890,3664,4157,2851,1946,1044,495
E07000032,female,2728,1265,4188,3959,3806,3937,3766,4433,5178,4963,4241,3869,4236,3029,2027,1250,968
E07000032,male,2797,1339,4301,3789,3492,3489,3571,4472,4995,4938,4276,3829,4040,2749,1626,848,376
E07000033,female,1806,856,2852,2573,2657,2496,2264,2827,3285,2986,2634,2286,2270,1772,1172,745,466
E07000033,male,1832,821,2978,2567,2448,2531,2260,2665,3287,2953,2578,2252,2222,1652,926,469,185
E07000034,female,2216,1020,3622,3364,3285,3132,3065,3554,4075,3917,3409,3053,3219,2342,1708,1101,772
E07000034,male,2277,1045,3802,3419,3156,3230,2846,3465,3994,3802,3408,2989,2910,2084,1317,722,294
E07000035,female,1553,780,1968,1518,1566,1662,1857,2439,3049,3139,2821,2699,2835,2054,1480,961,611
E07000035,male,1581,822,2243,1776,1626,1550,1708,2388,3023,3120,2782,2566,2720,1914,1191,642,253
E07000036,female,2474,1180,3827,3723,3952,3608,3411,3988,4647,4339,3418,3131,3370,2469,1863,1288,848
E07000036,male,2698,1278,4028,3474,3672,3227,3193,3913,4372,4335,3446,2973,3011,2195,1481,830,350
E07000037,female,2022,970,2942,2663,2605,2839,2666,3187,3784,3815,3271,2754,2852,2090,1406,896,585
E07000037,male,2138,1010,3125,2678,2749,2545,2401,3059,3688,3808,3239,2827,2798,1816,1111,595,243
E07000038,female,2182,992,3174,2882,2896,2840,2883,3406,3957,3899,3633,3366,3659,2863,1930,1147,554
E07000038,male,2150,1042,3329,2897,2722,2641,2580,3286,3762,3822,3483,3191,3365,2517,1603,831,372
E07000039,female,2520,1257,3602,3568,3859,3719,3554,3900,4291,3986,3191,2941,2957,1994,1376,934,546
E07000039,male,2842,1300,3896,3200,3460,3523,3279,3946,4300,3852,3187,2819,2723,1894,1081,572,251
E07000040,female,3005,1397,3769,3107,3562,3740,3878,4597,5371,5656,5521,5661,6309,4785,3559,2520,1833
E07000040,male,3253,1495,4294,3354,3589,3356,3538,4159,4957,5038,4991,4970,5694,4276,2913,1713,871
E07000041,female,2421,1062,11915,5765,4568,3683,3475,3432,3771,3560,3012,2896,2930,2293,1719,1216,1105
E07000041,male,2525,1192,12157,6854,5542,4295,3532,3612,3698,3468,2928,2460,2581,1778,1287,692,346
E07000042,female,2004,935,2545,2002,2355,2470,2351,2785,3213,3285,2895,2677,2744,1987,1431,927,696
E07000042,male,2225,974,2774,1912,1964,2168,2111,2655,3021,3107,2705,2619,2708,1855,1146,656,314
E07000043,female,2213,981,2798,2315,2520,2616,2646,3098,3765,3929,3536,3269,3501,2757,1873,1194,943
E07000043,male,2224,1042,3106,2611,2668,2404,2545,3009,3430,3717,3384,3022,3346,2358,1542,892,424
E07000044,female,1890,884,2200,1715,1959,2359,2421,2695,3527,3842,3597,3501,3691,2597,1752,1211,708
E07000044,male,1942,921,2634,1869,1916,1905,2103,2463,3084,3458,3400,3170,3414,2327,1519,802,428
E07000045,female,2712,1286,3573,3267,3708,3706,3677,4283,5168,5623,5086,4964,5229,3688,2674,1783,1462
E07000045,male,2986,1364,4129,3099,3430,3348,3489,3897,4794,5212,4656,4522,4790,3347,2032,1219,553
E07000046,female,1350,665,1748,1513,1725,1674,1796,2162,2570,2845,2947,2697,2739,1963,1274,879,595
E07000046,male,1492,699,2071,1531,1680,1519,1627,1886,2461,2701,2674,2581,2677,1803,1115,648,279
E07000047,female,1234,569,1365,1072,1328,1401,1453,1769,2230,2506,2251,2116,2324,1617,1117,742,555
E07000047,male,1325,630,1587,1177,1242,1296,1361,1602,2030,2355,2198,1995,2151,1553,940,566,239
E07000061,female,2101,1022,3648,2527,2584,3084,3101,3253,3584,3674,3364,3247,3671,2618,2159,1595,1302
E07000061,male,2308,1137,3983,2745,2711,2981,2859,3080,3460,3521,3078,2695,3276,2260,1650,1026,663
E07000062,female,1999,946,3156,2656,3023,2878,2659,2956,3560,3523,3150,2751,2791,1803,1300,872,859
E07000062,male,2194,1025,3347,2666,2762,2767,2555,3080,3433,3367,2742,2499,2588,1652,1042,584,378
E07000063,female,2249,1113,3153,2367,2620,2872,3065,3602,3889,3910,3444,3471,3775,2820,2128,1462,1203
E07000063,male,2542,1245,3407,2407,2428,2783,2632,3176,3792,3843,3319,3106,3399,2298,1668,1002,549
E07000064,female,1980,851,2579,2066,2072,2172,2302,2815,3547,3852,3805,3792,4562,3326,2438,1642,1302
E07000064,male,2036,932,2908,2190,1989,1944,1961,2599,3302,3693,3393,3497,4113,2889,1939,1110,636
E07000065,female,3714,1792,4616,3694,4019,4378,4592,5566,6440,6546,5899,5534,6318,4480,3235,2257,1557
E07000065,male,3885,1849,5050,3709,3494,3913,3901,5070,5969,6287,5631,4964,5427,4042,2621,1478,767
E07000066,female,4506,2092,6593,6060,7038,6691,6219,6280,6674,6293,5205,4480,4729,3331,2647,1737,1058
E07000066,male,4838,2242,6848,5774,6319,5985,5847,5953,6393,5919,4978,3945,4113,2718,1923,1088,478
E07000067,female,3760,1644,4651,4163,4980,4937,4749,5389,5977,5584,4705,4338,4746,3185,2202,1477,1083
E07000067,male,3830,1771,5338,4086,4464,4683,4313,5314,5726,5332,4466,4089,4112,2894,1840,1018,512
E07000068,female,1836,918,2506,2258,2377,2609,2555,2722,2925,2915,2303,1913,2104,1585,1365,983,689
E07000068,male,1789,945,2571,2320,2292,2146,2462,2480,2869,2796,2192,1822,1930,1336,965,628,321
E07000069,female,1987,958,2989,2380,2529,2501,2491,2852,3307,3235,2859,2981,3556,2614,1937,1114,582
E07000069,male,2028,1054,3286,2534,2436,2291,2283,2692,3239,3156,2811,2576,3046,2197,1426,745,319
E07000070,female,4267,1956,5955,5451,5932,6177,5929,6309,6549,6047,5009,4608,5153,3549,2757,1769,1097
E07000070,male,4552,2071,6264,5591,5820,5935,5917,6382,6321,5873,4990,4181,4453,3063,2136,1347,616
E07000071,female,4209,1964,9994,7171,7100,6506,5947,6171,6519,5957,4993,4665,5171,3581,2507,1700,1014
E07000071,male,4578,1998,11617,7613,6828,6379,6082,6313,6384,5920,4720,4148,4423,3025,2121,1190,511
E07000072,female,2844,1414,4290,3926,4439,4493,4477,4599,5088,5056,4015,3420,3527,2743,2075,1424,1010
E07000072,male,3144,1422,4598,3873,3874,3925,4020,4223,4731,4669,3787,3107,3227,2345,1588,964,492
E07000073,female,2089,938,2817,2906,3408,3533,2911,2760,2951,2838,2471,1966,1848,1374,1123,833,478
E07000073,male,2276,981,3173,2708,3127,3173,2867,2605,2740,2684,2323,1770,1522,1043,771,454,234
E07000074,female,1398,673,1985,1461,1623,1650,1805,2334,2809,2592,2431,2177,2452,1690,1233,691,492
E07000074,male,1487,694,2186,1532,1521,1345,1667,2082,2576,2636,2432,2148,2339,1575,1057,557,233
E07000075,female,1922,945,2893,2379,2350,2505,2656,3062,3461,3284,2798,2596,3021,2193,1666,1038,629
E07000075,male,2117,1010,3100,2397,2383,2319,2450,2967,3269,3172,2777,2375,2694,1823,1309,762,271
E07000076,female,3067,1389,4344,3522,3577,3415,3561,4339,5250,5717,5575,5527,6703,4720,3316,2140,1454
E07000076,male,3045,1567,4907,3662,3301,3038,3101,3825,4869,5156,5063,5044,5757,4269,2851,1542,728
E07000077,female,2308,1173,2688,2280,2754,2966,3092,3443,3690,3536,2912,2414,2505,1834,1319,919,725
E07000077,male,2403,1134,3003,2318,2428,2617,2935,3295,3636,3442,2820,2333,2456,1695,1076,676,288
E07000078,female,2721,1413,5134,3623,3803,3818,3507,3530,3784,3999,3249,3058,3193,2462,1843,1344,937
E07000078,male,2607,1335,5114,3610,3812,4099,3741,3660,3987,3817,3218,2740,2776,1974,1485,858,448
E07000079,female,1993,981,2689,1822,2133,2503,2658,3156,3582,3757,3278,3162,3303,2464,1822,1235,792
E07000079,male,1935,926,2887,1972,1856,2163,2327,3033,3494,3463,3111,2973,3026,2192,1471,816,402
E07000080,female,1789,1085,3047,2092,2193,2294,2189,2823,3476,3526,3141,3024,3080,2207,1503,980,646
E07000080,male,1850,1011,3321,2227,2157,2021,2078,2693,3355,3437,3015,2920,2931,2122,1347,664,271
E07000081,female,2995,1404,5471,3892,4833,4472,3834,4066,4639,4412,3692,3101,3118,2368,1671,1119,776
E07000081,male,3251,1423,5707,4025,4339,4478,4146,4315,4581,4335,3558,2866,2729,2020,1331,723,304
E07000082,female,2762,1356,3547,2934,3255,3453,3572,4501,4744,4797,4195,3792,4009,2813,2065,1401,701
E07000082,male,2983,1416,3934,2966,2970,3168,3528,4365,4673,4550,4069,3610,3602,2550,1654,949,341
E07000083,female,2053,1019,2844,2708,3231,3149,2920,3191,3480,3538,3168,2948,2988,2233,1669,1049,730
E07000083,male,2223,1006,2868,2552,2825,2896,2854,3147,3557,3388,2862,2644,2730,1999,1359,677,310
E07000084,female,4149,1898,5816,4972,6073,6474,6088,6516,6610,6305,5056,4359,4682,3277,2353,1439,855
E07000084,male,4359,1924,6169,4793,5733,5976,5915,6288,6721,6359,5149,4033,4105,2845,1883,1003,486
E07000085,female,3083,1419,3762,2918,3076,3324,3934,4504,5041,5068,4264,3622,4176,3054,2364,1525,1124
E07000085,male,3020,1504,4105,2812,2851,2899,3212,4192,4531,4664,4178,3496,3814,2674,1790,1118,543
E07000086,female,3192,1456,4238,4164,4777,4746,4594,4659,4770,4860,4027,3631,3751,2705,2149,1356,964
E07000086,male,3398,1592,4590,3776,4339,4220,4210,4460,4685,4467,4034,3356,3390,2359,1659,924,520
E07000087,female,2482,1229,3464,2910,3418,3420,3363,4135,4476,4526,3849,3548,3905,3013,2248,1575,1015
E07000087,male,2649,1293,4184,3068,3241,3152,3224,3760,4207,4343,3883,3037,3549,2549,1803,1078,507
E07000088,female,1976,898,2980,2423,2655,2675,2363,2811,3061,3110,2671,2353,2542,1783,1287,979,552
E07000088,male,2090,1017,3557,2637,2680,2575,2407,2618,2817,3016,2731,2177,2355,1478,1070,594,285
E07000089,female,2508,1115,2590,2159,2702,3170,3499,3909,3674,3524,2783,2499,2830,2227,1616,926,712
E07000089,male,2639,1207,3183,2339,2870,2840,3325,3827,3650,3624,2694,2166,2486,1769,1292,674,347
E07000090,female,2806,1348,4475,3487,3802,3568,3275,4007,4778,4886,4404,3764,4226,3139,2479,1639,1065
E07000090,male,2984,1363,4678,3751,3452,3338,3024,3545,4217,4509,4131,3625,3740,2662,1889,1167,584
E07000091,female,3678,1767,5059,3912,4255,4429,4722,5823,6590,7308,6570,6508,7356,5495,4299,2976,2317
E07000091,male,3920,1779,5604,4106,3995,3914,4280,5178,6091,6721,6208,5967,6600,4938,3355,2169,1190
E07000092,female,2097,958,3102,3014,3614,3448,3344,3383,3442,3180,2352,2027,1963,1431,1063,656,505
E07000092,male,2277,1016,3517,3256,3799,3667,3292,3471,3451,3289,2511,1868,1863,1331,881,424,212
E07000093,female,2848,1373,3640,3364,3836,4011,3988,4591,4825,4858,3931,3633,4030,2963,2058,1429,954
E07000093,male,2962,1328,3916,3135,3587,3542,3738,4370,4752,4596,3969,3323,3621,2615,1794,1013,445
E07000094,female,3012,1435,6277,3004,3237,3467,3931,4413,4492,4477,3820,3371,3789,2769,2130,1507,1137
E07000094,male,3457,1711,5924,2909,2880,3203,3611,4289,4338,4462,3691,3250,3355,2469,1741,1034,547
E07000095,female,2336,1070,3309,2897,3415,3675,3279,3400,3787,3393,2804,2249,2410,1842,1531,1032,563
E07000095,male,2475,1133,3762,2946,3074,2994,3086,2995,3392,3187,2589,1983,2115,1582,1148,608,300
E07000096,female,3673,1693,4748,4416,5532,5891,5625,5476,5416,5399,4597,3733,3743,2693,2101,1515,1054
E07000096,male,3949,1762,5096,4260,4939,5341,5346,5460,5382,5322,4496,3642,3270,2286,1605,1007,501
E07000098,female,2758,1289,3474,3097,3287,3854,3739,3818,3894,3766,2880,2551,2779,2015,1608,1154,783
E07000098,male,2859,1360,3591,2842,2904,3175,3403,3371,3520,3505,2800,2285,2297,1598,1195,712,375
E07000099,female,3159,1426,3812,3590,4243,4880,4851,5002,4855,4621,3775,3341,3595,2619,2119,1551,972
E07000099,male,3184,1547,4102,3686,4027,4354,4660,4811,4802,4649,3752,3111,3159,2320,1609,1017,443
E07000102,female,2458,1162,2890,2571,2746,3447,3468,3516,3488,3407,2654,2324,2348,1723,1384,976,645
E07000102,male,2577,1163,3196,2451,2544,2879,3318,3419,3443,3292,2520,2183,2055,1517,1053,678,336
E07000103,female,2418,1087,3227,3238,3928,4372,3742,3402,3136,2625,2199,1818,1715,1289,1058,706,496
E07000103,male,2551,1229,3432,3027,3762,4052,3944,3468,3234,2830,2229,1694,1484,1084,803,500,211
E07000105,female,3332,1602,4439,3680,4096,4202,4174,4612,4979,4594,3783,3374,3861,2814,1893,1238,782
E07000105,male,3439,1592,4296,3717,3663,3664,3796,4190,4993,4649,3593,3239,3446,2368,1535,834,389
E07000106,female,3432,1679,12894,5945,4083,4283,4092,4488,5173,5181,4766,4491,5067,3661,2682,1810,1450
E07000106,male,3741,1819,12793,7515,5020,3957,3622,4144,4885,4926,4409,4145,4476,2991,2104,1129,619
E07000107,female,2870,1259,3673,3661,5154,4939,4038,3780,3932,3325,2733,2114,2205,1622,1267,877,524
E07000107,male,3098,1283,3846,3304,4350,4601,4330,3933,3829,3438,2716,2090,1995,1334,951,592,294
E07000108,female,2801,1245,3656,3360,3252,3370,3235,3715,4313,4566,4252,3879,4074,2825,2007,1274,932
E07000108,male,2780,1225,4084,3242,3308,3202,3047,3607,4296,4484,4054,3668,3932,2605,1664,895,446
E07000109,female,2806,1162,3570,3302,3792,3690,3444,3635,3809,3560,2902,2514,2606,1874,1552,1017,538
E07000109,male,2894,1390,3953,2996,3340,3475,3263,3601,3864,3576,2964,2392,2248,1682,1164,694,322
E07000110,female,4051,1929,5573,4992,5728,6072,5462,5959,6326,5979,4928,4430,4865,3378,2676,1757,1096
E07000110,male,4358,2033,6095,5232,5422,5428,5165,5652,6346,5891,4835,4012,4455,3025,2057,1174,470
E07000111,female,3139,1413,3544,3022,3263,3752,4149,4405,4642,4244,3738,3441,3806,2711,2046,1401,970
E07000111,male,3230,1360,3647,2743,3111,3382,3828,4103,4334,4339,3477,3129,3309,2342,1642,1008,471
E07000112,female,2345,1064,3397,2820,3191,3234,3101,3598,4220,4289,3948,3715,4204,2781,2050,1314,1084
E07000112,male,2506,1159,3902,3041,3166,3041,3033,3602,4278,4236,3665,3436,3955,2607,1698,931,523
E07000113,female,3679,1680,5335,4317,4788,5060,4583,4750,5506,5412,4510,3931,4390,3060,2106,1287,800
E07000113,male,3991,1744,5929,4628,4531,4367,4266,4625,5225,5265,4476,3843,4033,2742,1738,821,359
E07000114,female,3269,1479,4622,3674,4043,4265,4030,4443,5069,5080,4768,4692,5023,3598,2561,1697,1109
E07000114,male,3591,1623,5014,3931,3606,3690,3551,4142,4554,4851,4300,4268,4504,3071,1977,1045,487
E07000115,female,3419,1580,4268,3705,3967,4472,4563,4923,5069,4760,3811,3141,3644,2760,1993,1256,824
E07000115,male,3715,1841,4542,3284,3602,3677,4097,4780,4888,4661,3807,3166,3235,2320,1630,874,344
E07000116,female,3383,1623,3404,2733,3300,3919,4027,4486,4546,4232,3491,3003,3203,2430,1779,1339,1087
E07000116,male,3387,1587,3468,2722,3236,3860,4028,4643,4781,4181,3345,2686,2983,2083,1413,870,534
E07000117,female,2248,941,3102,2971,3104,2906,2638,2657,2995,3087,2629,2346,2528,1724,1177,743,595
E07000117,male,2318,1093,3405,2846,2853,2676,2580,2650,3055,2853,2660,2222,2322,1500,935,464,242
E07000118,female,2736,1262,3571,3371,3948,3888,3692,4231,4482,4257,3587,3323,3532,2518,1658,1001,583
E07000118,male,2863,1318,4044,3380,3814,3850,3698,4381,4396,4441,3543,3204,3434,2277,1417,667,249
E07000119,female,1774,787,2119,1782,1993,2106,2118,2601,3143,3452,3081,2743,3185,2397,1844,1252,803
E07000119,male,1795,779,2366,1889,1868,2108,2027,2424,3044,3242,3013,2735,2975,2145,1391,792,360
E07000120,female,1999,896,3054,2574,2763,2620,2325,2630,2853,2689,2390,2000,2198,1617,1112,704,360
E07000120,male,2101,1025,3259,2569,2522,2501,2244,2518,2927,2677,2241,1946,2076,1431,914,440,206
E07000121,female,2944,1431,9714,5179,4092,3971,3831,4045,4865,5081,4538,3992,4086,2990,2262,1470,1011
E07000121,male,3333,1462,10992,6038,3997,3672,3503,3958,4614,4632,4164,3704,3896,2713,1890,966,455
E07000122,female,2234,975,3115,2743,3187,3195,2675,2838,3102,3050,2836,2446,2463,1693,1195,795,505
E07000122,male,2369,1019,3405,2769,3108,3170,2765,2859,2912,2865,2637,2450,2447,1623,968,549,258
E07000123,female,3344,1556,8506,5480,4780,4454,4038,4192,4462,4384,3640,3049,2796,2088,1710,1112,587
E07000123,male,3733,1705,8455,6131,5230,4637,4358,4345,4641,4589,3683,2993,2737,1832,1318,758,290
E07000124,female,1491,735,1926,1383,1579,1610,1781,2188,2570,2585,2226,1930,2109,1526,1128,699,520
E07000124,male,1572,815,2178,1555,1509,1413,1543,2060,2423,2612,2204,1824,1992,1355,866,513,250
E07000125,female,1782,756,2340,2021,2428,2294,2270,2587,2771,2588,2155,2018,2008,1316,880,593,385
E07000125,male,1885,833,2419,2095,2098,2157,2165,2376,2821,2548,2161,1933,1959,1155,720,393,189
E07000126,female,2560,1224,3624,3161,3527,3336,3314,3874,4194,4225,3537,3219,3559,2509,1837,1136,707
E07000126,male,2630,1197,3896,3172,3275,3266,2960,3802,3986,4047,3446,3039,3206,2185,1500,710,358
E07000127,female,2488,1194,6400,3162,2832,2923,2960,3769,4170,4322,3780,3447,3687,2741,2046,1194,815
E07000127,male,2769,1294,5614,3474,3060,2519,2559,3417,4036,4131,3618,3094,3266,2434,1582,830,360
E07000128,female,2448,1098,3155,2926,2894,2957,2818,3525,4238,4536,4274,4000,4449,3298,2542,1560,1052
E07000128,male,2530,1267,3647,2940,2767,2771,2673,3147,3985,4225,3855,3875,4102,3043,2059,1084,467
E07000129,female,2410,1116,3195,2961,3605,3525,3165,3463,3757,3723,3067,2707,2996,2217,1676,1056,677
E07000129,male,2616,1185,3405,2729,3171,3187,3001,3316,3625,3552,3009,2610,2721,1913,1254,705,265
E07000130,female,3770,1934,10810,6743,5852,6051,5119,5685,6217,5967,5102,4776,4710,3615,2513,1686,1117
E07000130,male,4116,2078,14021,7774,5291,5601,5168,5690,6062,5986,5119,4559,4444,3061,2055,1144,502
E07000131,female,2365,1128,2719,2330,2608,2799,2952,3598,3984,3711,3093,2756,3012,2156,1575,968,697
E07000131,male,2467,1187,2952,2474,2390,2430,2819,3409,3788,3749,3058,2687,2842,1967,1325,740,273
E07000132,female,2467,1218,3409,3407,3503,3547,3431,3935,4314,4210,3617,3433,3637,2663,1795,1083,802
E07000132,male,2706,1245,3682,3132,3276,3268,3310,3788,4320,4089,3560,3269,3480,2359,1538,788,319
E07000133,female,1185,561,1576,1284,1341,1451,1510,1733,2201,2134,1824,1663,1700,1203,839,564,357
E07000133,male,1176,576,1593,1278,1229,1261,1264,1641,2109,2154,1715,1695,1629,1121,715,385,178
E07000134,female,2326,1207,3652,3117,3376,3430,3106,3852,4081,3836,3171,2838,3117,2177,1411,863,677
E07000134,male,2533,1225,3610,2949,3040,3027,3071,3811,4115,3831,3201,2953,2997,2023,1223,598,232
E07000135,female,1323,640,2589,1511,1689,1850,1687,1793,2010,2067,1666,1522,1605,1295,1076,788,602
E07000135,male,1439,636,3091,1676,1197,1631,1516,1746,1825,1894,1680,1437,1392,1075,816,507,259
E07000136,female,1558,636,2304,2047,2315,2326,2073,2138,2404,2469,2198,2068,2065,1477,1106,737,465
E07000136,male,1534,711,2545,2376,2523,2415,1992,2182,2236,2319,2093,1938,1968,1419,879,479,246
E07000137,female,2834,1329,3708,2947,3429,3182,3207,4389,5267,6140,6097,5838,6199,4458,2966,1829,1103
E07000137,male,2857,1400,4141,3275,3198,3074,2939,3757,4778,5493,5511,5620,6171,4344,2634,1387,610
E07000138,female,1782,854,10143,3546,3008,2943,2492,2489,2820,2998,2442,2156,2091,1469,1182,880,645
E07000138,male,1908,883,9629,4327,3581,3144,2561,2616,2689,2821,2277,2000,1936,1308,884,508,257
E07000139,female,2583,1259,3526,3219,3490,3583,3365,4041,4678,4557,3827,3512,3990,3082,2199,1243,728
E07000139,male,2627,1215,3685,3287,3453,3409,3246,3716,4282,4334,3567,3350,3717,2791,1946,934,376
E07000140,female,1967,923,2919,2533,2940,2750,2734,3192,3415,3568,3191,3056,3244,2405,1788,1148,700
E07000140,male,2097,989,3094,2398,2829,2650,2565,3041,3362,3525,3023,2849,3170,2172,1523,832,405
E07000141,female,3524,1631,3953,3505,4009,4472,4384,5023,5500,5608,5040,4628,4845,3535,2384,1532,1095
E07000141,male,3494,1596,4290,3315,3629,3659,3907,4745,5178,5367,4618,4174,4548,3175,2034,1093,513
E07000142,female,2107,962,2792,2414,2577,2690,2636,3105,3762,3984,3559,3300,3446,2485,1682,1023,628
E07000142,male,2203,1064,3021,2501,2371,2303,2336,2910,3483,3744,3326,3167,3433,2475,1499,779,323
E07000143,female,2876,1271,4386,3728,4098,3970,3689,4308,5039,5264,4768,4583,5123,3514,2653,1734,1357
E07000143,male,3186,1407,4780,3911,4208,3961,3549,4250,4821,5124,4494,4303,4732,3511,2321,1293,619
E07000144,female,2768,1339,3867,3234,3632,3857,3822,4558,5026,4997,4474,4288,4886,3540,2678,1797,1218
E07000144,male,2939,1381,4035,3127,3453,3453,3642,4351,4877,4879,4206,3864,4457,3249,2283,1306,527
E07000145,female,2164,1071,3434,2561,2760,2733,2495,2927,3650,3698,3332,3217,3421,2590,1727,1168,863
E07000145,male,2281,1052,3740,2735,2874,2793,2466,2789,3206,3482,3212,3118,3398,2341,1485,825,399
E07000146,female,3124,1481,4439,3510,4115,4297,3830,4681,5320,5799,5417,5220,5744,4262,3055,1966,1211
E07000146,male,3459,1548,4597,3817,4190,3978,3757,4314,5274,5490,4899,4718,5284,3807,2627,1416,617
E07000147,female,1848,861,2724,2135,2389,2393,2286,2941,3725,4287,4546,4413,4997,3539,2648,1824,1336
E07000147,male,2009,974,2965,2233,2241,2368,2178,2810,3478,3939,4112,4198,4766,3331,2232,1368,598
E07000148,female,2748,1181,12485,6404,5191,4539,3688,3674,3881,3555,3167,2956,2969,2158,1702,1163,868
E07000148,male,2850,1233,11556,7232,5699,4978,3856,3958,4057,3743,3012,2660,2525,1881,1259,751,477
E07000149,female,3264,1495,4162,3627,4136,4433,4340,4985,5275,5305,4707,4406,4844,3605,2537,1759,1172
E07000149,male,3560,1656,4403,3421,3501,4026,4215,4608,5135,4951,4410,4109,4583,3326,2287,1216,565
E07000150,female,1894,794,2358,2381,2912,3046,2365,2287,2500,2458,2040,1734,1514,1057,746,438,268
E07000150,male,1872,876,2529,2234,2583,2974,2540,2262,2443,2501,1959,1560,1345,857,585,277,98
E07000151,female,2082,978,2493,2222,2593,2633,2665,3175,3519,3413,2821,2525,2684,1782,1182,721,483
E07000151,male,2121,978,2892,2466,2415,2397,2452,2980,3412,3375,2835,2525,2521,1727,1036,557,241
E07000152,female,2431,1103,2865,2456,2741,2913,2926,3507,3812,3479,2948,2886,2998,2019,1331,837,629
E07000152,male,2571,1323,3251,2410,2481,2495,2721,3342,3764,3561,2909,2651,2828,1869,1202,663,320
E07000153,female,2611,1130,3316,3030,3380,3348,3257,3663,3684,3486,2815,2651,2987,1902,1358,808,632
E07000153,male,2580,1236,3413,3052,3102,3304,3325,3622,3691,3502,2688,2520,2523,1844,1114,599,268
E07000154,female,5736,2434,9525,6485,7547,8390,7136,7459,7208,6998,5859,5155,5119,3454,2585,1663,1105
E07000154,male,5686,2482,9563,7574,7816,8161,7906,7616,7328,6964,5519,4651,4591,3081,1949,1155,514
E07000155,female,2322,1078,2620,2308,2887,2936,3224,3621,3948,3803,3025,2630,3057,1926,1247,784,552
E07000155,male,2413,1159,3032,2470,2558,2586,2721,3432,3735,3619,3054,2582,2832,1902,1151,648,292
E07000156,female,2017,947,2483,2051,2538,2712,2495,2836,2926,2802,2445,2224,2443,1592,1043,679,416
E07000156,male,2095,1012,2850,2161,2152,2477,2350,2727,2952,2631,2268,2144,2082,1457,888,484,237
E07000163,female,1159,570,1517,1190,1374,1461,1465,1911,2335,2432,2280,2095,2191,1691,1193,868,628
E07000163,male,1293,643,1756,1321,1300,1291,1399,1713,2191,2218,2153,2066,2007,1479,931,532,237
E07000164,female,1922,959,2488,2110,2245,2336,2391,2984,3681,4101,3428,3237,3418,2544,2032,1191,734
E07000164,male,1996,927,2739,2239,2448,2272,2213,2686,3487,3755,3275,3129,3273,2295,1530,881,324
E07000165,female,3943,1927,3841,3452,3995,4550,4967,5742,6617,6571,5633,5023,5239,3990,3125,2121,1611
E07000165,male,4076,2762,4610,3489,4020,4392,4490,5485,6243,6380,5461,4578,4890,3364,2452,1373,691
E07000166,female,989,516,1366,1253,1397,1477,1264,1552,1917,2009,1892,1601,1689,1164,878,545,294
E07000166,male,1125,600,2660,2098,2531,1775,1496,1713,1947,2055,1820,1590,1557,1099,721,375,177
E07000167,female,1180,557,1543,1270,1394,1456,1291,1866,2250,2335,2182,2022,2052,1559,1182,776,497
E07000167,male,1216,594,1822,1338,1211,1276,1291,1691,1973,2346,2049,1991,2064,1433,897,553,209
E07000168,female,2232,1049,3077,2597,2849,2664,2587,3378,3929,4499,4299,4112,4301,3227,2366,1481,929
E07000168,male,2233,1119,3492,2926,2859,2533,2425,3016,3635,4229,4079,3802,4051,2679,1837,978,441
E07000169,female,2085,996,2575,2758,3015,2902,2743,3182,3589,3661,2959,2719,2715,1959,1328,854,527
E07000169,male,2128,1021,2897,2493,2770,2725,2646,3017,3515,3508,3025,2563,2660,1669,1084,572,216
E07000170,female,2945,1310,4612,4113,4595,4149,3782,4394,4846,4620,3839,3447,3475,2775,1922,1066,633
E07000170,male,3041,1452,4761,3819,4216,3844,3635,4051,4642,4672,3807,3315,3227,2500,1496,769,294
E07000171,female,2572,1282,3693,3249,3314,3390,3330,4013,4579,4568,3938,3521,3822,2718,1918,1224,750
E07000171,male,2727,1292,4075,3503,3182,3254,3199,3814,4448,4596,3891,3532,3541,2562,1569,867,392
E07000172,female,2415,1111,4552,3647,3733,3548,3348,3702,3909,4119,3513,3151,3562,2540,1888,1168,775
E07000172,male,2571,1101,4839,3830,4007,3454,3496,3682,4155,3794,3411,3007,3183,2276,1508,817,386
E07000173,female,2613,1243,3762,3602,3947,3971,3747,4193,4387,4437,3754,3441,3559,2609,2033,1212,660
E07000173,male,2845,1283,3985,3447,3622,3369,3629,3916,4194,4206,3548,3217,3311,2174,1572,864,304
E07000174,female,2409,1038,3517,3534,3675,3749,3154,3459,3975,4131,3504,3052,2910,2280,1594,998,627
E07000174,male,2488,1164,3754,3543,3555,3602,3085,3459,3966,3921,3429,2997,2825,1953,1264,647,268
E07000175,female,2808,1259,3999,3614,3543,3513,3458,4075,4652,4690,4178,3690,4009,2931,2032,1280,815
E07000175,male,2820,1333,4310,3562,3521,3342,3325,3913,4646,4578,4017,3590,3725,2571,1712,821,404
E07000176,female,2962,1283,4440,3308,3528,3815,4080,4158,4485,4284,3596,3305,3569,2638,1963,1366,973
E07000176,male,3051,1404,4580,3664,3354,3490,3746,4188,4343,4308,3607,3159,3292,2287,1567,979,441
E07000177,female,3793,1716,4575,4032,5011,5661,5122,5380,5605,5270,4431,3776,3911,2883,2210,1386,909
E07000177,male,3738,1687,5006,4069,4805,5455,4940,5018,5557,5357,4392,3597,3569,2539,1744,1032,502
E07000178,female,3312,1577,15992,6833,3168,4386,3559,3661,3841,3816,3167,2697,2531,1966,1536,1021,793
E07000178,male,3475,1621,16974,9631,4596,4505,4158,3484,3877,3587,3006,2409,2328,1610,1144,721,396
E07000179,female,3511,1597,4097,3400,3945,4624,4635,5260,5779,5244,4383,3905,4190,3391,2452,1557,1045
E07000179,male,3593,1606,4649,3770,4256,4269,4465,4989,5281,5174,4196,3569,3800,2826,2055,1172,499
E07000180,female,3172,1480,4110,3801,4448,4628,4506,4739,4849,4769,4080,3594,3787,2949,2155,1436,994
E07000180,male,3464,1776,4773,3875,4376,4444,4507,4718,4869,4800,3890,3432,3633,2563,1822,1004,542
E07000181,female,2548,1228,3216,2756,3325,3540,3396,4002,4213,4231,3544,3234,3444,2640,1873,1358,851
E07000181,male,2620,1260,3564,3174,3489,3450,3209,3679,3905,4008,3368,2938,3063,2262,1542,904,498
E07000187,female,2771,1369,3327,2619,3268,3319,3318,4014,4717,4637,3987,3863,3928,2847,2026,1354,986
E07000187,male,2928,1555,3758,2875,2813,2955,2938,3621,4352,4448,3766,3561,3678,2470,1661,919,472
E07000188,female,2743,1315,3842,3172,3518,3373,3264,3946,4741,4789,4145,4044,4127,3082,2157,1400,1091
E07000188,male,2842,1405,4206,3153,3285,3301,3074,3762,4524,4706,4181,3818,3967,2743,1835,980,494
E07000189,female,3729,1757,4764,4071,4689,4405,4462,5350,6246,6488,5823,5771,6217,4587,3197,2085,1602
E07000189,male,3961,1747,5495,4234,4716,4389,4156,5004,5816,6128,5677,5576,5765,4090,2736,1456,704
E07000192,female,2281,1031,3471,3383,3537,3386,2872,3449,3910,3729,2997,2745,2767,2053,1554,880,617
E07000192,male,2322,1124,3743,3294,3439,3290,2894,3470,3999,3729,2967,2556,2582,1889,1144,577,262
E07000193,female,2840,1306,3963,3500,3685,3790,3510,3890,4473,4308,3616,3106,3230,2501,1834,1187,721
E07000193,male,2894,1444,4552,4026,3771,3961,3673,4058,4381,4332,3673,3168,2995,2198,1438,715,310
E07000194,female,2250,1072,3129,2935,2933,3059,3180,3604,3991,3914,3330,3185,3638,3022,1924,1128,740
E07000194,male,2471,1197,3880,2799,2861,2771,2905,3591,3887,3974,3249,2945,3291,2732,1598,800,359
E07000195,female,2765,1258,6761,4358,4057,3767,3568,3951,4564,4443,3861,3613,3738,2812,2066,1390,842
E07000195,male,2795,1371,7031,4712,4310,3606,3524,3971,4508,4335,3812,3383,3538,2557,1676,916,416
E07000196,female,2333,1108,3460,2869,2850,2920,2852,3699,4334,4490,3940,3593,3852,3140,2193,1316,872
E07000196,male,2395,1208,4368,3467,3245,2992,2946,3635,4345,4472,3717,3369,3602,2753,1894,887,339
E07000197,female,3122,1316,4188,4041,4208,4018,3997,4621,5142,5148,4407,4078,4315,3408,2424,1423,919
E07000197,male,3136,1476,4610,4463,4272,4046,3893,4634,5222,5083,4320,3883,4075,3059,2024,1047,495
E07000198,female,2132,1053,2917,2454,2492,2579,2694,3392,3972,3954,3464,3220,3713,2656,1882,1136,681
E07000198,male,2246,1069,3301,2509,2480,2435,2368,3395,3998,3843,3335,3145,3450,2500,1583,750,334
E07000199,female,1752,868,2680,2436,2719,2540,2318,2671,2747,2613,2411,2209,2155,1549,1084,647,364
E07000199,male,1921,937,2929,2226,2389,2484,2306,2468,2851,2416,2154,2041,2046,1413,839,352,144
E07000200,female,2120,1103,2756,2120,2291,2441,2521,3091,3670,3645,3252,3159,3559,2631,1739,1232,895
E07000200,male,2258,1023,2929,2083,2166,2206,2367,3044,3462,3551,2993,2859,3282,2302,1602,864,425
E07000202,female,3092,1430,4790,4817,5264,4691,4217,4346,4283,4281,3743,3404,3096,2160,1799,1212,892
E07000202,male,3402,1633,5432,4794,4996,5230,4216,4336,4634,4197,3615,3053,2850,1984,1406,853,470
E07000203,female,2367,1154,3077,2531,2942,2852,2949,3509,4073,4129,3646,3548,3727,2580,1834,1234,787
E07000203,male,2473,1184,3387,2783,2818,2913,2703,3316,4002,4022,3512,3403,3616,2519,1584,809,398
E07000207,female,3571,1672,3623,2562,3210,4809,5574,5719,5448,5070,3906,3360,3501,2619,2099,1462,1168
E07000207,male,3933,1663,3948,2591,2858,3714,5278,5397,5289,5033,3629,3030,3015,2096,1550,1037,648
E07000208,female,2051,971,2951,1976,2277,2930,3062,3077,2969,2749,2164,2031,2095,1625,1201,778,480
E07000208,male,2256,992,2786,1968,2044,2451,2916,3004,2861,2824,2091,1717,1892,1255,903,578,288
E07000209,female,3436,1609,10122,5734,4311,4223,4435,4812,4718,4749,3890,3288,3490,2470,1978,1419,956
E07000209,male,3448,1592,10577,6701,4876,4238,4336,4886,4777,4764,3666,3115,3231,2235,1609,912,466
E07000210,female,2076,1094,2573,1920,1980,2272,2934,3196,3519,3436,2966,2594,2846,2184,1686,1209,840
E07000210,male,2162,1012,2854,2029,1909,2143,2608,3028,3412,3460,2938,2434,2518,1875,1380,889,427
E07000211,female,3638,1729,4472,3820,4692,5572,5675,5424,5447,5207,4137,3596,3788,2740,2109,1625,1209
E07000211,male,3847,1747,4543,3825,4393,4919,5358,5444,5418,5177,4039,3286,3403,2322,1640,989,589
E07000212,female,1853,813,6061,3681,3191,2749,2707,2877,2916,2893,2283,1935,2057,1508,1258,933,615
E07000212,male,1978,872,5378,3817,3022,2552,2673,2794,2839,2811,2305,1810,1875,1383,940,641,319
E07000213,female,2189,1056,3107,2588,3259,3655,3723,3566,3732,3492,2803,2369,2489,2004,1601,1015,654
E07000213,male,2534,1166,3319,2588,2953,3355,3523,3422,3511,3613,2903,2294,2270,1643,1331,716,316
E07000214,female,2168,1071,2761,2214,2359,2816,3033,3457,3444,3315,2673,2201,2400,1862,1469,1131,631
E07000214,male,2363,1129,3018,2333,2317,2639,2959,3290,3540,3323,2643,2109,2172,1680,1182,639,310
E07000215,female,2224,1022,2697,2117,2611,2891,3002,3188,3508,3289,2699,2364,2596,1970,1386,983,758
E07000215,male,2206,1053,2845,2044,2328,2499,2848,2973,3351,3310,2604,2206,2340,1578,1198,663,465
E07000216,female,3246,1711,3556,2335,2835,3875,4484,4977,4718,4492,3820,3396,3821,3085,2319,1751,1327
E07000216,male,3731,1848,4665,2674,2534,3204,3844,4683,4771,4310,3723,3086,3315,2608,1852,1132,603
E07000217,female,2588,1145,2730,2543,2817,3752,3850,3710,3611,3272,2715,2259,2327,1709,1367,974,703
E07000217,male,2751,1140,3136,2443,2913,3363,4107,3913,3622,3264,2765,2362,2148,1525,1112,683,392
E07000218,female,1431,645,2091,1878,1935,2006,1809,2296,2546,2535,2159,1935,2034,1486,1067,631,465
E07000218,male,1473,736,2324,1954,1944,1785,1701,2238,2465,2496,2195,1826,1899,1428,871,459,185
E07000219,female,3055,1386,4583,4144,4530,4316,3986,4131,4825,4503,3805,3536,3604,2715,1960,1171,623
E07000219,male,3079,1408,4707,3902,4148,4185,3841,4141,4677,4488,3760,3324,3327,2448,1455,740,267
E07000220,female,2792,1248,3419,3151,3796,3933,3640,3701,3847,3749,2895,2623,2789,2325,1655,1017,742
E07000220,male,2922,1431,3840,3205,3504,3712,3622,3891,3950,3812,2957,2536,2612,2118,1388,695,384
E07000221,female,2832,1329,3970,3217,3534,3683,3664,4771,5186,5252,4530,4129,4653,3696,2591,1712,1274
E07000221,male,3018,1402,4301,3507,3372,3323,3385,4169,4775,4936,4326,4017,4283,3270,2242,1183,570
E07000222,female,3020,1429,7920,5220,4044,4260,4462,4643,4842,4700,3744,3541,3688,2933,2175,1473,1089
E07000222,male,3147,1435,8668,6145,4816,4208,4281,4600,4789,4623,3879,3233,3424,2492,1749,978,500
E07000223,female,1356,590,1758,1506,1772,2112,2133,2369,2386,2251,2022,1949,2272,1590,1343,830,473
E07000223,male,1539,715,2012,1523,1651,1749,1950,2234,2301,2255,1826,1732,1787,1416,962,543,289
E07000224,female,3061,1472,4645,3689,4276,4266,4336,5024,5663,6113,5795,5790,6838,4933,3937,2493,1794
E07000224,male,3373,1536,4831,4009,4001,3948,4006,4516,5503,5494,5035,5017,5954,4447,3021,1773,901
E07000225,female,2521,1150,4219,2633,2693,3150,3244,3964,4383,4803,4581,4171,4771,3575,2699,1892,1337
E07000225,male,2646,1219,4395,2858,2640,2743,2872,3433,4243,4422,4112,3891,4031,3176,2133,1311,647
E07000226,female,2807,1244,3569,3676,4436,4725,4215,3787,3586,3424,3047,2270,2218,1362,1133,934,604
E07000226,male,2947,1342,4138,3549,4165,4657,4283,3940,3856,3506,2855,2257,1849,1238,820,516,298
E07000227,female,3543,1640,4072,3525,4032,4360,4683,5184,5751,5783,4784,4459,4598,3491,2595,1757,1218
E07000227,male,3585,1735,4404,3549,3771,3792,4230,4860,5474,5512,4649,4023,4277,3041,2096,1189,583
E07000228,female,3764,1670,4080,3653,4601,5250,5424,5823,5759,5342,4592,4122,4403,3321,2360,1778,1127
E07000228,male,3921,1903,4638,3486,3993,4750,5105,5488,5708,5362,4335,3813,3919,2800,1875,1157,604
E07000229,female,2419,1066,3381,2756,3241,3701,3740,4018,4134,4183,3366,3167,3564,2628,2151,1503,1122
E07000229,male,2543,1199,3566,2691,3038,3351,3479,3822,4132,3887,3252,2732,3179,2149,1516,919,515
E07000234,female,2364,1071,2744,2672,2760,3045,3229,3552,3905,3709,3074,2911,3020,2471,1726,1229,936
E07000234,male,2489,1123,3259,2664,2844,2786,2885,3420,3739,3550,3055,2838,2877,2067,1499,841,433
E07000235,female,1728,872,2080,1769,1849,1942,2187,2542,3126,3270,2935,2868,3039,2320,1682,1124,859
E07000235,male,1846,947,2324,1882,1702,1635,1954,2439,2914,3139,2910,2729,2950,2118,1467,855,396
E07000236,female,2099,901,2800,2633,2884,3283,2690,2802,2880,2709,2623,2539,2290,1531,1035,637,453
E07000236,male,2181,972,3122,2609,2957,2969,2852,2798,2760,2674,2409,2304,2303,1462,857,407,188
E07000237,female,2310,967,5292,3731,3333,3221,2996,3293,3488,3184,2687,2492,2411,1875,1368,955,594
E07000237,male,2276,1137,4887,3824,3321,3212,2957,3190,3431,3389,2662,2315,2251,1550,1056,582,237
E07000238,female,2832,1331,3801,3044,3572,3691,3682,4459,5176,5154,4605,4428,4635,3347,2396,1529,1235
E07000238,male,2942,1387,4058,3254,3294,3332,3380,4046,4866,5029,4371,4205,4468,3212,2062,1167,558
E07000239,female,2090,978,3155,2662,2967,2768,2748,3379,3877,3728,3178,3265,3610,2804,1868,1092,788
E07000239,male,2196,1100,3402,2769,2784,2691,2683,3258,3720,3594,3058,3044,3486,2579,1545,824,345
E07000240,female,4183,1886,4175,3733,4488,5436,6034,5966,5500,4837,3946,3322,3588,2582,2092,1406,1044
E07000240,male,4503,1945,4497,3669,4122,4587,5679,5835,5467,4883,3733,3104,3025,2143,1697,1077,540
E07000241,female,2721,1312,7955,4833,4359,4262,3821,3716,3627,3806,3017,2468,2466,1922,1635,1170,902
E07000241,male,2890,1229,7739,5390,4371,4117,3885,3472,3708,3593,3107,2372,2217,1570,1169,838,410
E07000242,female,3916,1799,4670,4232,4809,4977,5478,5847,6051,5635,4421,3705,3921,2785,2155,1495,922
E07000242,male,3960,1890,4977,3909,4263,4538,5126,5705,5749,5606,4492,3525,3542,2430,1739,983,477
E07000243,female,1990,935,2950,2893,3623,3406,2918,2780,3188,3010,2429,1849,1772,1333,1162,856,524
E07000243,male,2273,1054,3357,2961,3277,3254,2847,2632,2996,3073,2485,1845,1668,1123,816,494,228
E07000244,female,5729,2693,7398,5776,6291,6283,6559,7940,9301,9624,9016,8887,9899,7130,5222,3618,2489
E07000244,male,5755,2760,7999,5962,5888,5758,6189,7504,8744,9051,8554,8149,9259,6432,4442,2549,1291
E07000245,female,3819,1792,5531,5182,5700,5503,4641,5151,6166,5995,5163,4860,5561,4029,2901,1871,1517
E07000245,male,4018,1848,6526,6211,6477,6056,5020,5203,5986,5977,4926,4515,4922,3503,2498,1433,754
E07000246,female,3376,1578,4615,3932,4334,4371,4172,4911,5666,6042,5499,5376,5497,4186,2986,2139,1743
E07000246,male,3507,1686,4888,3994,4221,4037,3806,4411,5292,5567,5204,5094,5186,3720,2496,1459,798
E08000001,female,7183,3248,10356,8978,10051,9460,8582,9480,10055,9525,8028,6912,7319,5270,3770,2239,1319
E08000001,male,7778,3668,11991,9436,9648,9323,8527,9202,9991,9042,7586,6646,6708,4615,2995,1512,751
E08000002,female,4753,2122,6399,6051,6710,6527,5809,6475,6967,6608,5512,4764,5141,3733,2735,1696,1034
E08000002,male,4947,2361,7148,6016,6250,6169,5511,6072,6577,6339,5334,4401,4700,3103,2120,1052,575
E08000003,female,12713,5478,42976,31221,24246,19475,15350,13739,14154,13042,10075,7937,6804,5098,4014,2477,1682
E08000003,male,13021,5863,42740,33716,29012,22446,17003,14456,14485,12233,9943,7960,6694,3979,2748,1458,706
E08000004,female,6530,2868,9370,7741,8373,8069,7147,7396,7831,7723,6377,5459,5593,4182,2956,1771,1019
E08000004,male,6761,3315,10462,8113,8004,7745,6848,7411,8036,7080,6035,5138,4920,3378,2297,1086,618
E08000005,female,5572,2578,8156,7298,8147,7646,6968,7195,7800,7275,6431,5440,5219,3709,2659,1750,1079
E08000005,male,6152,2709,9314,7833,7807,7194,6415,6981,7450,6935,6041,5260,4892,3169,2121,1057,572
E08000006,female,5791,2555,13455,11759,10729,9710,7478,7312,7847,7320,6200,4920,5109,3790,2861,1714,1148
E08000006,male,6206,2705,13529,12366,12327,10599,7943,7323,7770,7678,6285,5006,4956,3146,2285,1088,602
E08000007,female,6796,3145,8955,8625,9931,10262,9495,9918,10607,10435,8828,7710,8160,6125,4806,3128,1963
E08000007,male,7523,3372,9807,8456,8870,9260,9323,9698,10077,10020,8794,7457,7424,5193,3715,2231,1021
E08000008,female,5417,2420,8105,7608,8242,7778,6684,7489,8356,8137,6420,5639,5802,4166,3055,1748,988
E08000008,male,5538,2555,8621,7287,7456,7134,6752,7173,8187,8044,6712,5402,5527,3706,2339,1149,455
E08000009,female,6416,2923,7250,5952,7424,9106,8919,8684,8782,8279,6483,5484,5606,4303,3499,2286,1608
E08000009,male,6797,3008,7806,6564,6958,8081,8286,8400,8134,7870,6532,5326,5067,3470,2501,1497,796
E08000010,female,7648,3539,11207,10248,11189,10871,9730,11294,12746,11777,9807,8611,9479,6822,4511,2536,1473
E08000010,male,8211,3823,12460,10167,10802,10613,9618,11273,12734,11903,9469,8507,8985,6320,3736,1675,765
E08000011,female,3608,1638,5989,5585,5889,5082,4357,4784,5534,6107,5249,4287,3582,2445,2153,1401,776
E08000011,male,3669,1630,6042,5107,5042,4419,3589,4052,4641,5277,4851,3829,3227,2029,1508,797,385
E08000012,female,9473,4490,35699,21995,18704,15876,13356,13235,14797,15765,13616,11131,10109,6985,5854,3847,2083
E08000012,male,10133,4712,33776,23284,21813,18731,14967,13245,14242,14143,12687,10653,9455,5897,4419,2335,1031
E08000013,female,4033,1826,6218,5850,6292,5701,5036,6148,6538,6494,5576,5132,5509,3933,2991,1672,902
E08000013,male,4189,1959,6686,5873,5763,5579,4976,5855,6259,6517,5521,4890,4930,3470,2305,1209,377
E08000014,female,5913,2939,8743,7479,7970,8163,7478,8902,10039,11181,10127,8866,8679,6920,5689,3998,2426
E08000014,male,6339,2910,9629,7657,7877,7386,6806,8010,9352,10222,9317,8083,7970,5519,4012,2308,993
E08000015,female,7554,3526,10643,9189,10020,9795,9684,10676,11855,12500,11046,10058,9841,7382,5670,3719,2397
E08000015,male,7932,3762,11583,9136,9259,9042,8621,9811,11078,11545,10133,9140,9233,6178,4205,2338,1128
E08000016,female,5565,2571,8518,8180,8410,8081,7000,8161,9202,8982,7991,6819,6809,5100,3558,2247,1446
E08000016,male,5898,2716,8867,8080,7843,7833,6621,7957,9336,8870,7858,6750,6518,4556,2800,1455,602
E08000017,female,7458,3346,10406,10008,10807,10082,8702,9816,11098,10933,9917,8648,8479,6015,4792,2983,1707
E08000017,male,7645,3435,11437,10362,10580,10500,9195,9913,10713,10973,9657,8247,7737,5459,3520,1900,837
E08000018,female,6395,2886,9161,8340,8821,8687,7489,8665,9562,9146,8335,7110,7364,5643,4070,2439,1550
E08000018,male,6457,3133,9991,8270,8235,8009,7097,8355,9547,9396,8037,6924,6757,4992,3305,1606,628
E08000019,female,12845,5934,38299,25689,20792,17949,16144,17229,18699,16955,14450,12734,12844,10117,7833,5240,3000
E08000019,male,13801,6348,40771,27358,21261,17186,16746,16791,18528,16926,14329,11766,11640,8516,6103,3270,1651
E08000021,female,6086,2740,26564,13762,10588,8766,7567,7745,7974,8442,7585,6142,5953,4088,3620,2399,1523
E08000021,male,6484,3077,26962,16179,12759,9341,7770,7916,8200,8080,7548,6015,5806,3551,2606,1643,808
E08000022,female,4569,2135,6695,6040,7095,7463,6782,7240,7657,7885,7012,6248,6236,4176,3414,2170,1398
E08000022,male,4992,2223,7035,5871,6321,6743,6694,6757,7072,7428,6415,5781,5494,3466,2364,1364,538
E08000023,female,3348,1531,5273,4751,5095,4875,4327,4803,5628,5981,5305,4536,4377,3024,2458,1611,958
E08000023,male,3378,1643,5604,4780,4938,4401,4020,4366,5199,5556,5162,4232,4023,2431,1855,931,378
E08000024,female,6059,2815,10809,9942,9415,8500,7919,8947,10061,10327,9404,8314,8069,5534,4482,2800,1272
E08000024,male,6289,3085,11271,9901,9492,7991,7257,8249,9148,9846,9193,7583,7110,4540,3299,1694,512
E08000025,female,30354,14060,70066,47947,41273,37585,34555,32721,33402,30872,25246,20949,19506,15287,12347,8253,5545
E08000025,male,32342,15331,69800,50007,42281,37326,33664,32524,32024,29373,23938,20475,17011,12534,9286,5544,2675
E08000026,female,8209,3867,25188,18899,15686,11954,10202,10001,10225,9435,7960,6765,6779,5497,4118,2539,1667
E08000026,male,8721,3957,29096,20989,17427,13159,10585,10128,9999,9312,7872,6501,6135,4585,3298,1746,833
E08000027,female,7786,3607,11697,10166,10520,10265,9445,10504,11719,11184,9221,8479,8726,7380,5485,3483,1988
E08000027,male,7926,3745,12094,9889,9892,9688,8989,10267,11645,10924,9004,8141,8128,6405,4355,2210,876
E08000028,female,8802,3939,12254,10925,12221,12532,10293,10325,11138,10261,7994,6875,6424,5448,4113,2583,1526
E08000028,male,9264,4194,14075,11450,11840,11815,10468,10578,10790,9736,8054,6555,5968,4467,3074,1625,640
E08000029,female,5285,2438,7458,6199,6448,6741,6817,7260,8088,7961,6349,5757,6364,4954,3721,2625,1738
E08000029,male,5781,2732,7859,6243,6120,6115,6069,6899,7654,7464,6177,5283,5670,4278,2819,1625,787
E08000030,female,7373,3401,11170,9655,10182,9571,8311,8972,9642,9183,7633,6556,6627,5603,4373,2730,1550
E08000030,male,7785,3655,11692,9264,9384,9356,8453,8951,9519,9033,7317,6389,5968,4601,3258,1681,717
E08000031,female,6622,2938,9847,8964,9662,8956,7949,8442,8840,8425,6955,6026,5546,4608,3754,2480,1457
E08000031,male,6930,3053,10912,9614,9678,9111,8179,8682,8697,7940,6697,5759,5107,3830,2792,1657,790
E08000032,female,15979,7225,22465,16330,18670,19485,16884,17206,17245,16603,14786,11988,11413,7707,6553,4350,2577
E08000032,male,16150,7639,23816,16880,17504,18300,17620,17768,16717,15532,13884,11853,10335,6406,4771,2662,1199
E08000033,female,5293,2390,7247,6141,6661,6820,6580,7291,7953,7780,6688,5632,5890,4075,2965,1933,1293
E08000033,male,5211,2515,7641,6184,6133,6309,6508,7211,7923,7667,6528,5574,5436,3656,2222,1096,451
E08000034,female,11078,5193,17730,13285,14385,14613,13629,14588,15349,14379,12519,10870,11391,8138,6108,3737,2492
E08000034,male,11463,5442,18857,14216,14056,13990,13548,14635,15865,14301,12331,10722,10458,6848,4718,2388,1124
E08000035,female,17288,7769,53625,34344,26921,26773,23407,23330,24300,23222,19964,17183,17768,12573,10365,6646,3719
E08000035,male,18186,8392,49954,35320,27457,25251,22753,22987,23688,22711,18414,15892,15687,10459,7577,4197,1718
E08000036,female,7834,3653,11798,11743,12721,11889,10251,11612,12949,12292,10788,9296,9550,7080,5006,3098,2013
E08000036,male,8250,3799,12161,11373,11660,11370,9799,11363,12957,12294,10625,9041,8933,6110,3941,2044,849
E08000037,female,4293,2164,7630,6781,7080,6922,6009,6301,7134,7262,6303,5315,5639,4066,3348,2163,1191
E08000037,male,4419,2069,8834,6863,6781,6850,6181,6185,6679,6897,6154,5024,5070,3429,2626,1432,600
E09000001,female,181,77,607,776,308,191,217,265,327,286,226,254,242,145,105,70,57
E09000001,male,181,69,669,669,487,489,321,398,437,386,323,254,232,155,112,46,59
E09000002,female,6409,2575,8194,7675,8943,8843,8162,7203,6589,5601,4022,3101,2632,1897,1593,1046,852
E09000002,male,7006,2966,9525,8205,8740,8602,7218,7090,6146,5244,4206,2961,2191,1502,1077,589,366
E09000003,female,10030,4612,13640,13352,15306,15769,14815,13744,13542,11945,9805,8236,7875,5955,4474,3250,2334
E09000003,male,10603,4764,15194,14341,16333,15849,15236,13957,12901,11148,9271,7487,6877,4826,3380,2158,1318
E09000004,female,6167,2789,9153,8486,9324,9486,8720,8194,9215,8364,6717,5392,5502,4278,3676,2462,1881
E09000004,male,6562,3013,9355,8060,8520,8392,8191,7765,8243,8086,6573,5011,4800,3201,2603,1502,725
E09000005,female,7465,3572,13391,11198,11993,12177,11066,10521,10252,9952,8628,6574,5357,4090,3215,2075,1399
E09000005,male,8024,3895,15446,13736,14714,14543,11946,10444,10129,9359,8354,6304,4987,3199,2618,1501,704
E09000006,female,7980,3765,9693,9440,11870,13287,13185,12376,12623,11640,9061,7690,8398,6098,4917,3422,2147
E09000006,male,8413,3840,10355,8815,10118,11691,12194,11599,11800,10770,8657,6774,7069,4855,3476,2155,1114
E09000007,female,5572,2747,15402,14515,13174,10338,9085,8750,8139,6898,5575,4751,4760,3459,2489,1637,1299
E09000007,male,6103,2811,15862,15940,15636,12551,10136,8805,8325,6872,5814,4574,4054,2850,1894,1087,745
E09000008,female,10247,4633,13431,12720,15662,15762,14645,13227,13966,13458,10570,8540,7288,5313,4230,2713,1716
E09000008,male,10574,4839,13925,12170,13922,14018,13478,12656,12983,12771,9842,7495,6364,4275,3197,1942,975
E09000009,female,8432,3792,12112,10789,12665,13187,12547,12298,11587,10222,8516,7299,5977,4280,3480,2289,1408
E09000009,male,8807,3955,13271,12477,13877,13510,13340,12192,11621,10128,8135,6678,5315,3648,2860,1568,859
E09000010,female,8903,4094,11825,11397,12805,13464,12168,11385,11755,10922,8154,6645,5845,4734,3759,2451,1518
E09000010,male,9594,4372,13358,12045,12206,12017,11131,10645,11072,9968,8047,5828,5152,3784,2761,1603,757
E09000011,female,6938,2899,11148,11386,13212,12321,11509,9510,9022,7974,6056,4763,4205,2966,2302,1423,1028
E09000011,male,7225,3114,11946,11813,14127,13126,12672,10092,9059,7732,6142,4424,3923,2451,1717,970,521
E09000012,female,6392,2766,10832,15040,18848,13928,10502,8312,7790,6714,5114,3797,3164,2119,1514,929,655
E09000012,male,6623,3091,10679,12932,17785,17564,12052,8507,7356,6096,4746,3509,2488,1679,1289,741,432
E09000013,female,3693,1627,8963,9104,8227,7102,6548,6739,6195,5337,4174,3493,3116,2080,1584,962,645
E09000013,male,3824,1540,9110,9073,8939,8154,7260,6662,5710,4945,3504,2674,2312,1664,1151,650,356
E09000014,female,6038,2967,10533,10519,10751,11213,10399,9293,8943,7951,6271,4867,4146,2771,2177,1307,722
E09000014,male,6474,3007,11177,11203,12847,13387,11873,10201,8913,7519,5288,4162,3289,2195,1679,930,373
E09000015,female,5952,2883,8127,7912,8797,9489,8742,8153,8269,7857,7146,5899,5366,3969,3058,2199,1416
E09000015,male,6416,3276,9555,8902,9931,9570,9250,8247,7488,7529,6769,5606,4694,3245,2682,1592,908
E09000016,female,6167,2894,9345,8974,10008,9687,8665,8182,9109,8662,7105,6120,6463,4766,4070,2924,2052
E09000016,male,6268,2918,9994,8433,8892,9011,8012,7731,8118,7982,7203,5552,5572,3743,2763,1691,802
E09000017,female,7433,3374,12297,10401,11669,12134,11532,9854,9791,9194,7438,5811,5652,4128,3402,2283,1290
E09000017,male,8025,3639,14207,11662,12243,12110,11563,10298,9727,8953,7263,5684,5047,3485,2769,1601,881
E09000018,female,6470,2857,9431,9139,10240,11509,10202,9212,8572,7589,6499,5370,4649,3346,2532,1554,967
E09000018,male,6709,3051,10867,10077,11744,12347,11419,9969,8722,7960,6377,5130,4201,2718,2043,1162,447
E09000019,female,4250,2071,17261,18620,14168,9264,7019,6566,6401,5869,4696,3481,3125,2149,1573,1027,604
E09000019,male,4583,1994,15673,17432,15365,12366,8903,6832,6753,5730,4121,3103,2714,1760,1216,699,393
E09000020,female,2984,1379,6199,5553,5495,5674,6057,5553,5413,5498,4372,3866,3881,2770,1797,955,797
E09000020,male,3131,1454,6716,5788,6370,6792,6924,5671,5368,4775,3944,3107,3039,2184,1611,966,623
E09000021,female,4321,2005,7861,5847,6727,7366,7006,6592,5885,5126,4204,3524,3551,2412,1860,1315,1077
E09000021,male,4318,1864,7389,6845,7029,7325,6906,6751,5920,5050,4185,3398,3093,2084,1458,809,501
E09000022,female,6289,2954,14113,21953,19602,13210,10678,9229,9391,8986,6714,4679,3709,2711,2159,1330,967
E09000022,male,6680,2963,13200,19156,21422,18238,12081,10244,9504,8598,5805,4204,3205,1986,1665,903,532
E09000023,female,6734,2925,11825,13667,15553,14377,12301,10633,9777,9283,6834,4932,3818,2798,2338,1487,1038
E09000023,male,7163,3047,11534,12989,15492,15221,13220,10608,9669,8507,6189,4123,3427,2247,1707,970,469
E09000024,female,4560,2000,6599,7315,8487,9614,8649,7338,7228,6285,5056,4083,3692,2634,2121,1346,900
E09000024,male,4980,2169,6889,7407,8404,9500,8942,7044,6702,6014,4606,3618,3104,2129,1628,941,438
E09000025,female,8299,4046,16195,15909,15850,14652,11427,9666,9608,8339,6830,5026,3773,2649,1991,1169,709
E09000025,male,8625,4037,18113,19515,23975,20676,13877,11314,10231,8182,6429,4372,3220,2068,1631,873,483
E09000026,female,7689,3714,11579,10536,11197,12019,11346,10124,9386,8744,7220,5923,5143,3755,2976,1991,1484
E09000026,male,8641,4149,13047,11784,12798,13055,11737,10497,9405,8317,7147,5736,4623,3112,2404,1382,744
E09000027,female,4976,2209,5621,4778,6245,8041,8694,8576,7506,6795,5278,4604,4636,3216,2380,1503,1335
E09000027,male,5069,2235,5821,4690,5464,7164,8268,8447,7293,6583,5105,4160,4064,2712,1777,1031,564
E09000028,female,6554,2868,14258,18066,18810,13868,10975,9706,9694,9143,7002,4598,3816,2751,2061,1264,919
E09000028,male,6742,2973,13848,17240,19711,16008,12176,10300,10118,8651,6599,4348,3227,2100,1551,817,486
E09000029,female,5176,2450,6221,5795,7602,9072,8586,7913,7553,6765,5221,4372,4496,3271,2554,1761,1155
E09000029,male,5403,2427,6760,5703,6269,7768,8421,7742,7413,6447,5190,4138,3883,2572,1971,1173,570
E09000030,female,7266,3496,17581,19490,19888,15292,11507,8456,7008,5669,4619,3885,2922,1925,1479,979,600
E09000030,male,7716,3563,18266,20538,23143,19144,14118,10810,8726,6722,5172,3667,2459,1571,1208,718,358
E09000031,female,6263,2902,9457,10084,12902,13281,10441,8916,8955,7562,6172,4941,4055,2861,2288,1552,1189
E09000031,male,6744,3199,10537,10766,14045,13743,10980,9714,8831,7248,5661,4241,3595,2360,1848,1007,570
E09000032,female,5828,2511,14169,23459,20396,17403,12484,10378,9674,7837,6095,5109,4478,3290,2653,1535,998
E09000032,male,6018,2603,11839,17051,18996,17976,12676,10272,8888,7452,5704,4135,3905,2463,1862,994,578
E09000033,female,4977,2463,11586,12004,11342,10698,9134,8428,8200,7210,6252,5456,4476,3140,2535,1543,1043
E09000033,male,5474,2635,13564,14492,14474,14309,11929,9739,9002,7321,5563,4604,4099,2870,2030,1284,820
