year,ltla,ag,ag_ppln_ltla,agf_ppln_ltla,tfp_ltla_ag,ag_ltla_frac_tp,ppln_ltla,patients_from_ltla_to_trust,total_patients_of_ltla,tfp_ltla,etc_ltla,total_trust_patients,ltla_frac_tp
2019,E06000023,0-4,28366,0.0612158134736942,5.864343638474681e-06,6.118450140532794e-06,463377,17,177457,9.579785525507588e-05,44.39052277453129,170087,9.994884970632676e-05
2019,E06000023,10-14,24825,0.053574087621957936,5.132282691431078e-06,5.3546684318806535e-06,463377,17,177457,9.579785525507588e-05,44.39052277453129,170087,9.994884970632676e-05
2019,E06000023,15-19,26028,0.05617024582575311,5.3809890792575265e-06,5.614151458005626e-06,463377,17,177457,9.579785525507588e-05,44.39052277453129,170087,9.994884970632676e-05
2019,E06000023,20-24,51271,0.11064640670555509,1.0599688454073021e-05,1.105898107435863e-05,463377,17,177457,9.579785525507588e-05,44.39052277453129,170087,9.994884970632676e-05
2019,E06000023,25-29,51079,0.11023205726654539,1.0559994666489749e-05,1.101756732455315e-05,463377,17,177457,9.579785525507588e-05,44.39052277453129,170087,9.994884970632676e-05
2019,E06000023,30-34,41665,0.08991598633510081,8.613758644047367e-06,8.986999404403119e-06,463377,17,177457,9.579785525507588e-05,44.39052277453129,170087,9.994884970632676e-05
2019,E06000023,35-39,33634,0.07258452620652298,6.95344193529075e-06,7.254739900820702e-06,463377,17,177457,9.579785525507588e-05,44.39052277453129,170087,9.994884970632676e-05
2019,E06000023,40-44,26847,0.05793770515152889,5.550307891917427e-06,5.790806984519634e-06,463377,17,177457,9.579785525507588e-05,44.39052277453129,170087,9.994884970632676e-05
2019,E06000023,45-49,24979,0.05390643040116363,5.164120416888495e-06,5.387885710370468e-06,463377,17,177457,9.579785525507588e-05,44.39052277453129,170087,9.994884970632676e-05
2019,E06000023,5-9,28160,0.06077125105475671,5.82175551221346e-06,6.074016638137328e-06,463377,17,177457,9.579785525507588e-05,44.39052277453129,170087,9.994884970632676e-05
2019,E06000023,50-54,24804,0.05352876815206624,5.127941183414157e-06,5.350138802995679e-06,463377,17,177457,9.579785525507588e-05,44.39052277453129,170087,9.994884970632676e-05
2019,E06000023,55-59,22411,0.04836450665440883,4.633216007962211e-06,4.833976806722148e-06,463377,17,177457,9.579785525507588e-05,44.39052277453129,170087,9.994884970632676e-05
2019,E06000023,60-64,18963,0.04092348131219288,3.920381739279256e-06,4.0902548831320376e-06,463377,17,177457,9.579785525507588e-05,44.39052277453129,170087,9.994884970632676e-05
2019,E06000023,65-69,16547,0.035709584204654095,3.4209015788563966e-06,3.5691318647463925e-06,463377,17,177457,9.579785525507588e-05,44.39052277453129,170087,9.994884970632676e-05
2019,E06000023,70-74,15372,0.0331738519607145,3.1779838683858415e-06,3.3156883438013864e-06,463377,17,177457,9.579785525507588e-05,44.39052277453129,170087,9.994884970632676e-05
2019,E06000023,75-79,10914,0.023553175923707908,2.2563437379367084e-06,2.354112840505356e-06,463377,17,177457,9.579785525507588e-05,44.39052277453129,170087,9.994884970632676e-05
2019,E06000023,80-84,8376,0.018075994276798374,1.7316414833203105e-06,1.8066748352641433e-06,463377,17,177457,9.579785525507588e-05,44.39052277453129,170087,9.994884970632676e-05
2019,E06000023,85-89,5499,0.011867226901637329,1.136854885002195e-06,1.186115678022627e-06,463377,17,177457,9.579785525507588e-05,44.39052277453129,170087,9.994884970632676e-05
2019,E06000023,90+,3637,0.007848900571241128,7.519078408352398e-07,7.844885835548817e-07,463377,17,177457,9.579785525507588e-05,44.39052277453129,170087,9.994884970632676e-05
2019,E06000024,0-4,11317,0.05262448152074849,4.4522028803814306e-06,2.475179479713251e-06,215052,8,94559,8.460326357089225e-05,18.19410103744752,170087,4.70347528029773e-05
2019,E06000024,10-14,12373,0.05753492178635865,4.86764215242197e-06,2.706140823760012e-06,215052,8,94559,8.460326357089225e-05,18.19410103744752,170087,4.70347528029773e-05
2019,E06000024,15-19,11013,0.051210869929133415,4.332606726309154e-06,2.408690607942214e-06,215052,8,94559,8.460326357089225e-05,18.19410103744752,170087,4.70347528029773e-05
2019,E06000024,20-24,9496,0.044156762085449094,3.735806181152432e-06,2.076902389268979e-06,215052,8,94559,8.460326357089225e-05,18.19410103744752,170087,4.70347528029773e-05
2019,E06000024,25-29,10185,0.04736063835723453,4.0068645698228224e-06,2.2275959177237308e-06,215052,8,94559,8.460326357089225e-05,18.19410103744752,170087,4.70347528029773e-05
2019,E06000024,30-34,11519,0.053563789223071624,4.531671377495246e-06,2.5193595852979534e-06,215052,8,94559,8.460326357089225e-05,18.19410103744752,170087,4.70347528029773e-05
2019,E06000024,35-39,12892,0.059948291575990936,5.071821112828259e-06,2.81965307523754e-06,215052,8,94559,8.460326357089225e-05,18.19410103744752,170087,4.70347528029773e-05
2019,E06000024,40-44,12890,0.059938991499730296,5.071034296025153e-06,2.8192156484495725e-06,215052,8,94559,8.460326357089225e-05,18.19410103744752,170087,4.70347528029773e-05
2019,E06000024,45-49,14852,0.06906236631140375,5.8429015798732015e-06,3.248331327445543e-06,215052,8,94559,8.460326357089225e-05,18.19410103744752,170087,4.70347528029773e-05
2019,E06000024,5-9,13030,0.06058999683797407,5.126111472242647e-06,2.8498355236072866e-06,215052,8,94559,8.460326357089225e-05,18.19410103744752,170087,4.70347528029773e-05
2019,E06000024,50-54,15829,0.07360545356471924,6.2272615881910115e-06,3.4620143133675934e-06,215052,8,94559,8.460326357089225e-05,18.19410103744752,170087,4.70347528029773e-05
2019,E06000024,55-59,14982,0.0696668712683444,5.8940446720751615e-06,3.27676406866342e-06,215052,8,94559,8.460326357089225e-05,18.19410103744752,170087,4.70347528029773e-05
2019,E06000024,60-64,13033,0.06060394695236501,5.127291697447309e-06,2.8504916637892373e-06,215052,8,94559,8.460326357089225e-05,18.19410103744752,170087,4.70347528029773e-05
2019,E06000024,65-69,12818,0.05960418875434779,5.042708891113298e-06,2.8034682840827476e-06,215052,8,94559,8.460326357089225e-05,18.19410103744752,170087,4.70347528029773e-05
2019,E06000024,70-74,14279,0.06639789446273459,5.617478565783021e-06,3.1230085526928968e-06,215052,8,94559,8.460326357089225e-05,18.19410103744752,170087,4.70347528029773e-05
2019,E06000024,75-79,9931,0.04617952867213511,3.906938835828222e-06,2.1720427156518776e-06,215052,8,94559,8.460326357089225e-05,18.19410103744752,170087,4.70347528029773e-05
2019,E06000024,80-84,7247,0.03369882633037591,2.8510306860585165e-06,1.5850159661996937e-06,215052,8,94559,8.460326357089225e-05,18.19410103744752,170087,4.70347528029773e-05
2019,E06000024,85-89,4589,0.021339024980004836,1.8053511547292028e-06,1.003675764991085e-06,215052,8,94559,8.460326357089225e-05,18.19410103744752,170087,4.70347528029773e-05
2019,E06000024,90+,2777,0.01291315588787828,1.0924951311141853e-06,6.073670950926658e-07,215052,8,94559,8.460326357089225e-05,18.19410103744752,170087,4.70347528029773e-05
2019,E06000025,0-4,16303,0.057184848452960964,4.056526101508191e-06,2.689675211060738e-06,285093,8,112776,7.093707881109456e-05,20.223664609491387,170087,4.70347528029773e-05
2019,E06000025,10-14,16696,0.058563345995868016,4.154312690350288e-06,2.754512502230883e-06,285093,8,112776,7.093707881109456e-05,20.223664609491387,170087,4.70347528029773e-05
2019,E06000025,15-19,15367,0.05390170926680066,3.8236297983117445e-06,2.53525357102192e-06,285093,8,112776,7.093707881109456e-05,20.223664609491387,170087,4.70347528029773e-05
2019,E06000025,20-24,17660,0.06194469874742628,4.394175976975688e-06,2.9135535930400927e-06,285093,8,112776,7.093707881109456e-05,20.223664609491387,170087,4.70347528029773e-05
2019,E06000025,25-29,18278,0.06411241244085264,4.547947254086162e-06,3.0155114707580306e-06,285093,8,112776,7.093707881109456e-05,20.223664609491387,170087,4.70347528029773e-05
2019,E06000025,30-34,19440,0.06818827540486788,4.837077066387734e-06,3.207218677729298e-06,285093,8,112776,7.093707881109456e-05,20.223664609491387,170087,4.70347528029773e-05
2019,E06000025,35-39,19016,0.06670104141455595,4.731577031606439e-06,3.13726699463479e-06,285093,8,112776,7.093707881109456e-05,20.223664609491387,170087,4.70347528029773e-05
2019,E06000025,40-44,17174,0.06023999186230458,4.273249050315996e-06,2.83337312609686e-06,285093,8,112776,7.093707881109456e-05,20.223664609491387,170087,4.70347528029773e-05
2019,E06000025,45-49,19152,0.06717807873220318,4.765416665404212e-06,3.159704326948123e-06,285093,8,112776,7.093707881109456e-05,20.223664609491387,170087,4.70347528029773e-05
2019,E06000025,5-9,17440,0.06117302073358518,4.339435392891054e-06,2.8772579084155838e-06,285093,8,112776,7.093707881109456e-05,20.223664609491387,170087,4.70347528029773e-05
2019,E06000025,50-54,20857,0.07315858333947167,5.189656192060132e-06,3.440995882788064e-06,285093,8,112776,7.093707881109456e-05,20.223664609491387,170087,4.70347528029773e-05
2019,E06000025,55-59,18947,0.06645901512839669,4.714408393870802e-06,3.1258833480934677e-06,285093,8,112776,7.093707881109456e-05,20.223664609491387,170087,4.70347528029773e-05
2019,E06000025,60-64,15066,0.05284591343877261,3.7487347264504947e-06,2.4855944752402058e-06,285093,8,112776,7.093707881109456e-05,20.223664609491387,170087,4.70347528029773e-05
2019,E06000025,65-69,13691,0.04802292585226575,3.4066060759215268e-06,2.258746446337028e-06,285093,8,112776,7.093707881109456e-05,20.223664609491387,170087,4.70347528029773e-05
2019,E06000025,70-74,14037,0.04923656491039766,3.4926980854364517e-06,2.3158296594283e-06,285093,8,112776,7.093707881109456e-05,20.223664609491387,170087,4.70347528029773e-05
2019,E06000025,75-79,10739,0.03766840995745248,2.672086965840426e-06,1.771724350829986e-06,285093,8,112776,7.093707881109456e-05,20.223664609491387,170087,4.70347528029773e-05
2019,E06000025,80-84,7807,0.027384046609352036,1.942544272494292e-06,1.2880018630160816e-06,285093,8,112776,7.093707881109456e-05,20.223664609491387,170087,4.70347528029773e-05
2019,E06000025,85-89,4754,0.016675260353638987,1.1828942579016096e-06,7.843167486586975e-07,285093,8,112776,7.093707881109456e-05,20.223664609491387,170087,4.70347528029773e-05
2019,E06000025,90+,2669,0.009361857358826768,6.641028132813204e-07,4.403326466491511e-07,285093,8,112776,7.093707881109456e-05,20.223664609491387,170087,4.70347528029773e-05
2019,E06000026,0-4,14630,0.05581838992750859,0.00019384390164276958,0.0001102669752282237,262100,336,96753,0.003472760534557068,910.2105361074077,170087,0.0019754596177250466
2019,E06000026,10-14,14442,0.05510110644792063,0.00019135294788276676,0.0001088500106798364,262100,336,96753,0.003472760534557068,910.2105361074077,170087,0.0019754596177250466
2019,E06000026,15-19,15012,0.05727584891262877,0.00019890530768703057,0.00011314612659781917,262100,336,96753,0.003472760534557068,910.2105361074077,170087,0.0019754596177250466
2019,E06000026,20-24,22775,0.0868943151468905,0.00030176314831948574,0.00017165621058255602,262100,336,96753,0.003472760534557068,910.2105361074077,170087,0.0019754596177250466
2019,E06000026,25-29,18691,0.07131247615413963,0.0002476511528096382,0.00014087491688248322,262100,336,96753,0.003472760534557068,910.2105361074077,170087,0.0019754596177250466
2019,E06000026,30-34,16955,0.06468904998092331,0.00022464957979174011,0.00012779060594631122,262100,336,96753,0.003472760534557068,910.2105361074077,170087,0.0019754596177250466
2019,E06000026,35-39,16763,0.06395650515070583,0.0002221056270155671,0.00012634349321604332,262100,336,96753,0.003472760534557068,910.2105361074077,170087,0.0019754596177250466
2019,E06000026,40-44,13970,0.05330026707363602,0.00018509906397467472,0.0001052925252179279,262100,336,96753,0.003472760534557068,910.2105361074077,170087,0.0019754596177250466
2019,E06000026,45-49,15924,0.06075543685616177,0.00021098908337385255,0.00012001991206659154,262100,336,96753,0.003472760534557068,910.2105361074077,170087,0.0019754596177250466
2019,E06000026,5-9,15996,0.06103014116749332,0.00021194306566491743,0.00012056257934044198,262100,336,96753,0.003472760534557068,910.2105361074077,170087,0.0019754596177250466
2019,E06000026,50-54,17328,0.06611217092712707,0.000229591738049618,0.00013060192390667533,262100,336,96753,0.003472760534557068,910.2105361074077,170087,0.0019754596177250466
2019,E06000026,55-59,16535,0.06308660816482259,0.00021908468309386162,0.00012462504684885022,262100,336,96753,0.003472760534557068,910.2105361074077,170087,0.0019754596177250466
2019,E06000026,60-64,14549,0.05550934757726059,0.0001927706715653216,0.00010965647454514195,262100,336,96753,0.003472760534557068,910.2105361074077,170087,0.0019754596177250466
2019,E06000026,65-69,12768,0.048714231209462035,0.000169172859615508,9.623299656281341e-05,262100,336,96753,0.003472760534557068,910.2105361074077,170087,0.0019754596177250466
2019,E06000026,70-74,13255,0.050572300648607404,0.00017562548983423857,9.990353770677411e-05,262100,336,96753,0.003472760534557068,910.2105361074077,170087,0.0019754596177250466
2019,E06000026,75-79,9220,0.035177413201068305,0.0001221627322724768,6.949155923473838e-05,262100,336,96753,0.003472760534557068,910.2105361074077,170087,0.0019754596177250466
2019,E06000026,80-84,6764,0.02580694391453644,8.962133634392983e-05,5.098057556006187e-05,262100,336,96753,0.003472760534557068,910.2105361074077,170087,0.0019754596177250466
2019,E06000026,85-89,4180,0.015948111407859594,5.5383971897934157e-05,3.150485006520677e-05,262100,336,96753,0.003472760534557068,910.2105361074077,170087,0.0019754596177250466
2019,E06000026,90+,2343,0.008939336131247616,3.104417372173679e-05,1.765929753655011e-05,262100,336,96753,0.003472760534557068,910.2105361074077,170087,0.0019754596177250466
2019,E06000027,0-4,6733,0.04941143662302589,1.3650455385326317e-05,4.9386162528085045e-06,136264,17,61536,0.00027626105044201767,37.6444357774311,170087,9.994884970632676e-05
2019,E06000027,10-14,7087,0.05200933482064228,1.4368153470341245e-05,5.198273189314403e-06,136264,17,61536,0.00027626105044201767,37.6444357774311,170087,9.994884970632676e-05
2019,E06000027,15-19,6437,0.047239182762872076,1.3050346252093494e-05,4.7215019782160025e-06,136264,17,61536,0.00027626105044201767,37.6444357774311,170087,9.994884970632676e-05
2019,E06000027,20-24,6078,0.044604591087888217,1.2322511188476658e-05,4.458177570855501e-06,136264,17,61536,0.00027626105044201767,37.6444357774311,170087,9.994884970632676e-05
2019,E06000027,25-29,6810,0.04997651617448483,1.3806564855795665e-05,4.995095303969392e-06,136264,17,61536,0.00027626105044201767,37.6444357774311,170087,9.994884970632676e-05
2019,E06000027,30-34,7116,0.05222215698937357,1.4426947946232297e-05,5.219544520271099e-06,136264,17,61536,0.00027626105044201767,37.6444357774311,170087,9.994884970632676e-05
2019,E06000027,35-39,6773,0.0497049844419656,1.3731551214141562e-05,4.967956019645329e-06,136264,17,61536,0.00027626105044201767,37.6444357774311,170087,9.994884970632676e-05
2019,E06000027,40-44,6535,0.04795837491927435,1.3249031032690848e-05,4.7933844069662224e-06,136264,17,61536,0.00027626105044201767,37.6444357774311,170087,9.994884970632676e-05
2019,E06000027,45-49,8635,0.06336963541360888,1.7506562045491275e-05,6.333722165899515e-06,136264,17,61536,0.00027626105044201767,37.6444357774311,170087,9.994884970632676e-05
2019,E06000027,5-9,7669,0.05628045558621499,1.5548097779603076e-05,5.625166796790201e-06,136264,17,61536,0.00027626105044201767,37.6444357774311,170087,9.994884970632676e-05
2019,E06000027,50-54,9996,0.07335759995303234,2.0265847620930025e-05,7.332007732522473e-06,136264,17,61536,0.00027626105044201767,37.6444357774311,170087,9.994884970632676e-05
2019,E06000027,55-59,10284,0.07547114424939824,2.0849737588399798e-05,7.543254053747609e-06,136264,17,61536,0.00027626105044201767,37.6444357774311,170087,9.994884970632676e-05
2019,E06000027,60-64,9499,0.06971026830270652,1.9258231947900588e-05,6.967461129574928e-06,136264,17,61536,0.00027626105044201767,37.6444357774311,170087,9.994884970632676e-05
2019,E06000027,65-69,9205,0.06755269183349968,1.866217760610853e-05,6.751813843324266e-06,136264,17,61536,0.00027626105044201767,37.6444357774311,170087,9.994884970632676e-05
2019,E06000027,70-74,10094,0.07407679210943463,2.046453240152737e-05,7.403890161272694e-06,136264,17,61536,0.00027626105044201767,37.6444357774311,170087,9.994884970632676e-05
2019,E06000027,75-79,7086,0.05200199612516879,1.4366126074620864e-05,5.197539695143481e-06,136264,17,61536,0.00027626105044201767,37.6444357774311,170087,9.994884970632676e-05
2019,E06000027,80-84,5039,0.03697968649092937,1.021604703500064e-05,3.696077127268982e-06,136264,17,61536,0.00027626105044201767,37.6444357774311,170087,9.994884970632676e-05
2019,E06000027,85-89,3209,0.023549873774437853,6.5059128667031234e-06,2.3537827944842554e-06,136264,17,61536,0.00027626105044201767,37.6444357774311,170087,9.994884970632676e-05
2019,E06000027,90+,1979,0.014523278342041918,4.012216130634305e-06,1.4515849642518982e-06,136264,17,61536,0.00027626105044201767,37.6444357774311,170087,9.994884970632676e-05
2019,E06000040,0-4,8615,0.05689397841793134,1.0553155196149347e-05,3.6794920399398243e-06,151422,11,59303,0.00018548808660607389,28.08697705006492,170087,6.467278510409379e-05
2019,E06000040,10-14,10215,0.06746047469984547,1.2513114373611792e-05,4.362856783283262e-06,151422,11,59303,0.00018548808660607389,28.08697705006492,170087,6.467278510409379e-05
2019,E06000040,15-19,9226,0.0609290591855873,1.130161460704282e-05,3.940451951304099e-06,151422,11,59303,0.00018548808660607389,28.08697705006492,170087,6.467278510409379e-05
2019,E06000040,20-24,6325,0.04177068061444175,7.747963623406223e-06,2.701426251029528e-06,151422,11,59303,0.00018548808660607389,28.08697705006492,170087,6.467278510409379e-05
2019,E06000040,25-29,7336,0.04844738545257625,8.986412828665308e-06,3.1332273482296633e-06,151422,11,59303,0.00018548808660607389,28.08697705006492,170087,6.467278510409379e-05
2019,E06000040,30-34,8820,0.058247810754051596,1.0804274965761725e-05,3.7670481476807023e-06,151422,11,59303,0.00018548808660607389,28.08697705006492,170087,6.467278510409379e-05
2019,E06000040,35-39,10437,0.06892657605896105,1.2785058709484706e-05,4.457673641422165e-06,151422,11,59303,0.00018548808660607389,28.08697705006492,170087,6.467278510409379e-05
2019,E06000040,40-44,10788,0.07124460118080596,1.3215024754040527e-05,4.607586781993131e-06,151422,11,59303,0.00018548808660607389,28.08697705006492,170087,6.467278510409379e-05
2019,E06000040,45-49,11499,0.07594008796608157,1.4085981613525401e-05,4.911256989816371e-06,151422,11,59303,0.00018548808660607389,28.08697705006492,170087,6.467278510409379e-05
2019,E06000040,5-9,9755,0.06442260701879515,1.194962611009134e-05,4.166389419572024e-06,151422,11,59303,0.00018548808660607389,28.08697705006492,170087,6.467278510409379e-05
2019,E06000040,50-54,11643,0.07689107263145384,1.4262377939497023e-05,4.972759816717279e-06,151422,11,59303,0.00018548808660607389,28.08697705006492,170087,6.467278510409379e-05
2019,E06000040,55-59,10282,0.06790294673165062,1.259518766416803e-05,4.391472681910768e-06,151422,11,59303,0.00018548808660607389,28.08697705006492,170087,6.467278510409379e-05
2019,E06000040,60-64,8027,0.0530107910343279,9.8328701984319e-06,3.4283554967611108e-06,151422,11,59303,0.00018548808660607389,28.08697705006492,170087,6.467278510409379e-05
2019,E06000040,65-69,7040,0.046492583640422136,8.623820380834756e-06,3.006804870711127e-06,151422,11,59303,0.00018548808660607389,28.08697705006492,170087,6.467278510409379e-05
2019,E06000040,70-74,7405,0.04890306560473379,9.070936068193374e-06,3.1626974527863497e-06,151422,11,59303,0.00018548808660607389,28.08697705006492,170087,6.467278510409379e-05
2019,E06000040,75-79,5350,0.03533172194265034,6.553613499640047e-06,2.285000860554621e-06,151422,11,59303,0.00018548808660607389,28.08697705006492,170087,6.467278510409379e-05
2019,E06000040,80-84,4188,0.027657804017910206,5.130193147007948e-06,1.7887072157014485e-06,151422,11,59303,0.00018548808660607389,28.08697705006492,170087,6.467278510409379e-05
2019,E06000040,85-89,2636,0.017408302624453517,3.229032744869376e-06,1.125843414658314e-06,151422,11,59303,0.00018548808660607389,28.08697705006492,170087,6.467278510409379e-05
2019,E06000040,90+,1835,0.012118450423320258,2.247828181652241e-06,7.837339400220055e-07,151422,11,59303,0.00018548808660607389,28.08697705006492,170087,6.467278510409379e-05
2019,E06000052,0-4,27683,0.048602649680991886,0.03594615356057787,0.048207455077590035,569578,168704,228104,0.7395924665941851,421255.5979377828,170087,0.9918688671091852
2019,E06000052,10-14,31192,0.05476335111257809,0.040502561928315035,0.05431806302713538,569578,168704,228104,0.7395924665941851,421255.5979377828,170087,0.9918688671091852
2019,E06000052,15-19,29468,0.05173654881333198,0.03826396174992265,0.051315872059618656,569578,168704,228104,0.7395924665941851,421255.5979377828,170087,0.9918688671091852
2019,E06000052,20-24,29998,0.05266706228119766,0.03895216250082055,0.05223881939882043,569578,168704,228104,0.7395924665941851,421255.5979377828,170087,0.9918688671091852
2019,E06000052,25-29,27744,0.04870974651408587,0.036025361571530266,0.048313681092101934,569578,168704,228104,0.7395924665941851,421255.5979377828,170087,0.9918688671091852
2019,E06000052,30-34,28116,0.04936286162738027,0.03650840058914162,0.04896148563961714,569578,168704,228104,0.7395924665941851,421255.5979377828,170087,0.9918688671091852
2019,E06000052,35-39,30151,0.052935682206826803,0.03915083177419296,0.052505255140137166,569578,168704,228104,0.7395924665941851,421255.5979377828,170087,0.9918688671091852
2019,E06000052,40-44,30000,0.052670573652774506,0.0389547594847862,0.05224230221896835,569578,168704,228104,0.7395924665941851,421255.5979377828,170087,0.9918688671091852
2019,E06000052,45-49,37188,0.06529044309997928,0.04828831985734097,0.06475955783063317,569578,168704,228104,0.7395924665941851,421255.5979377828,170087,0.9918688671091852
2019,E06000052,5-9,32157,0.05645758789840899,0.04175560669174233,0.055998523748512184,569578,168704,228104,0.7395924665941851,421255.5979377828,170087,0.9918688671091852
2019,E06000052,50-54,41682,0.0731804950331649,0.054123742828161944,0.07258545470303464,569578,168704,228104,0.7395924665941851,421255.5979377828,170087,0.9918688671091852
2019,E06000052,55-59,42220,0.07412505398733799,0.05482233151492245,0.07352233332282813,569578,168704,228104,0.7395924665941851,421255.5979377828,170087,0.9918688671091852
2019,E06000052,60-64,39513,0.06937241255806931,0.0513073137174119,0.06880833625260321,569578,168704,228104,0.7395924665941851,421255.5979377828,170087,0.9918688671091852
2019,E06000052,65-69,38451,0.06750787425076109,0.049928315231650464,0.06695895875405175,569578,168704,228104,0.7395924665941851,421255.5979377828,170087,0.9918688671091852
2019,E06000052,70-74,40692,0.07144236610262333,0.052838235765164,0.07086145872980867,569578,168704,228104,0.7395924665941851,421255.5979377828,170087,0.9918688671091852
2019,E06000052,75-79,26919,0.047261305738634574,0.03495410568569866,0.046877017781080305,569578,168704,228104,0.7395924665941851,421255.5979377828,170087,0.9918688671091852
2019,E06000052,80-84,18599,0.03265399997893177,0.024150652388584617,0.032388485965686414,569578,168704,228104,0.7395924665941851,421255.5979377828,170087,0.9918688671091852
2019,E06000052,85-89,11236,0.019726885518752478,0.014589855919035256,0.019566483591077613,569578,168704,228104,0.7395924665941851,421255.5979377828,170087,0.9918688671091852
2019,E06000052,90+,6569,0.011533099944169189,0.008529793835185352,0.011439322775880105,569578,168704,228104,0.7395924665941851,421255.5979377828,170087,0.9918688671091852
2019,E06000053,0-4,92,0.04136690647482014,0.037054307171546716,0.0001588163112292977,2224,653,729,0.8957475994513031,1992.1426611796976,170087,0.003839211697543022
2019,E06000053,10-14,96,0.043165467625899276,0.038665364005092226,0.00016572136823926717,2224,653,729,0.8957475994513031,1992.1426611796976,170087,0.003839211697543022
2019,E06000053,15-19,69,0.03102517985611511,0.027790730378660033,0.00011911223342197326,2224,653,729,0.8957475994513031,1992.1426611796976,170087,0.003839211697543022
2019,E06000053,20-24,121,0.054406474820143894,0.04873446921475165,0.00020887797455157626,2224,653,729,0.8957475994513031,1992.1426611796976,170087,0.003839211697543022
2019,E06000053,25-29,130,0.05845323741007194,0.05235934709022905,0.00022441435282400757,2224,653,729,0.8957475994513031,1992.1426611796976,170087,0.003839211697543022
2019,E06000053,30-34,124,0.05575539568345324,0.04994276183991079,0.0002140567673090534,2224,653,729,0.8957475994513031,1992.1426611796976,170087,0.003839211697543022
2019,E06000053,35-39,143,0.06429856115107914,0.057595281799251954,0.0002468557881064084,2224,653,729,0.8957475994513031,1992.1426611796976,170087,0.003839211697543022
2019,E06000053,40-44,129,0.05800359712230216,0.05195658288184267,0.00022268808857151521,2224,653,729,0.8957475994513031,1992.1426611796976,170087,0.003839211697543022
2019,E06000053,45-49,141,0.06339928057553958,0.0567897533824792,0.0002434032596014236,2224,653,729,0.8957475994513031,1992.1426611796976,170087,0.003839211697543022
2019,E06000053,5-9,114,0.051258992805755396,0.04591511975604701,0.00019679412478412973,2224,653,729,0.8957475994513031,1992.1426611796976,170087,0.003839211697543022
2019,E06000053,50-54,165,0.07419064748201439,0.06645609438375226,0.0002848336016612403,2224,653,729,0.8957475994513031,1992.1426611796976,170087,0.003839211697543022
2019,E06000053,55-59,160,0.07194244604316546,0.06444227334182037,0.00027620228039877855,2224,653,729,0.8957475994513031,1992.1426611796976,170087,0.003839211697543022
2019,E06000053,60-64,160,0.07194244604316546,0.06444227334182037,0.00027620228039877855,2224,653,729,0.8957475994513031,1992.1426611796976,170087,0.003839211697543022
2019,E06000053,65-69,138,0.06205035971223022,0.05558146075732007,0.00023822446684394654,2224,653,729,0.8957475994513031,1992.1426611796976,170087,0.003839211697543022
2019,E06000053,70-74,165,0.07419064748201439,0.06645609438375225,0.0002848336016612404,2224,653,729,0.8957475994513031,1992.1426611796976,170087,0.003839211697543022
2019,E06000053,75-79,110,0.04946043165467626,0.044304062922501504,0.00018988906777416025,2224,653,729,0.8957475994513031,1992.1426611796976,170087,0.003839211697543022
2019,E06000053,80-84,79,0.03552158273381295,0.0318183724625238,0.00013637487594689692,2224,653,729,0.8957475994513031,1992.1426611796976,170087,0.003839211697543022
2019,E06000053,85-89,42,0.018884892086330936,0.016916096752227848,7.250309860467937e-05,2224,653,729,0.8957475994513031,1992.1426611796976,170087,0.003839211697543022
2019,E06000053,90+,46,0.020683453237410075,0.018527153585773354,7.940815561464885e-05,2224,653,729,0.8957475994513031,1992.1426611796976,170087,0.003839211697543022
2019,E06000054,0-4,26778,0.0535534294353871,2.2939139970289016e-06,2.5188723152451205e-06,500024,8,186767,4.283411951790199e-05,21.418087777819427,170087,4.70347528029773e-05
2019,E06000054,10-14,30715,0.06142705150152793,2.631173665648768e-06,2.8892061827901216e-06,500024,8,186767,4.283411951790199e-05,21.418087777819427,170087,4.70347528029773e-05
2019,E06000054,15-19,27010,0.054017407164456105,2.3137880745294883e-06,2.540695393037968e-06,500024,8,186767,4.283411951790199e-05,21.418087777819427,170087,4.70347528029773e-05
2019,E06000054,20-24,21780,0.04355790922035743,1.8657646894947148e-06,2.048735492794037e-06,500024,8,186767,4.283411951790199e-05,21.418087777819427,170087,4.70347528029773e-05
2019,E06000054,25-29,25731,0.05145952994256276,2.2042236558947895e-06,2.4203862702058478e-06,500024,8,186767,4.283411951790199e-05,21.418087777819427,170087,4.70347528029773e-05
2019,E06000054,30-34,28815,0.05762723389277315,2.468411824049137e-06,2.7104827008659405e-06,500024,8,186767,4.283411951790199e-05,21.418087777819427,170087,4.70347528029773e-05
2019,E06000054,35-39,29503,0.0590031678479433,2.5273487435336352e-06,2.7751994143205913e-06,500024,8,186767,4.283411951790199e-05,21.418087777819427,170087,4.70347528029773e-05
2019,E06000054,40-44,28840,0.05767723149288835,2.47055342722808e-06,2.7128343256281008e-06,500024,8,186767,4.283411951790199e-05,21.418087777819427,170087,4.70347528029773e-05
2019,E06000054,45-49,35717,0.07143057133257605,3.0596656296915857e-06,3.3597192652031504e-06,500024,8,186767,4.283411951790199e-05,21.418087777819427,170087,4.70347528029773e-05
2019,E06000054,5-9,31232,0.06246100187191014,2.675462019389299e-06,2.9378377828715966e-06,500024,8,186767,4.283411951790199e-05,21.418087777819427,170087,4.70347528029773e-05
2019,E06000054,50-54,38233,0.07646232980816921,3.2751965736203595e-06,3.5963867812669613e-06,500024,8,186767,4.283411951790199e-05,21.418087777819427,170087,4.70347528029773e-05
2019,E06000054,55-59,36386,0.07276850711165864,3.116974930760087e-06,3.4226487438385596e-06,500024,8,186767,4.283411951790199e-05,21.418087777819427,170087,4.70347528029773e-05
2019,E06000054,60-64,30837,0.061671039790090074,2.6416246891620077e-06,2.900682111629464e-06,500024,8,186767,4.283411951790199e-05,21.418087777819427,170087,4.70347528029773e-05
2019,E06000054,65-69,28657,0.057311249060045116,2.45487689195822e-06,2.6956204323690866e-06,500024,8,186767,4.283411951790199e-05,21.418087777819427,170087,4.70347528029773e-05
2019,E06000054,70-74,29414,0.058825176391533215,2.5197246362165997e-06,2.766827630167301e-06,500024,8,186767,4.283411951790199e-05,21.418087777819427,170087,4.70347528029773e-05
2019,E06000054,75-79,20640,0.041278018655104554,1.7681075845349365e-06,1.9415014036395277e-06,500024,8,186767,4.283411951790199e-05,21.418087777819427,170087,4.70347528029773e-05
2019,E06000054,80-84,14788,0.029574580420139836,1.2668011124080735e-06,1.3910330793130495e-06,500024,8,186767,4.283411951790199e-05,21.418087777819427,170087,4.70347528029773e-05
2019,E06000054,85-89,9343,0.018685103115050478,8.003599400343949e-07,8.788492061145404e-07,500024,8,186767,4.283411951790199e-05,21.418087777819427,170087,4.70347528029773e-05
2019,E06000054,90+,5605,0.0112094619458266,4.801474327189108e-07,5.27234271676335e-07,500024,8,186767,4.283411951790199e-05,21.418087777819427,170087,4.70347528029773e-05
2019,E06000059,0-4,15875,0.041940989358216996,1.9082843639812776e-06,1.9726840667760382e-06,378508,8,175827,4.549926916798899e-05,17.221837374237175,170087,4.70347528029773e-05
2019,E06000059,10-14,20484,0.054117746520549105,2.462317915703463e-06,2.5454148298482126e-06,378508,8,175827,4.549926916798899e-05,17.221837374237175,170087,4.70347528029773e-05
2019,E06000059,15-19,19044,0.050313335517347055,2.289219995443114e-06,2.366475298751677e-06,378508,8,175827,4.549926916798899e-05,17.221837374237175,170087,4.70347528029773e-05
2019,E06000059,20-24,14808,0.0391220264829277,1.7800236133439215e-06,1.8400948447760356e-06,378508,8,175827,4.549926916798899e-05,17.221837374237175,170087,4.70347528029773e-05
2019,E06000059,25-29,16750,0.04425269743307936,2.013465391917253e-06,2.0814146846298355e-06,378508,8,175827,4.549926916798899e-05,17.221837374237175,170087,4.70347528029773e-05
2019,E06000059,30-34,17497,0.04622623564099042,2.103259938052309e-06,2.1742395663861628e-06,378508,8,175827,4.549926916798899e-05,17.221837374237175,170087,4.70347528029773e-05
2019,E06000059,35-39,17712,0.046794255339385166,2.1291044192022915e-06,2.2009562324873817e-06,378508,8,175827,4.549926916798899e-05,17.221837374237175,170087,4.70347528029773e-05
2019,E06000059,40-44,18763,0.04957094698130555,2.2554418596145325e-06,2.3315572374752008e-06,378508,8,175827,4.549926916798899e-05,17.221837374237175,170087,4.70347528029773e-05
2019,E06000059,45-49,23610,0.06237648874000022,2.838084650935304e-06,2.933862728603607e-06,378508,8,175827,4.549926916798899e-05,17.221837374237175,170087,4.70347528029773e-05
2019,E06000059,5-9,19362,0.05115347628055418,2.3274457861672753e-06,2.405991111868828e-06,378508,8,175827,4.549926916798899e-05,17.221837374237175,170087,4.70347528029773e-05
2019,E06000059,50-54,27547,0.07277785410083804,3.3113391732026608e-06,3.423088377164064e-06,378508,8,175827,4.549926916798899e-05,17.221837374237175,170087,4.70347528029773e-05
2019,E06000059,55-59,29290,0.07738277658596383,3.5208597808511256e-06,3.639679767928829e-06,378508,8,175827,4.549926916798899e-05,17.221837374237175,170087,4.70347528029773e-05
2019,E06000059,60-64,27717,0.07322698595538271,3.331774344344507e-06,3.4442131829185163e-06,378508,8,175827,4.549926916798899e-05,17.221837374237175,170087,4.70347528029773e-05
2019,E06000059,65-69,27839,0.07354930410982066,3.346439584811009e-06,3.459373337636418e-06,378508,8,175827,4.549926916798899e-05,17.221837374237175,170087,4.70347528029773e-05
2019,E06000059,70-74,30079,0.07946727678146828,3.615703016327108e-06,3.7377237193421395e-06,378508,8,175827,4.549926916798899e-05,17.221837374237175,170087,4.70347528029773e-05
2019,E06000059,75-79,21177,0.05594861931584009,2.5456212898287564e-06,2.63152947918842e-06,378508,8,175827,4.549926916798899e-05,17.221837374237175,170087,4.70347528029773e-05
2019,E06000059,80-84,15304,0.04043243471736398,1.8396462303224857e-06,1.9017295721537319e-06,378508,8,175827,4.549926916798899e-05,17.221837374237175,170087,4.70347528029773e-05
2019,E06000059,85-89,9714,0.02566392255910047,1.167689720422937e-06,1.2070962535220433e-06,378508,8,175827,4.549926916798899e-05,17.221837374237175,170087,4.70347528029773e-05
2019,E06000059,90+,5936,0.015682627579866215,7.135480935176606e-07,7.376285115201612e-07,378508,8,175827,4.549926916798899e-05,17.221837374237175,170087,4.70347528029773e-05
2019,E07000040,0-4,6446,0.04406496951136146,1.6126106333558557e-05,5.4405354891237466e-06,146284,21,57383,0.0003659620445079553,53.53439171880174,170087,0.00012346622610781541
2019,E07000040,10-14,7766,0.05308851275600886,1.942838066807567e-05,6.554638319661032e-06,146284,21,57383,0.0003659620445079553,53.53439171880174,170087,0.00012346622610781541
2019,E07000040,15-19,6801,0.04649175576276285,1.7014217991705203e-05,5.740161629154607e-06,146284,21,57383,0.0003659620445079553,53.53439171880174,170087,0.00012346622610781541
2019,E07000040,20-24,5491,0.03753657269421126,1.3736960886995042e-05,4.6344989715759375e-06,146284,21,57383,0.0003659620445079553,53.53439171880174,170087,0.00012346622610781541
2019,E07000040,25-29,6417,0.0438667250006836,1.605355636711841e-05,5.4160589875437605e-06,146284,21,57383,0.0003659620445079553,53.53439171880174,170087,0.00012346622610781541
2019,E07000040,30-34,6866,0.046936096907385635,1.7176829985450363e-05,5.795022753385611e-06,146284,21,57383,0.0003659620445079553,53.53439171880174,170087,0.00012346622610781541
2019,E07000040,35-39,7048,0.048180252112329444,1.7632143567936815e-05,5.948633901232418e-06,146284,21,57383,0.0003659620445079553,53.53439171880174,170087,0.00012346622610781541
2019,E07000040,40-44,7215,0.04932186705312953,1.8049931305712842e-05,6.089584789641301e-06,146284,21,57383,0.0003659620445079553,53.53439171880174,170087,0.00012346622610781541
2019,E07000040,45-49,8990,0.06145579831013645,2.249048959644608e-05,7.587715489795609e-06,146284,21,57383,0.0003659620445079553,53.53439171880174,170087,0.00012346622610781541
2019,E07000040,5-9,7734,0.052869760192502266,1.934832553269343e-05,6.527629766193462e-06,146284,21,57383,0.0003659620445079553,53.53439171880174,170087,0.00012346622610781541
2019,E07000040,50-54,10334,0.07064340597741381,2.5852805282499865e-05,8.722074735433573e-06,146284,21,57383,0.0003659620445079553,53.53439171880174,170087,0.00012346622610781541
2019,E07000040,55-59,10422,0.07124497552705697,2.607295690480101e-05,8.79634825746939e-06,146284,21,57383,0.0003659620445079553,53.53439171880174,170087,0.00012346622610781541
2019,E07000040,60-64,10339,0.0706775860654617,2.586531389740334e-05,8.726294821912879e-06,146284,21,57383,0.0003659620445079553,53.53439171880174,170087,0.00012346622610781541
2019,E07000040,65-69,10696,0.07311804435208225,2.6758429001511375e-05,9.027608996535462e-06,146284,21,57383,0.0003659620445079553,53.53439171880174,170087,0.00012346622610781541
2019,E07000040,70-74,11919,0.08147849388860026,2.9818036206901096e-05,1.0059842149374175e-05,146284,21,57383,0.0003659620445079553,53.53439171880174,170087,0.00012346622610781541
2019,E07000040,75-79,8588,0.05870771923108474,2.1484796958206778e-05,7.248420536859252e-06,146284,21,57383,0.0003659620445079553,53.53439171880174,170087,0.00012346622610781541
2019,E07000040,80-84,6338,0.04332667960952667,1.585592025164352e-05,5.349381621170696e-06,146284,21,57383,0.0003659620445079553,53.53439171880174,170087,0.00012346622610781541
2019,E07000040,85-89,4207,0.02875912608350879,1.0524748579782943e-05,3.550780763689668e-06,146284,21,57383,0.0003659620445079553,53.53439171880174,170087,0.00012346622610781541
2019,E07000040,90+,2667,0.018231658964753494,6.672095189512981e-06,2.2509941280628346e-06,146284,21,57383,0.0003659620445079553,53.53439171880174,170087,0.00012346622610781541
2019,E07000041,0-4,6389,0.048620676534378446,1.9999845294505103e-05,5.4312960670315226e-06,131405,19,46190,0.0004113444468499674,54.052717038319976,170087,0.00011170753790707106
2019,E07000041,10-14,6195,0.04714432479738215,1.9392556205894364e-05,5.266376449406837e-06,131405,19,46190,0.0004113444468499674,54.052717038319976,170087,0.00011170753790707106
2019,E07000041,15-19,9521,0.07245538602031887,2.9804120683828932e-05,8.093812780436239e-06,131405,19,46190,0.0004113444468499674,54.052717038319976,170087,0.00011170753790707106
2019,E07000041,20-24,16927,0.12881549408317794,5.2987538159350104e-05,1.4389661688314691e-05,131405,19,46190,0.0004113444468499674,54.052717038319976,170087,0.00011170753790707106
2019,E07000041,25-29,13007,0.09898405692325254,4.0716542142061016e-05,1.1057265290949916e-05,131405,19,46190,0.0004113444468499674,54.052717038319976,170087,0.00011170753790707106
2019,E07000041,30-34,9268,0.07053004071382368,2.901214058373349e-05,7.878737196626726e-06,131405,19,46190,0.0004113444468499674,54.052717038319976,170087,0.00011170753790707106
2019,E07000041,35-39,8081,0.06149689890034626,2.529640786115131e-05,6.869667165077749e-06,131405,19,46190,0.0004113444468499674,54.052717038319976,170087,0.00011170753790707106
2019,E07000041,40-44,6968,0.053026901563867426,2.1812321491956728e-05,5.923504616540248e-06,131405,19,46190,0.0004113444468499674,54.052717038319976,170087,0.00011170753790707106
2019,E07000041,45-49,7105,0.05406947985236483,2.2241180281336476e-05,6.039968470223661e-06,131405,19,46190,0.0004113444468499674,54.052717038319976,170087,0.00011170753790707106
2019,E07000041,5-9,6739,0.05128419770937179,2.1095469938905912e-05,5.7288314596533775e-06,131405,19,46190,0.0004113444468499674,54.052717038319976,170087,0.00011170753790707106
2019,E07000041,50-54,7494,0.05702979338685742,2.3458888814684807e-05,6.370657806594809e-06,131405,19,46190,0.0004113444468499674,54.052717038319976,170087,0.00011170753790707106
2019,E07000041,55-59,6765,0.05148205928237129,2.117685919820425e-05,5.750934088819572e-06,131405,19,46190,0.0004113444468499674,54.052717038319976,170087,0.00011170753790707106
2019,E07000041,60-64,5897,0.04487652676838781,1.845971008009024e-05,5.013046315117371e-06,131405,19,46190,0.0004113444468499674,54.052717038319976,170087,0.00011170753790707106
2019,E07000041,65-69,5424,0.041276968151896805,1.697905163208572e-05,4.610948484516978e-06,131405,19,46190,0.0004113444468499674,54.052717038319976,170087,0.00011170753790707106
2019,E07000041,70-74,5387,0.040995395913397514,1.6863228455391917e-05,4.579494743011239e-06,131405,19,46190,0.0004113444468499674,54.052717038319976,170087,0.00011170753790707106
2019,E07000041,75-79,3896,0.029648795707925876,1.2195867470244462e-05,3.3119939704421365e-06,131405,19,46190,0.0004113444468499674,54.052717038319976,170087,0.00011170753790707106
2019,E07000041,80-84,2941,0.022381187930444045,9.206377369093676e-06,2.50014739914536e-06,131405,19,46190,0.0004113444468499674,54.052717038319976,170087,0.00011170753790707106
2019,E07000041,85-89,2009,0.015288611544461778,6.288885458860657e-06,1.707853153649449e-06,131405,19,46190,0.0004113444468499674,54.052717038319976,170087,0.00011170753790707106
2019,E07000041,90+,1392,0.010593204215973519,4.35745572858837e-06,1.1833407615132068e-06,131405,19,46190,0.0004113444468499674,54.052717038319976,170087,0.00011170753790707106
2019,E07000042,0-4,4102,0.04983538044732782,1.4835392585120575e-05,2.636994150205191e-06,82311,9,30233,0.0002976879568683227,24.50299341778851,170087,5.291409690334946e-05
2019,E07000042,10-14,5201,0.06318718032826717,1.881006261219213e-05,3.3434925829393462e-06,82311,9,30233,0.0002976879568683227,24.50299341778851,170087,5.291409690334946e-05
2019,E07000042,15-19,4437,0.05390531034734118,1.604696170165285e-05,2.8523508153243374e-06,82311,9,30233,0.0002976879568683227,24.50299341778851,170087,5.291409690334946e-05
2019,E07000042,20-24,3719,0.04518229641238716,1.3450225505622481e-05,2.3907804106809136e-06,82311,9,30233,0.0002976879568683227,24.50299341778851,170087,5.291409690334946e-05
2019,E07000042,25-29,4005,0.04865692313299559,1.4484580034960484e-05,2.5746371456781547e-06,82311,9,30233,0.0002976879568683227,24.50299341778851,170087,5.291409690334946e-05
2019,E07000042,30-34,4170,0.050661515471808145,1.5081323032655485e-05,2.6807083389457944e-06,82311,9,30233,0.0002976879568683227,24.50299341778851,170087,5.291409690334946e-05
2019,E07000042,35-39,4515,0.054852935816598024,1.6329058391472307e-05,2.9024935612326766e-06,82311,9,30233,0.0002976879568683227,24.50299341778851,170087,5.291409690334946e-05
2019,E07000042,40-44,4482,0.05445201734883552,1.6209709791933305e-05,2.8812793225791486e-06,82311,9,30233,0.0002976879568683227,24.50299341778851,170087,5.291409690334946e-05
2019,E07000042,45-49,5565,0.06760943251813245,2.0126513831349583e-05,3.577492063844926e-06,82311,9,30233,0.0002976879568683227,24.50299341778851,170087,5.291409690334946e-05
2019,E07000042,5-9,4908,0.05962751029631519,1.7750391713254946e-05,3.1551358579246902e-06,82311,9,30233,0.0002976879568683227,24.50299341778851,170087,5.291409690334946e-05
2019,E07000042,50-54,6249,0.07591937894084631,2.2600284803612497e-05,4.017205374118049e-06,82311,9,30233,0.0002976879568683227,24.50299341778851,170087,5.291409690334946e-05
2019,E07000042,55-59,6159,0.07482596493785765,2.227478862305159e-05,3.959348359608428e-06,82311,9,30233,0.0002976879568683227,24.50299341778851,170087,5.291409690334946e-05
2019,E07000042,60-64,5416,0.06579922489096234,1.9587636821309858e-05,3.4817065620456643e-06,82311,9,30233,0.0002976879568683227,24.50299341778851,170087,5.291409690334946e-05
2019,E07000042,65-69,5358,0.06509458031125853,1.9377872616059493e-05,3.444420930472797e-06,82311,9,30233,0.0002976879568683227,24.50299341778851,170087,5.291409690334946e-05
2019,E07000042,70-74,5274,0.06407406057513576,1.907407618086931e-05,3.3904210502638166e-06,82311,9,30233,0.0002976879568683227,24.50299341778851,170087,5.291409690334946e-05
2019,E07000042,75-79,3683,0.0447449308111917,1.3320027033398118e-05,2.367637604877065e-06,82311,9,30233,0.0002976879568683227,24.50299341778851,170087,5.291409690334946e-05
2019,E07000042,80-84,2500,0.03037261119412958,9.041560571136382e-06,1.6071392919339294e-06,82311,9,30233,0.0002976879568683227,24.50299341778851,170087,5.291409690334946e-05
2019,E07000042,85-89,1597,0.019402024030809976,5.7757488928419215e-06,1.026640579687394e-06,82311,9,30233,0.0002976879568683227,24.50299341778851,170087,5.291409690334946e-05
2019,E07000042,90+,971,0.011796722187799931,3.51174212582937e-06,6.242129009871381e-07,82311,9,30233,0.0002976879568683227,24.50299341778851,170087,5.291409690334946e-05
2019,E07000044,0-4,3578,0.04112454599788516,5.971932682712117e-05,1.1122126417084889e-05,87004,46,31677,0.0014521577169555196,126.34353000599803,170087,0.0002704498286171195
2019,E07000044,10-14,4711,0.05414693577306791,7.862989063235545e-05,1.464402949996839e-05,87004,46,31677,0.0014521577169555196,126.34353000599803,170087,0.0002704498286171195
2019,E07000044,15-19,4318,0.04962990207346789,7.207044528773315e-05,1.3422398510053811e-05,87004,46,31677,0.0014521577169555196,126.34353000599803,170087,0.0002704498286171195
2019,E07000044,20-24,3194,0.0367109558181233,5.33100977881009e-05,9.928471709382093e-06,87004,46,31677,0.0014521577169555196,126.34353000599803,170087,0.0002704498286171195
2019,E07000044,25-29,3545,0.04074525309181187,5.9168533706580354e-05,1.1019546715641679e-05,87004,46,31677,0.0014521577169555196,126.34353000599803,170087,0.0002704498286171195
2019,E07000044,30-34,3774,0.043377315985471926,6.299070414912111e-05,1.1731387674141522e-05,87004,46,31677,0.0014521577169555196,126.34353000599803,170087,0.0002704498286171195
2019,E07000044,35-39,4185,0.04810123672474829,6.985058210494749e-05,1.3008971228479668e-05,87004,46,31677,0.0014521577169555196,126.34353000599803,170087,0.0002704498286171195
2019,E07000044,40-44,4470,0.05137694818629028,7.460743178234534e-05,1.3894886831852836e-05,87004,46,31677,0.0014521577169555196,126.34353000599803,170087,0.0002704498286171195
2019,E07000044,45-49,5357,0.06157188175256309,8.941208323445727e-05,1.6652104867614235e-05,87004,46,31677,0.0014521577169555196,126.34353000599803,170087,0.0002704498286171195
2019,E07000044,5-9,4557,0.05237690221139258,7.605952273649836e-05,1.4165324226566752e-05,87004,46,31677,0.0014521577169555196,126.34353000599803,170087,0.0002704498286171195
2019,E07000044,50-54,6714,0.07716886579927361,0.00011206136397912003,2.087030652999104e-05,87004,46,31677,0.0014521577169555196,126.34353000599803,170087,0.0002704498286171195
2019,E07000044,55-59,7219,0.0829731966346375,0.00012049016779345663,2.2440086809652266e-05,87004,46,31677,0.0014521577169555196,126.34353000599803,170087,0.0002704498286171195
2019,E07000044,60-64,6798,0.07813433865109651,0.00011346338283140572,2.1131418497301024e-05,87004,46,31677,0.0014521577169555196,126.34353000599803,170087,0.0002704498286171195
2019,E07000044,65-69,6709,0.07711139717714127,0.0001119779104760078,2.0854764150984487e-05,87004,46,31677,0.0014521577169555196,126.34353000599803,170087,0.0002704498286171195
2019,E07000044,70-74,6985,0.0802836651188451,0.0001165845438478036,2.1712703472145876e-05,87004,46,31677,0.0014521577169555196,126.34353000599803,170087,0.0002704498286171195
2019,E07000044,75-79,4600,0.0528711323617305,7.677722286326366e-05,1.4298988686023053e-05,87004,46,31677,0.0014521577169555196,126.34353000599803,170087,0.0002704498286171195
2019,E07000044,80-84,3231,0.03713622362190244,5.392765371113149e-05,1.004348531403054e-05,87004,46,31677,0.0014521577169555196,126.34353000599803,170087,0.0002704498286171195
2019,E07000044,85-89,1961,0.022539193600294237,3.2730463920621747e-05,6.095721046367653e-06,87004,46,31677,0.0014521577169555196,126.34353000599803,170087,0.0002704498286171195
2019,E07000044,90+,1098,0.012620109420256539,1.8326389283448582e-05,3.4131064298376765e-06,87004,46,31677,0.0014521577169555196,126.34353000599803,170087,0.0002704498286171195
2019,E07000045,0-4,6191,0.046145360494324064,3.525176418477106e-05,1.1937395931201439e-05,134163,44,57597,0.0007639286768408077,102.49096307099329,170087,0.0002586911404163752
2019,E07000045,10-14,7008,0.052234967912166544,3.9903789921963425e-05,1.3512723418811126e-05,134163,44,57597,0.0007639286768408077,102.49096307099329,170087,0.0002586911404163752
2019,E07000045,15-19,6298,0.046942897818325474,3.5861025817426614e-05,1.2143711771071985e-05,134163,44,57597,0.0007639286768408077,102.49096307099329,170087,0.0002586911404163752
2019,E07000045,20-24,5362,0.039966309638275826,3.053141004017807e-05,1.0338930218559541e-05,134163,44,57597,0.0007639286768408077,102.49096307099329,170087,0.0002586911404163752
2019,E07000045,25-29,6416,0.04782242496068216,3.653292182353273e-05,1.237123765055539e-05,134163,44,57597,0.0007639286768408077,102.49096307099329,170087,0.0002586911404163752
2019,E07000045,30-34,7045,0.05251075184663431,4.011446917811536e-05,1.358406627932711e-05,134163,44,57597,0.0007639286768408077,102.49096307099329,170087,0.0002586911404163752
2019,E07000045,35-39,7070,0.05269709234289634,4.025682002686665e-05,1.3632270914810883e-05,134163,44,57597,0.0007639286768408077,102.49096307099329,170087,0.0002586911404163752
2019,E07000045,40-44,6998,0.05216043171366174,3.984684958246292e-05,1.3493441564617616e-05,134163,44,57597,0.0007639286768408077,102.49096307099329,170087,0.0002586911404163752
2019,E07000045,45-49,8481,0.06321414995192415,4.829110193038982e-05,1.6352940541515007e-05,134163,44,57597,0.0007639286768408077,102.49096307099329,170087,0.0002586911404163752
2019,E07000045,5-9,7234,0.05391948599837511,4.119064159467515e-05,1.3948493323584432e-05,134163,44,57597,0.0007639286768408077,102.49096307099329,170087,0.0002586911404163752
2019,E07000045,50-54,10196,0.07599710799549803,5.805637015472877e-05,1.9659778535701804e-05,134163,44,57597,0.0007639286768408077,102.49096307099329,170087,0.0002586911404163752
2019,E07000045,55-59,10670,0.07953012380462571,6.075534224705334e-05,2.0573738424474136e-05,134163,44,57597,0.0007639286768408077,102.49096307099329,170087,0.0002586911404163752
2019,E07000045,60-64,9507,0.07086156391851703,5.413318076314303e-05,1.8331258781769035e-05,134163,44,57597,0.0007639286768408077,102.49096307099329,170087,0.0002586911404163752
2019,E07000045,65-69,9537,0.07108517251403143,5.430400178164459e-05,1.8389104344349563e-05,134163,44,57597,0.0007639286768408077,102.49096307099329,170087,0.0002586911404163752
2019,E07000045,70-74,9914,0.07389518719766254,5.645065258081414e-05,1.911603024744485e-05,134163,44,57597,0.0007639286768408077,102.49096307099329,170087,0.0002586911404163752
2019,E07000045,75-79,6629,0.04941004598883448,3.774575105489377e-05,1.2781941144877135e-05,134163,44,57597,0.0007639286768408077,102.49096307099329,170087,0.0002586911404163752
2019,E07000045,80-84,4574,0.03409285719609728,2.6044511287537207e-05,8.819520108111029e-06,134163,44,57597,0.0007639286768408077,102.49096307099329,170087,0.0002586911404163752
2019,E07000045,85-89,2955,0.02202544665816954,1.6825870322403246e-05,5.697787914181917e-06,134163,44,57597,0.0007639286768408077,102.49096307099329,170087,0.0002586911404163752
2019,E07000045,90+,2078,0.015488622049298243,1.1832202548207764e-05,4.006769301411176e-06,134163,44,57597,0.0007639286768408077,102.49096307099329,170087,0.0002586911404163752
2019,E07000046,0-4,2979,0.04363748223885626,0.00011061096788690512,1.949854280546471e-05,68267,76,29983,0.002534769702831605,173.04112330320515,170087,0.00044683015162828437
2019,E07000046,10-14,3588,0.05255833711749454,0.00013322328055663494,2.3484649743540574e-05,68267,76,29983,0.002534769702831605,173.04112330320515,170087,0.00044683015162828437
2019,E07000046,15-19,3237,0.04741676066034835,0.00012019056832826848,2.118723835558552e-05,68267,76,29983,0.002534769702831605,173.04112330320515,170087,0.00044683015162828437
2019,E07000046,20-24,2711,0.03971172015761641,0.0001006600651028532,1.7744393939447738e-05,68267,76,29983,0.002534769702831605,173.04112330320515,170087,0.00044683015162828437
2019,E07000046,25-29,3174,0.04649391360393748,0.00011785136356933093,2.077488246543974e-05,68267,76,29983,0.002534769702831605,173.04112330320515,170087,0.00044683015162828437
2019,E07000046,30-34,3204,0.046933364583180745,0.00011896527059739642,2.0971242413128206e-05,68267,76,29983,0.002534769702831605,173.04112330320515,170087,0.00044683015162828437
2019,E07000046,35-39,3229,0.04729957373255013,0.00011989352645411768,2.1134875702868595e-05,68267,76,29983,0.002534769702831605,173.04112330320515,170087,0.00044683015162828437
2019,E07000046,40-44,3364,0.04927710313914482,0.00012490610808041247,2.201849546746669e-05,68267,76,29983,0.002534769702831605,173.04112330320515,170087,0.00044683015162828437
2019,E07000046,45-49,4257,0.06235809395461938,0.00015806340728249582,2.7863476576993375e-05,68267,76,29983,0.002534769702831605,173.04112330320515,170087,0.00044683015162828437
2019,E07000046,5-9,3713,0.05438938286434149,0.00013786455984024124,2.4302816192242517e-05,68267,76,29983,0.002534769702831605,173.04112330320515,170087,0.00044683015162828437
2019,E07000046,50-54,5049,0.07395959980664157,0.00018747055282342524,3.304737919596888e-05,68267,76,29983,0.002534769702831605,173.04112330320515,170087,0.00044683015162828437
2019,E07000046,55-59,5426,0.07948203377913196,0.0002014686511427818,3.5514969205253935e-05,68267,76,29983,0.002534769702831605,173.04112330320515,170087,0.00044683015162828437
2019,E07000046,60-64,5402,0.07913047299573733,0.0002005775255203294,3.535788124710317e-05,68267,76,29983,0.002534769702831605,173.04112330320515,170087,0.00044683015162828437
2019,E07000046,65-69,5367,0.07861778018662019,0.0001992779673209197,3.512879464146663e-05,68267,76,29983,0.002534769702831605,173.04112330320515,170087,0.00044683015162828437
2019,E07000046,70-74,5271,0.07721153705304173,0.00019571346483111005,3.4500442808863536e-05,68267,76,29983,0.002534769702831605,173.04112330320515,170087,0.00044683015162828437
2019,E07000046,75-79,3580,0.052441150189696334,0.00013292623868248416,2.343228709082365e-05,68267,76,29983,0.002534769702831605,173.04112330320515,170087,0.00044683015162828437
2019,E07000046,80-84,2383,0.03490705611789005,8.848134826267031e-05,1.5597525178053843e-05,68267,76,29983,0.002534769702831605,173.04112330320515,170087,0.00044683015162828437
2019,E07000046,85-89,1486,0.021767471838516413,5.517552812351157e-05,9.726362742168698e-06,68267,76,29983,0.002534769702831605,173.04112330320515,170087,0.00044683015162828437
2019,E07000046,90+,847,0.01240716598063486,3.144930842571622e-05,5.543895856404366e-06,68267,76,29983,0.002534769702831605,173.04112330320515,170087,0.00044683015162828437
2019,E07000047,0-4,2319,0.04156211914832604,0.00015921171203662376,1.979299800110773e-05,55796,81,21145,0.0038306928351856226,213.73733743201703,170087,0.00047622687213014523
2019,E07000047,10-14,3091,0.055398236432719204,0.00021221362738473655,2.638212885788011e-05,55796,81,21145,0.0038306928351856226,213.73733743201703,170087,0.00047622687213014523
2019,E07000047,15-19,2644,0.04738690945587497,0.0001815246945342101,2.2566919670085736e-05,55796,81,21145,0.0038306928351856226,213.73733743201703,170087,0.00047622687213014523
2019,E07000047,20-24,2105,0.03772671876120152,0.00014451947125359768,1.7966477271380664e-05,55796,81,21145,0.0038306928351856226,213.73733743201703,170087,0.00047622687213014523
2019,E07000047,25-29,2294,0.041114058355437674,0.00015749532876757865,1.957961941118634e-05,55796,81,21145,0.0038306928351856226,213.73733743201703,170087,0.00047622687213014523
2019,E07000047,30-34,2540,0.045522976557459315,0.00017438454013498248,2.1679264736012768e-05,55796,81,21145,0.0038306928351856226,213.73733743201703,170087,0.00047622687213014523
2019,E07000047,35-39,2747,0.0492329199225751,0.0001885961936026759,2.3446039460561848e-05,55796,81,21145,0.0038306928351856226,213.73733743201703,170087,0.00047622687213014523
2019,E07000047,40-44,2676,0.047960427270772085,0.00018372166511858784,2.2840044265185116e-05,55796,81,21145,0.0038306928351856226,213.73733743201703,170087,0.00047622687213014523
2019,E07000047,45-49,3521,0.06310488207039931,0.00024173541961231237,3.0052240604527942e-05,55796,81,21145,0.0038306928351856226,213.73733743201703,170087,0.00047622687213014523
2019,E07000047,5-9,2870,0.051437379023585916,0.00019704079928637786,2.4495862122975065e-05,55796,81,21145,0.0038306928351856226,213.73733743201703,170087,0.00047622687213014523
2019,E07000047,50-54,4385,0.07858986307262171,0.0003010536253905111,3.742660467221103e-05,55796,81,21145,0.0038306928351856226,213.73733743201703,170087,0.00047622687213014523
2019,E07000047,55-59,4731,0.08479102444619685,0.0003248083698340953,4.0379764356723004e-05,55796,81,21145,0.0038306928351856226,213.73733743201703,170087,0.00047622687213014523
2019,E07000047,60-64,4264,0.07642124883504192,0.0002927463303683328,3.639385229699152e-05,55796,81,21145,0.0038306928351856226,213.73733743201703,170087,0.00047622687213014523
2019,E07000047,65-69,4143,0.07425263459746217,0.0002844390353461545,3.536109992177202e-05,55796,81,21145,0.0038306928351856226,213.73733743201703,170087,0.00047622687213014523
2019,E07000047,70-74,4428,0.0793605276363897,0.0003040058046132687,3.779361584687581e-05,55796,81,21145,0.0038306928351856226,213.73733743201703,170087,0.00047622687213014523
2019,E07000047,75-79,2961,0.053068320309699615,0.00020328843438570203,2.5272560190288906e-05,55796,81,21145,0.0038306928351856226,213.73733743201703,170087,0.00047622687213014523
2019,E07000047,80-84,2017,0.036149544770234424,0.00013847780214655892,1.7215384634857388e-05,55796,81,21145,0.0038306928351856226,213.73733743201703,170087,0.00047622687213014523
2019,E07000047,85-89,1293,0.02317370420818697,8.877134267501276e-05,1.1035940670734064e-05,55796,81,21145,0.0038306928351856226,213.73733743201703,170087,0.00047622687213014523
2019,E07000047,90+,767,0.01374650512581547,5.265863869430377e-05,6.5464551387881095e-06,55796,81,21145,0.0038306928351856226,213.73733743201703,170087,0.00047622687213014523
2019,E07000189,0-4,8522,0.05062223410258694,1.0915845628590178e-05,3.5715064010244363e-06,168345,12,55650,0.00021563342318059296,36.30080862533693,170087,7.055212920446594e-05
2019,E07000189,10-14,9670,0.057441563455998094,1.2386320960862124e-05,4.052624606654107e-06,168345,12,55650,0.00021563342318059296,36.30080862533693,170087,7.055212920446594e-05
2019,E07000189,15-19,8411,0.049962873860227505,1.0773665522421027e-05,3.5249871320132057e-06,168345,12,55650,0.00021563342318059296,36.30080862533693,170087,7.055212920446594e-05
2019,E07000189,20-24,7303,0.043381151801360304,9.35442626444427e-06,3.0606326269281223e-06,168345,12,55650,0.00021563342318059296,36.30080862533693,170087,7.055212920446594e-05
2019,E07000189,25-29,8515,0.05058065282604175,1.0906879315588516e-05,3.5685727534291338e-06,168345,12,55650,0.00021563342318059296,36.30080862533693,170087,7.055212920446594e-05
2019,E07000189,30-34,9323,0.055380320175829396,1.194184801635135e-05,3.907199504429808e-06,168345,12,55650,0.00021563342318059296,36.30080862533693,170087,7.055212920446594e-05
2019,E07000189,35-39,8675,0.05153108200421753,1.1111823612769278e-05,3.635627555607485e-06,168345,12,55650,0.00021563342318059296,36.30080862533693,170087,7.055212920446594e-05
2019,E07000189,40-44,8721,0.05180433039294306,1.1170745098208745e-05,3.6549058112337607e-06,168345,12,55650,0.00021563342318059296,36.30080862533693,170087,7.055212920446594e-05
2019,E07000189,45-49,10614,0.06304909560723514,1.35954923142286e-05,4.4482479395063796e-06,168345,12,55650,0.00021563342318059296,36.30080862533693,170087,7.055212920446594e-05
2019,E07000189,5-9,9649,0.05731681962636252,1.2359422021857149e-05,4.0438236638681996e-06,168345,12,55650,0.00021563342318059296,36.30080862533693,170087,7.055212920446594e-05
2019,E07000189,50-54,12238,0.07269595176571922,1.5675676930613304e-05,5.128854181616646e-06,168345,12,55650,0.00021563342318059296,36.30080862533693,170087,7.055212920446594e-05
2019,E07000189,55-59,12344,0.07332561109626066,1.581145252749556e-05,5.173277988059804e-06,168345,12,55650,0.00021563342318059296,36.30080862533693,170087,7.055212920446594e-05
2019,E07000189,60-64,11258,0.06687457304939262,1.4420393110381157e-05,4.718143518274245e-06,168345,12,55650,0.00021563342318059296,36.30080862533693,170087,7.055212920446594e-05
2019,E07000189,65-69,11558,0.0686566277584722,1.480466366759508e-05,4.8438712723586535e-06,168345,12,55650,0.00021563342318059296,36.30080862533693,170087,7.055212920446594e-05
2019,E07000189,70-74,11699,0.06949419347173959,1.4985270829485625e-05,4.902963316778324e-06,168345,12,55650,0.00021563342318059296,36.30080862533693,170087,7.055212920446594e-05
2019,E07000189,75-79,8309,0.049356975259140456,1.0643013532968292e-05,3.4822396956245064e-06,168345,12,55650,0.00021563342318059296,36.30080862533693,170087,7.055212920446594e-05
2019,E07000189,80-84,5721,0.03398378330214737,7.328039526069515e-06,2.397628270389674e-06,168345,12,55650,0.00021563342318059296,36.30080862533693,170087,7.055212920446594e-05
2019,E07000189,85-89,3571,0.021212391220410465,4.574100532703065e-06,1.496579366118078e-06,168345,12,55650,0.00021563342318059296,36.30080862533693,170087,7.055212920446594e-05
2019,E07000189,90+,2244,0.013329769223915176,2.874343767960146e-06,9.404436005513772e-07,168345,12,55650,0.00021563342318059296,36.30080862533693,170087,7.055212920446594e-05
2019,E07000246,0-4,7671,0.04945363117686878,5.562838152628659e-05,2.616794232315338e-06,155115,9,8001,0.001124859392575928,174.4825646794151,170087,5.291409690334946e-05
2019,E07000246,10-14,8562,0.05519775650323954,6.208971485178802e-05,2.9207394364599043e-06,155115,9,8001,0.001124859392575928,174.4825646794151,170087,5.291409690334946e-05
2019,E07000246,15-19,7597,0.04897656577378074,5.5091750026749995e-05,2.591550747347103e-06,155115,9,8001,0.001124859392575928,174.4825646794151,170087,5.291409690334946e-05
2019,E07000246,20-24,6956,0.044844147890274966,5.044336095643978e-05,2.3728875870141435e-06,155115,9,8001,0.001124859392575928,174.4825646794151,170087,5.291409690334946e-05
2019,E07000246,25-29,8158,0.052593237275569735,5.9159996935399035e-05,2.782923653660348e-06,155115,9,8001,0.001124859392575928,174.4825646794151,170087,5.291409690334946e-05
2019,E07000246,30-34,8478,0.0546562228024369,6.148056558204376e-05,2.892084669739205e-06,155115,9,8001,0.001124859392575928,174.4825646794151,170087,5.291409690334946e-05
2019,E07000246,35-39,8302,0.05352158076265996,6.0204252826389166e-05,2.832046110895834e-06,155115,9,8001,0.001124859392575928,174.4825646794151,170087,5.291409690334946e-05
2019,E07000246,40-44,7837,0.05052380491893112,5.683217651173354e-05,2.673421509406245e-06,155115,9,8001,0.001124859392575928,174.4825646794151,170087,5.291409690334946e-05
2019,E07000246,45-49,9761,0.06292750539921993,7.078459549968497e-05,3.32975211858037e-06,155115,9,8001,0.001124859392575928,174.4825646794151,170087,5.291409690334946e-05
2019,E07000246,5-9,8677,0.05593914192695741,6.292366920917594e-05,2.959969176613244e-06,155115,9,8001,0.001124859392575928,174.4825646794151,170087,5.291409690334946e-05
2019,E07000246,50-54,11152,0.07189504561132064,8.087181733556878e-05,3.8042614103481497e-06,155115,9,8001,0.001124859392575928,174.4825646794151,170087,5.291409690334946e-05
2019,E07000246,55-59,11353,0.07319085839538408,8.23294245167425e-05,3.872828173572681e-06,155115,9,8001,0.001124859392575928,174.4825646794151,170087,5.291409690334946e-05
2019,E07000246,60-64,10473,0.06751764819649937,7.59478607384695e-05,3.5726353793558254e-06,155115,9,8001,0.001124859392575928,174.4825646794151,170087,5.291409690334946e-05
2019,E07000246,65-69,10573,0.06816233117364537,7.667303844054597e-05,3.6067481968804688e-06,155115,9,8001,0.001124859392575928,174.4825646794151,170087,5.291409690334946e-05
2019,E07000246,70-74,10518,0.06780775553621507,7.627419070440391e-05,3.587986147241916e-06,155115,9,8001,0.001124859392575928,174.4825646794151,170087,5.291409690334946e-05
2019,E07000246,75-79,7470,0.048157818392805335,5.417077434511287e-05,2.548227469090806e-06,155115,9,8001,0.001124859392575928,174.4825646794151,170087,5.291409690334946e-05
2019,E07000246,80-84,5470,0.035264158849885575,3.966722030358333e-05,1.8659711185979534e-06,155115,9,8001,0.001124859392575928,174.4825646794151,170087,5.291409690334946e-05
2019,E07000246,85-89,3694,0.023814589175772817,2.678806431470508e-05,1.2601274793603001e-06,155115,9,8001,0.001124859392575928,174.4825646794151,170087,5.291409690334946e-05
2019,E07000246,90+,2413,0.015556200238532701,1.7498537951105402e-05,8.231422868696274e-07,155115,9,8001,0.001124859392575928,174.4825646794151,170087,5.291409690334946e-05
