ltla,ppln_ltla,patients_from_ltla_to_trust,total_patients_of_ltla,tfp_ltla,etc_ltla,sex,ag,ag_ppln_ltla,agf_ppln_ltla,ag_trust_factor
E06000031,186596,64,68123,0.0009394771222641399,175.30267310599945,female,0-4,7094,0.0380179639434929,3.571700735997454e-05
E06000031,186596,64,68123,0.0009394771222641399,175.30267310599945,male,0-4,7636,0.04092263499753478,3.8445879362949755e-05
E07000009,85220,1566,28808,0.05435990002777007,4632.550680366565,female,0-4,2745,0.03221074865055151,0.0017509730764636098
E07000009,85220,1566,28808,0.05435990002777007,4632.550680366565,male,0-4,2935,0.034440272236564186,0.0018721697557088142
E07000010,95975,13636,40858,0.3337412501835626,32030.81648636742,female,0-4,2636,0.027465485803594685,0.009166365568990581
E07000010,95975,13636,40858,0.3337412501835626,32030.81648636742,male,0-4,2735,0.02849700442823652,0.009510625884366176
E07000012,150906,8,48133,0.00016620613716161468,25.081503334510625,female,0-4,4537,0.03006507362198985,4.996999750190488e-06
E07000012,150906,8,48133,0.00016620613716161468,25.081503334510625,male,0-4,4885,0.03237114495116165,5.380282957831283e-06
E07000136,64855,84,27123,0.0030970025439663756,200.8560999889393,female,0-4,1968,0.030344614910184257,9.397734957252065e-05
E07000136,64855,84,27123,0.0030970025439663756,200.8560999889393,male,0-4,2092,0.032256572353712126,9.989868663908192e-05
E07000137,136651,9,58719,0.00015327236499259185,20.94482194860267,female,0-4,3192,0.023358775274238755,3.5802547296130522e-06
E07000137,136651,9,58719,0.00015327236499259185,20.94482194860267,male,0-4,3267,0.023907618678238724,3.664377256154712e-06
E07000140,88546,6438,37605,0.1712006382130036,15159.131711208616,female,0-4,2250,0.025410521085085718,0.00435029742709166
E07000140,88546,6438,37605,0.1712006382130036,15159.131711208616,male,0-4,2439,0.02754500485623292,0.004715722410967359
E07000141,135212,9,53231,0.00016907441152711765,22.860889331404632,female,0-4,3691,0.027297872969854746,4.615371808320202e-06
E07000141,135212,9,53231,0.00016907441152711765,22.860889331404632,male,0-4,3864,0.0285773452060468,4.83169782371966e-06
E07000143,131857,7523,49276,0.1526706713207241,20130.696708336716,female,0-4,3691,0.027992446362347087,0.0042736255780488905
E07000143,131857,7523,49276,0.1526706713207241,20130.696708336716,male,0-4,3862,0.029289305838901235,0.004471617984943056
E07000144,125173,24,43244,0.0005549902876699658,69.46979927851262,female,0-4,2860,0.022848377845062433,1.2680627793023271e-05
E07000144,125173,24,43244,0.0005549902876699658,69.46979927851262,male,0-4,3145,0.025125226686266208,1.3944256786383983e-05
E07000146,148579,55171,67431,0.8181845145407899,121565.03698595602,female,0-4,4094,0.027554365017936587,0.02254455476568017
E07000146,148579,55171,67431,0.8181845145407899,121565.03698595602,male,0-4,4075,0.027426486919416605,0.0224399268857222
E07000147,101829,3496,38923,0.0898183593248208,9146.113711687176,female,0-4,2190,0.0215066434905577,0.0019316914329057298
E07000147,101829,3496,38923,0.0898183593248208,9146.113711687176,male,0-4,2234,0.021938740437399955,0.001970501671740365
E07000148,133867,97,44372,0.002186063283151537,292.6417335256468,female,0-4,4263,0.03184504022649346,6.961527318962106e-05
E07000148,133867,97,44372,0.002186063283151537,292.6417335256468,male,0-4,4404,0.032898324456363405,7.19178191712623e-05
E07000149,125987,41,42447,0.0009659104294767592,121.69215727848847,female,0-4,3430,0.027225031154007952,2.629694153448597e-05
E07000149,125987,41,42447,0.0009659104294767592,121.69215727848847,male,0-4,3544,0.02812988641685253,2.7170950670034484e-05
E07000245,171468,50,62016,0.0008062435500515995,138.24496904024767,female,0-4,5333,0.031102013203629833,2.5075797539046238e-05
E07000245,171468,50,62016,0.0008062435500515995,138.24496904024767,male,0-4,5685,0.033154874378892855,2.6730903620753398e-05
E06000031,186596,64,68123,0.0009394771222641399,175.30267310599945,female,5-9,5864,0.031426182769191194,2.952417975174664e-05
E06000031,186596,64,68123,0.0009394771222641399,175.30267310599945,male,5-9,6066,0.03250873544984887,3.054121322887025e-05
E07000009,85220,1566,28808,0.05435990002777007,4632.550680366565,female,5-9,2486,0.029171555972776344,0.001585762866334621
E07000009,85220,1566,28808,0.05435990002777007,4632.550680366565,male,5-9,2695,0.031624031917390286,0.0017190792135043456
E07000010,95975,13636,40858,0.3337412501835626,32030.81648636742,female,5-9,2358,0.024568898150560042,0.008199654784400528
E07000010,95975,13636,40858,0.3337412501835626,32030.81648636742,male,5-9,2576,0.026840323000781454,0.008957722953611432
E07000012,150906,8,48133,0.00016620613716161468,25.081503334510625,female,5-9,4572,0.030297006083257128,5.035548348660109e-06
E07000012,150906,8,48133,0.00016620613716161468,25.081503334510625,male,5-9,4815,0.03190728002862709,5.303185760892043e-06
E07000136,64855,84,27123,0.0030970025439663756,200.8560999889393,female,5-9,1672,0.025780587464343536,7.984254496201959e-05
E07000136,64855,84,27123,0.0030970025439663756,200.8560999889393,male,5-9,1682,0.025934777580757074,8.032007214480677e-05
E07000137,136651,9,58719,0.00015327236499259185,20.94482194860267,female,5-9,3009,0.022019597368478826,3.3749957648514017e-06
E07000137,136651,9,58719,0.00015327236499259185,20.94482194860267,male,5-9,3064,0.022422082531412136,3.4366856176486187e-06
E07000140,88546,6438,37605,0.1712006382130036,15159.131711208616,female,5-9,2112,0.02385200912520046,0.004083479184896705
E07000140,88546,6438,37605,0.1712006382130036,15159.131711208616,male,5-9,2178,0.024597384410362976,0.004211087909424727
E07000141,135212,9,53231,0.00016907441152711765,22.860889331404632,female,5-9,3731,0.027593704700766206,4.665389384135107e-06
E07000141,135212,9,53231,0.00016907441152711765,22.860889331404632,male,5-9,3673,0.027164748690944592,4.592863899203496e-06
E07000143,131857,7523,49276,0.1526706713207241,20130.696708336716,female,5-9,3217,0.02439764290102156,0.00372480452034226
E07000143,131857,7523,49276,0.1526706713207241,20130.696708336716,male,5-9,3572,0.027089953510242158,0.004135841388455876
E07000144,125173,24,43244,0.0005549902876699658,69.46979927851262,female,5-9,3103,0.024789691067562493,1.3758037776836088e-05
E07000144,125173,24,43244,0.0005549902876699658,69.46979927851262,male,5-9,3282,0.02621971191870451,1.4551685460385447e-05
E07000146,148579,55171,67431,0.8181845145407899,121565.03698595602,female,5-9,3558,0.02394685655442559,0.019592947204760635
E07000146,148579,55171,67431,0.8181845145407899,121565.03698595602,male,5-9,3919,0.026376540426305196,0.021580876923962038
E07000147,101829,3496,38923,0.0898183593248208,9146.113711687176,female,5-9,2041,0.020043406102387334,0.0018002658513975316
E07000147,101829,3496,38923,0.0898183593248208,9146.113711687176,male,5-9,2184,0.021447721179624665,0.0019263991276100975
E07000148,133867,97,44372,0.002186063283151537,292.6417335256468,female,5-9,3332,0.024890376268983393,5.4411937665450945e-05
E07000148,133867,97,44372,0.002186063283151537,292.6417335256468,male,5-9,3430,0.025622446159247612,5.601228877325833e-05
E07000149,125987,41,42447,0.0009659104294767592,121.69215727848847,female,5-9,3213,0.02550263122385643,2.4633257478222577e-05
E07000149,125987,41,42447,0.0009659104294767592,121.69215727848847,male,5-9,3485,0.027661584131696126,2.6718612608654113e-05
E07000245,171468,50,62016,0.0008062435500515995,138.24496904024767,female,5-9,4549,0.026529731495089463,2.138942490251666e-05
E07000245,171468,50,62016,0.0008062435500515995,138.24496904024767,male,5-9,4818,0.028098537336412627,2.2654264493366733e-05
E06000031,186596,64,68123,0.0009394771222641399,175.30267310599945,female,10-14,5479,0.0293629016699179,2.7585774362179374e-05
E06000031,186596,64,68123,0.0009394771222641399,175.30267310599945,male,10-14,5725,0.03068125790477824,2.8824339883824953e-05
E07000009,85220,1566,28808,0.05435990002777007,4632.550680366565,female,10-14,2288,0.026848157709457875,0.0014594631690159343
E07000009,85220,1566,28808,0.05435990002777007,4632.550680366565,male,10-14,2517,0.029535320347336306,0.0016055370613693646
E07000010,95975,13636,40858,0.3337412501835626,32030.81648636742,female,10-14,2635,0.027455066423547798,0.009162888192067595
E07000010,95975,13636,40858,0.3337412501835626,32030.81648636742,male,10-14,2708,0.028215681166970565,0.009416736707445559
E07000012,150906,8,48133,0.00016620613716161468,25.081503334510625,female,10-14,4400,0.029157223702172212,4.8461095218951175e-06
E07000012,150906,8,48133,0.00016620613716161468,25.081503334510625,male,10-14,4635,0.03071448451353823,5.104935825905425e-06
E07000136,64855,84,27123,0.0030970025439663756,200.8560999889393,female,10-14,1652,0.02547220723151646,7.888749059644519e-05
E07000136,64855,84,27123,0.0030970025439663756,200.8560999889393,male,10-14,1722,0.026551538046411225,8.223018087595557e-05
E07000137,136651,9,58719,0.00015327236499259185,20.94482194860267,female,10-14,3449,0.02523947867194532,3.868514587229141e-06
E07000137,136651,9,58719,0.00015327236499259185,20.94482194860267,male,10-14,3488,0.025524877242025304,3.912258301030803e-06
E07000140,88546,6438,37605,0.1712006382130036,15159.131711208616,female,10-14,2368,0.02674316174643688,0.0045784463588235775
E07000140,88546,6438,37605,0.1712006382130036,15159.131711208616,male,10-14,2416,0.027285252862918708,0.004671252703934867
E07000141,135212,9,53231,0.00016907441152711765,22.860889331404632,female,10-14,4028,0.029790255302783775,5.036769884560763e-06
E07000141,135212,9,53231,0.00016907441152711765,22.860889331404632,male,10-14,3952,0.029228175014052008,4.941736490512447e-06
E07000143,131857,7523,49276,0.1526706713207241,20130.696708336716,female,10-14,3431,0.026020613240101017,0.003972584491543144
E07000143,131857,7523,49276,0.1526706713207241,20130.696708336716,male,10-14,3650,0.027681503446915976,0.0042261537144076
E07000144,125173,24,43244,0.0005549902876699658,69.46979927851262,female,10-14,3410,0.027242296661420595,1.5119210060912363e-05
E07000144,125173,24,43244,0.0005549902876699658,69.46979927851262,male,10-14,3496,0.02792934578543296,1.5500515651891385e-05
E07000146,148579,55171,67431,0.8181845145407899,121565.03698595602,female,10-14,3763,0.025326593933193788,0.020721826962201872
E07000146,148579,55171,67431,0.8181845145407899,121565.03698595602,male,10-14,3896,0.026221740622833643,0.021454222121907653
E07000147,101829,3496,38923,0.0898183593248208,9146.113711687176,female,10-14,2256,0.022154788910821083,0.0019899067911576833
E07000147,101829,3496,38923,0.0898183593248208,9146.113711687176,male,10-14,2407,0.023637667069302457,0.0021230964744310917
E07000148,133867,97,44372,0.002186063283151537,292.6417335256468,female,10-14,2713,0.02026638379884512,4.430359750491249e-05
E07000148,133867,97,44372,0.002186063283151537,292.6417335256468,male,10-14,3021,0.022567174882532664,4.933327241516426e-05
E07000149,125987,41,42447,0.0009659104294767592,121.69215727848847,female,10-14,3605,0.02861406335574305,2.763862222502097e-05
E07000149,125987,41,42447,0.0009659104294767592,121.69215727848847,male,10-14,3748,0.029749101097732305,2.873496701785814e-05
E07000245,171468,50,62016,0.0008062435500515995,138.24496904024767,female,10-14,4332,0.02526418923647561,2.0369089619191504e-05
E07000245,171468,50,62016,0.0008062435500515995,138.24496904024767,male,10-14,4663,0.027194578580259872,2.1925453576705906e-05
E06000031,186596,64,68123,0.0009394771222641399,175.30267310599945,female,15-19,5656,0.03031147505841497,2.8476937359460948e-05
E06000031,186596,64,68123,0.0009394771222641399,175.30267310599945,male,15-19,5823,0.031206456730047804,2.931775216480571e-05
E07000009,85220,1566,28808,0.05435990002777007,4632.550680366565,female,15-19,2221,0.026061957287021827,0.0014167253926505201
E07000009,85220,1566,28808,0.05435990002777007,4632.550680366565,male,15-19,2315,0.027164984745364936,0.0014766858550139368
E07000010,95975,13636,40858,0.3337412501835626,32030.81648636742,female,15-19,2836,0.029549361812972127,0.009861840953587742
E07000010,95975,13636,40858,0.3337412501835626,32030.81648636742,male,15-19,2914,0.03036207345662933,0.010133076353580635
E07000012,150906,8,48133,0.00016620613716161468,25.081503334510625,female,15-19,4231,0.02803732124633878,4.659974860713237e-06
E07000012,150906,8,48133,0.00016620613716161468,25.081503334510625,male,15-19,4584,0.030376525784263052,5.04876501099255e-06
E07000136,64855,84,27123,0.0030970025439663756,200.8560999889393,female,15-19,1748,0.026952432349086425,8.34717515512023e-05
E07000136,64855,84,27123,0.0030970025439663756,200.8560999889393,male,15-19,1834,0.02827846735024285,8.75784853231722e-05
E07000137,136651,9,58719,0.00015327236499259185,20.94482194860267,female,15-19,3490,0.02553951306613197,3.914501568405248e-06
E07000137,136651,9,58719,0.00015327236499259185,20.94482194860267,male,15-19,3815,0.027917834483465177,4.279032516752441e-06
E07000140,88546,6438,37605,0.1712006382130036,15159.131711208616,female,15-19,2434,0.027488537031599394,0.0047060550833516
E07000140,88546,6438,37605,0.1712006382130036,15159.131711208616,male,15-19,2533,0.028606599959343167,0.004897468170143633
E07000141,135212,9,53231,0.00016907441152711765,22.860889331404632,female,15-19,3923,0.0290136970091412,4.905473748046642e-06
E07000141,135212,9,53231,0.00016907441152711765,22.860889331404632,male,15-19,4291,0.03173534893352661,5.365635445543752e-06
E07000143,131857,7523,49276,0.1526706713207241,20130.696708336716,female,15-19,3681,0.027916606626876086,0.004262047074721747
E07000143,131857,7523,49276,0.1526706713207241,20130.696708336716,male,15-19,3945,0.029918775643310556,0.004567719562558351
E07000144,125173,24,43244,0.0005549902876699658,69.46979927851262,female,15-19,3398,0.02714642934179096,1.5066004629612965e-05
E07000144,125173,24,43244,0.0005549902876699658,69.46979927851262,male,15-19,3680,0.029399311353087328,1.6316332265148827e-05
E07000146,148579,55171,67431,0.8181845145407899,121565.03698595602,female,15-19,4060,0.027325530525848202,0.022357325927860647
E07000146,148579,55171,67431,0.8181845145407899,121565.03698595602,male,15-19,4208,0.02832163360905646,0.02317232204542798
E07000147,101829,3496,38923,0.0898183593248208,9146.113711687176,female,15-19,2666,0.02618114682457846,0.002351547653025879
E07000147,101829,3496,38923,0.0898183593248208,9146.113711687176,male,15-19,2721,0.02672126800813128,0.002400060451569174
E07000148,133867,97,44372,0.002186063283151537,292.6417335256468,female,15-19,4351,0.032502409107547044,7.105232316397871e-05
E07000148,133867,97,44372,0.002186063283151537,292.6417335256468,male,15-19,4066,0.030373430345043962,6.639824086066133e-05
E07000149,125987,41,42447,0.0009659104294767592,121.69215727848847,female,15-19,3630,0.028812496527419497,2.78302908950974e-05
E07000149,125987,41,42447,0.0009659104294767592,121.69215727848847,male,15-19,3835,0.030439648535166328,2.940197398972411e-05
E07000245,171468,50,62016,0.0008062435500515995,138.24496904024767,female,15-19,4624,0.02696713089322789,2.1742075346062217e-05
E07000245,171468,50,62016,0.0008062435500515995,138.24496904024767,male,15-19,4862,0.028355144983320504,2.2861152753580127e-05
E06000031,186596,64,68123,0.0009394771222641399,175.30267310599945,female,20-24,5911,0.031678063838453126,2.9760816253849654e-05
E06000031,186596,64,68123,0.0009394771222641399,175.30267310599945,male,20-24,6117,0.032782053205856504,3.079798900774799e-05
E07000009,85220,1566,28808,0.05435990002777007,4632.550680366565,female,20-24,2013,0.02362121567707111,0.0012840469227399804
E07000009,85220,1566,28808,0.05435990002777007,4632.550680366565,male,20-24,2083,0.02444261910349683,0.0013286983308829505
E07000010,95975,13636,40858,0.3337412501835626,32030.81648636742,female,20-24,2540,0.026465225319093514,0.008832537384383944
E07000010,95975,13636,40858,0.3337412501835626,32030.81648636742,male,20-24,2610,0.02719458192237562,0.00907595376899295
E07000012,150906,8,48133,0.00016620613716161468,25.081503334510625,female,20-24,3295,0.021834784567876693,3.6290751987828212e-06
E07000012,150906,8,48133,0.00016620613716161468,25.081503334510625,male,20-24,3776,0.025022199249864152,4.158843080608173e-06
E07000136,64855,84,27123,0.0030970025439663756,200.8560999889393,female,20-24,1870,0.028833551769331587,8.929758318120612e-05
E07000136,64855,84,27123,0.0030970025439663756,200.8560999889393,male,20-24,1851,0.028540590548145863,8.839028153391043e-05
E07000137,136651,9,58719,0.00015327236499259185,20.94482194860267,female,20-24,3130,0.02290506472693211,3.5107134410052796e-06
E07000137,136651,9,58719,0.00015327236499259185,20.94482194860267,male,20-24,3353,0.024536959114825358,3.7608377532558155e-06
E07000140,88546,6438,37605,0.1712006382130036,15159.131711208616,female,20-24,2234,0.025229824046258443,0.004319361978721231
E07000140,88546,6438,37605,0.1712006382130036,15159.131711208616,male,20-24,2209,0.02494748492309082,0.004271025340642434
E07000141,135212,9,53231,0.00016907441152711765,22.860889331404632,female,20-24,3109,0.02299352128509304,3.88761608021336e-06
E07000141,135212,9,53231,0.00016907441152711765,22.860889331404632,male,20-24,3059,0.022623731621453716,3.8250941104447305e-06
E07000143,131857,7523,49276,0.1526706713207241,20130.696708336716,female,20-24,3311,0.025110536414448985,0.003833642451617415
E07000143,131857,7523,49276,0.1526706713207241,20130.696708336716,male,20-24,3826,0.029016282791205623,0.004429935372965336
E07000144,125173,24,43244,0.0005549902876699658,69.46979927851262,female,20-24,2627,0.02098695405558707,1.1647555668626621e-05
E07000144,125173,24,43244,0.0005549902876699658,69.46979927851262,male,20-24,2887,0.023064079314229106,1.2800340013446919e-05
E07000146,148579,55171,67431,0.8181845145407899,121565.03698595602,female,20-24,3778,0.025427550326762194,0.02080442792006343
E07000146,148579,55171,67431,0.8181845145407899,121565.03698595602,male,20-24,4204,0.02829471190410489,0.023150295123331565
E07000147,101829,3496,38923,0.0898183593248208,9146.113711687176,female,20-24,2182,0.021428080409313655,0.0019246350258448868
E07000147,101829,3496,38923,0.0898183593248208,9146.113711687176,male,20-24,2234,0.021938740437399955,0.001970501671740365
E07000148,133867,97,44372,0.002186063283151537,292.6417335256468,female,20-24,8143,0.06082903180021962,0.00013297611296811735
E07000148,133867,97,44372,0.002186063283151537,292.6417335256468,male,20-24,7577,0.05660095467889771,0.0001237332688148625
E07000149,125987,41,42447,0.0009659104294767592,121.69215727848847,female,20-24,2698,0.021414907887321706,2.068488287464815e-05
E07000149,125987,41,42447,0.0009659104294767592,121.69215727848847,male,20-24,2632,0.0208910443140959,2.017887758564638e-05
E07000245,171468,50,62016,0.0008062435500515995,138.24496904024767,female,20-24,4949,0.02886252828516108,2.3270227268092975e-05
E07000245,171468,50,62016,0.0008062435500515995,138.24496904024767,male,20-24,6424,0.037464716448550164,3.0205685991155637e-05
E06000031,186596,64,68123,0.0009394771222641399,175.30267310599945,female,25-29,7734,0.04144783382280435,3.893929164393051e-05
E06000031,186596,64,68123,0.0009394771222641399,175.30267310599945,male,25-29,7543,0.04042423203069734,3.79776411779374e-05
E07000009,85220,1566,28808,0.05435990002777007,4632.550680366565,female,25-29,2494,0.02926543065008214,0.001590865884408103
E07000009,85220,1566,28808,0.05435990002777007,4632.550680366565,male,25-29,2353,0.027610889462567473,0.001500925190862978
E07000010,95975,13636,40858,0.3337412501835626,32030.81648636742,female,25-29,2840,0.029591039333159676,0.009875750461279685
E07000010,95975,13636,40858,0.3337412501835626,32030.81648636742,male,25-29,2854,0.029736910653816097,0.009924433738201486
E07000012,150906,8,48133,0.00016620613716161468,25.081503334510625,female,25-29,3967,0.026287887824208447,4.36920828939953e-06
E07000012,150906,8,48133,0.00016620613716161468,25.081503334510625,male,25-29,4124,0.027328270579035956,4.542126288248969e-06
E07000136,64855,84,27123,0.0030970025439663756,200.8560999889393,female,25-29,2226,0.034322719913653536,0.00010629755088843037
E07000136,64855,84,27123,0.0030970025439663756,200.8560999889393,male,25-29,2189,0.033752216482923446,0.00010453070031211775
E07000137,136651,9,58719,0.00015327236499259185,20.94482194860267,female,25-29,3042,0.022261088466238813,3.412009676529732e-06
E07000137,136651,9,58719,0.00015327236499259185,20.94482194860267,male,25-29,3036,0.022217180993918815,3.405279874406399e-06
E07000140,88546,6438,37605,0.1712006382130036,15159.131711208616,female,25-29,2359,0.026641519662096536,0.004561045169115211
E07000140,88546,6438,37605,0.1712006382130036,15159.131711208616,male,25-29,2311,0.026099428545614707,0.004468238824003923
E07000141,135212,9,53231,0.00016907441152711765,22.860889331404632,female,25-29,3651,0.02700204123894329,4.5653542325052996e-06
E07000141,135212,9,53231,0.00016907441152711765,22.860889331404632,male,25-29,3216,0.023784871165281187,4.021413095518226e-06
E07000143,131857,7523,49276,0.1526706713207241,20130.696708336716,female,25-29,3639,0.027598079737897876,0.004213417360747742
E07000143,131857,7523,49276,0.1526706713207241,20130.696708336716,male,25-29,3952,0.02997186345814026,0.004575824514887352
E07000144,125173,24,43244,0.0005549902876699658,69.46979927851262,female,25-29,2735,0.02184975993225376,1.2126404550321206e-05
E07000144,125173,24,43244,0.0005549902876699658,69.46979927851262,male,25-29,2714,0.021681992122901905,1.2033295045547259e-05
E07000146,148579,55171,67431,0.8181845145407899,121565.03698595602,female,25-29,4032,0.02713707859118718,0.022203137473185745
E07000146,148579,55171,67431,0.8181845145407899,121565.03698595602,male,25-29,4394,0.02957349288930468,0.02419657392291125
E07000147,101829,3496,38923,0.0898183593248208,9146.113711687176,female,25-29,2119,0.020809396144516788,0.0018690658202407493
E07000147,101829,3496,38923,0.0898183593248208,9146.113711687176,male,25-29,2242,0.022017303518644,0.001977558078801208
E07000148,133867,97,44372,0.002186063283151537,292.6417335256468,female,25-29,6280,0.046912233784278425,0.00010255311180643216
E07000148,133867,97,44372,0.002186063283151537,292.6417335256468,male,25-29,6205,0.04635197621519867,0.00010132835330555916
E07000149,125987,41,42447,0.0009659104294767592,121.69215727848847,female,25-29,3011,0.023899291196710772,2.3084574624005033e-05
E07000149,125987,41,42447,0.0009659104294767592,121.69215727848847,male,25-29,2830,0.022462635033773326,2.1696893452651693e-05
E07000245,171468,50,62016,0.0008062435500515995,138.24496904024767,female,25-29,5770,0.033650593696783075,2.7130574123438365e-05
E07000245,171468,50,62016,0.0008062435500515995,138.24496904024767,male,25-29,6935,0.040444864347866656,3.2608411013179387e-05
E06000031,186596,64,68123,0.0009394771222641399,175.30267310599945,female,30-34,7136,0.03824304915432271,3.592846976610915e-05
E06000031,186596,64,68123,0.0009394771222641399,175.30267310599945,male,30-34,7382,0.03956140538918305,3.7167035287754725e-05
E07000009,85220,1566,28808,0.05435990002777007,4632.550680366565,female,30-34,2975,0.03490964562309317,0.0018976848460762255
E07000009,85220,1566,28808,0.05435990002777007,4632.550680366565,male,30-34,2813,0.033008683407650785,0.0017943487300882092
E07000010,95975,13636,40858,0.3337412501835626,32030.81648636742,female,30-34,2662,0.027736389684813754,0.009256777368988212
E07000010,95975,13636,40858,0.3337412501835626,32030.81648636742,male,30-34,2713,0.028267778067205002,0.009434123592060488
E07000012,150906,8,48133,0.00016620613716161468,25.081503334510625,female,30-34,4809,0.03186752017812413,5.296577429725823e-06
E07000012,150906,8,48133,0.00016620613716161468,25.081503334510625,male,30-34,4737,0.03139040197208858,5.217277455731175e-06
E07000136,64855,84,27123,0.0030970025439663756,200.8560999889393,female,30-34,2000,0.03083802328270758,9.55054365574397e-05
E07000136,64855,84,27123,0.0030970025439663756,200.8560999889393,male,30-34,2066,0.03185567805103693,9.86571159638352e-05
E07000137,136651,9,58719,0.00015327236499259185,20.94482194860267,female,30-34,2886,0.021119494185918873,3.2370348213230788e-06
E07000137,136651,9,58719,0.00015327236499259185,20.94482194860267,male,30-34,2721,0.01991203869711894,3.0519652629314272e-06
E07000140,88546,6438,37605,0.1712006382130036,15159.131711208616,female,30-34,2374,0.02681092313599711,0.004590047151962489
E07000140,88546,6438,37605,0.1712006382130036,15159.131711208616,male,30-34,2317,0.026167189935174938,0.004479839617142834
E07000141,135212,9,53231,0.00016907441152711765,22.860889331404632,female,30-34,3794,0.02805963967695175,4.744167066043579e-06
E07000141,135212,9,53231,0.00016907441152711765,22.860889331404632,male,30-34,3415,0.02525663402656569,4.27025053519737e-06
E07000143,131857,7523,49276,0.1526706713207241,20130.696708336716,female,30-34,3440,0.026088869002024923,0.003983005144537574
E07000143,131857,7523,49276,0.1526706713207241,20130.696708336716,male,30-34,3598,0.027287136822466765,0.004165945497106451
E07000144,125173,24,43244,0.0005549902876699658,69.46979927851262,female,30-34,3148,0.025149193516173615,1.3957558144208832e-05
E07000144,125173,24,43244,0.0005549902876699658,69.46979927851262,male,30-34,2965,0.023687216891821718,1.3146175316893008e-05
E07000146,148579,55171,67431,0.8181845145407899,121565.03698595602,female,30-34,3775,0.025407359048048514,0.02078790772849112
E07000146,148579,55171,67431,0.8181845145407899,121565.03698595602,male,30-34,3879,0.026107323376789452,0.021360607702997893
E07000147,101829,3496,38923,0.0898183593248208,9146.113711687176,female,30-34,1992,0.01956220722976755,0.001757045358149869
E07000147,101829,3496,38923,0.0898183593248208,9146.113711687176,male,30-34,2085,0.02047550304922959,0.0018390760902321673
E07000148,133867,97,44372,0.002186063283151537,292.6417335256468,female,30-34,5409,0.04040577588203217,8.832958308296044e-05
E07000148,133867,97,44372,0.002186063283151537,292.6417335256468,male,30-34,5728,0.0427887380758514,9.35388892400069e-05
E07000149,125987,41,42447,0.0009659104294767592,121.69215727848847,female,30-34,3294,0.026145554700088103,2.52542639692702e-05
E07000149,125987,41,42447,0.0009659104294767592,121.69215727848847,male,30-34,3095,0.02456602665354362,2.372858135546183e-05
E07000245,171468,50,62016,0.0008062435500515995,138.24496904024767,female,30-34,5348,0.031189493083257518,2.514632762775535e-05
E07000245,171468,50,62016,0.0008062435500515995,138.24496904024767,male,30-34,6057,0.03532437539365946,2.848004982073937e-05
E06000031,186596,64,68123,0.0009394771222641399,175.30267310599945,female,35-39,6285,0.03368239404917576,3.164383863228643e-05
E06000031,186596,64,68123,0.0009394771222641399,175.30267310599945,male,35-39,6595,0.03534373727196725,3.3204632582327614e-05
E07000009,85220,1566,28808,0.05435990002777007,4632.550680366565,female,35-39,2986,0.03503872330438864,0.0019047014959272636
E07000009,85220,1566,28808,0.05435990002777007,4632.550680366565,male,35-39,3018,0.03541422201361183,0.001925113568221193
E07000010,95975,13636,40858,0.3337412501835626,32030.81648636742,female,35-39,2646,0.02756967960406356,0.00920113933822044
E07000010,95975,13636,40858,0.3337412501835626,32030.81648636742,male,35-39,2717,0.02830945558739255,0.00944803309975243
E07000012,150906,8,48133,0.00016620613716161468,25.081503334510625,female,35-39,5235,0.03469046956383444,5.7657689425274865e-06
E07000012,150906,8,48133,0.00016620613716161468,25.081503334510625,male,35-39,5218,0.03457781665407605,5.747045337556528e-06
E07000136,64855,84,27123,0.0030970025439663756,200.8560999889393,female,35-39,1831,0.02823221031531879,8.743522716833604e-05
E07000136,64855,84,27123,0.0030970025439663756,200.8560999889393,male,35-39,1804,0.027815897001002236,8.61459037748106e-05
E07000137,136651,9,58719,0.00015327236499259185,20.94482194860267,female,35-39,3133,0.02292701846309211,3.514078342066946e-06
E07000137,136651,9,58719,0.00015327236499259185,20.94482194860267,male,35-39,2944,0.021543933085012186,3.302089575181963e-06
E07000140,88546,6438,37605,0.1712006382130036,15159.131711208616,female,35-39,2578,0.02911481038104488,0.004984474118685466
E07000140,88546,6438,37605,0.1712006382130036,15159.131711208616,male,35-39,2440,0.027556298421159624,0.0047176558764905115
E07000141,135212,9,53231,0.00016907441152711765,22.860889331404632,female,35-39,4131,0.03055202200988078,5.165565142284139e-06
E07000141,135212,9,53231,0.00016907441152711765,22.860889331404632,male,35-39,3698,0.027349643522764252,4.624124884087811e-06
E07000143,131857,7523,49276,0.1526706713207241,20130.696708336716,female,35-39,3631,0.027537407949521073,0.004204154558086027
E07000143,131857,7523,49276,0.1526706713207241,20130.696708336716,male,35-39,3528,0.026756258674169746,0.004084895973816442
E07000144,125173,24,43244,0.0005549902876699658,69.46979927851262,female,35-39,3657,0.029215565657130533,1.6214355188491647e-05
E07000144,125173,24,43244,0.0005549902876699658,69.46979927851262,male,35-39,3460,0.027641743826544062,1.5340899357993188e-05
E07000146,148579,55171,67431,0.8181845145407899,121565.03698595602,female,35-39,4010,0.02698900921395352,0.022081989401655466
E07000146,148579,55171,67431,0.8181845145407899,121565.03698595602,male,35-39,3773,0.025393898195572726,0.020776894267442912
E07000147,101829,3496,38923,0.0898183593248208,9146.113711687176,female,35-39,2178,0.02138879886869163,0.0019211068223144653
E07000147,101829,3496,38923,0.0898183593248208,9146.113711687176,male,35-39,2147,0.02108436692887095,0.0018937632449536992
E07000148,133867,97,44372,0.002186063283151537,292.6417335256468,female,35-39,4174,0.031180201244518813,6.816189310191844e-05
E07000148,133867,97,44372,0.002186063283151537,292.6417335256468,male,35-39,4615,0.03447451575070779,7.536347308705166e-05
E07000149,125987,41,42447,0.0009659104294767592,121.69215727848847,female,35-39,3731,0.029614166540992325,2.860463232220617e-05
E07000149,125987,41,42447,0.0009659104294767592,121.69215727848847,male,35-39,3474,0.027574273536158492,2.6634278393820484e-05
E07000245,171468,50,62016,0.0008062435500515995,138.24496904024767,female,35-39,5099,0.029737327081437937,2.3975528155184094e-05
E07000245,171468,50,62016,0.0008062435500515995,138.24496904024767,male,35-39,5123,0.029877294888842235,2.4088376297118672e-05
E06000031,186596,64,68123,0.0009394771222641399,175.30267310599945,female,40-44,6607,0.03540804733220433,3.326505041265178e-05
E06000031,186596,64,68123,0.0009394771222641399,175.30267310599945,male,40-44,6676,0.0357778301785676,3.361245293701579e-05
E07000009,85220,1566,28808,0.05435990002777007,4632.550680366565,female,40-44,3309,0.038828913400610184,0.002110735850644111
E07000009,85220,1566,28808,0.05435990002777007,4632.550680366565,male,40-44,3264,0.03830086834076508,0.0020820313739807732
E07000010,95975,13636,40858,0.3337412501835626,32030.81648636742,female,40-44,3412,0.035550924719979164,0.011864810061227566
E07000010,95975,13636,40858,0.3337412501835626,32030.81648636742,male,40-44,3268,0.034050533993227404,0.01136406778431761
E07000012,150906,8,48133,0.00016620613716161468,25.081503334510625,female,40-44,6078,0.04027672855950062,6.694239471381483e-06
E07000012,150906,8,48133,0.00016620613716161468,25.081503334510625,male,40-44,5801,0.03844114879461386,6.38915484920763e-06
E07000136,64855,84,27123,0.0030970025439663756,200.8560999889393,female,40-44,2187,0.03372137845964074,0.00010443519487556031
E07000136,64855,84,27123,0.0030970025439663756,200.8560999889393,male,40-44,2137,0.032950427877573046,0.00010204755896162431
E07000137,136651,9,58719,0.00015327236499259185,20.94482194860267,female,40-44,4429,0.03241103248421161,4.967715600706833e-06
E07000137,136651,9,58719,0.00015327236499259185,20.94482194860267,male,40-44,4000,0.029271648213331773,4.486534748888536e-06
E07000140,88546,6438,37605,0.1712006382130036,15159.131711208616,female,40-44,3065,0.0346147765003501,0.005926071828460416
E07000140,88546,6438,37605,0.1712006382130036,15159.131711208616,male,40-44,2974,0.03358706209201997,0.005750126465853598
E07000141,135212,9,53231,0.00016907441152711765,22.860889331404632,female,40-44,5274,0.03900541372067568,6.594817371195002e-06
E07000141,135212,9,53231,0.00016907441152711765,22.860889331404632,male,40-44,4886,0.03613584593083454,6.109646885790439e-06
E07000143,131857,7523,49276,0.1526706713207241,20130.696708336716,female,40-44,4459,0.03381693804652009,0.005162854633573558
E07000143,131857,7523,49276,0.1526706713207241,20130.696708336716,male,40-44,4355,0.03302820479762167,0.00504243819897126
E07000144,125173,24,43244,0.0005549902876699658,69.46979927851262,female,40-44,4755,0.03798742540324191,2.1082652152386593e-05
E07000144,125173,24,43244,0.0005549902876699658,69.46979927851262,male,40-44,4542,0.036285780479815934,2.0138255746822272e-05
E07000146,148579,55171,67431,0.8181845145407899,121565.03698595602,female,40-44,4998,0.03363867033699244,0.02752263915946983
E07000146,148579,55171,67431,0.8181845145407899,121565.03698595602,male,40-44,4773,0.03212432443346637,0.026283624791546518
E07000147,101829,3496,38923,0.0898183593248208,9146.113711687176,female,40-44,3003,0.029490616621983913,0.002648798800463884
E07000147,101829,3496,38923,0.0898183593248208,9146.113711687176,male,40-44,2921,0.028685345039232438,0.0025764706280902447
E07000148,133867,97,44372,0.002186063283151537,292.6417335256468,female,40-44,4037,0.03015679741833312,6.592466757365711e-05
E07000148,133867,97,44372,0.002186063283151537,292.6417335256468,male,40-44,4602,0.034377404438733966,7.5151181613567e-05
E07000149,125987,41,42447,0.0009659104294767592,121.69215727848847,female,40-44,4719,0.03745624548564534,3.6179378163626614e-05
E07000149,125987,41,42447,0.0009659104294767592,121.69215727848847,male,40-44,4433,0.035186170001666836,3.3986688577952276e-05
E07000245,171468,50,62016,0.0008062435500515995,138.24496904024767,female,40-44,5825,0.03397135325541792,2.7389184448705107e-05
E07000245,171468,50,62016,0.0008062435500515995,138.24496904024767,male,40-44,5833,0.034018009191219355,2.7426800496016636e-05
E06000031,186596,64,68123,0.0009394771222641399,175.30267310599945,female,45-49,6552,0.035113292889451,3.2988135356999314e-05
E06000031,186596,64,68123,0.0009394771222641399,175.30267310599945,male,45-49,6424,0.03442731891358872,3.2343678500208124e-05
E07000009,85220,1566,28808,0.05435990002777007,4632.550680366565,female,45-49,3291,0.038617695376672145,0.0020992540599787763
E07000009,85220,1566,28808,0.05435990002777007,4632.550680366565,male,45-49,3271,0.03838300868340765,0.0020864965147950705
E07000010,95975,13636,40858,0.3337412501835626,32030.81648636742,female,45-49,3588,0.03738473560823131,0.012476828399673066
E07000010,95975,13636,40858,0.3337412501835626,32030.81648636742,male,45-49,3577,0.03727012242771555,0.012438577253520223
E07000012,150906,8,48133,0.00016620613716161468,25.081503334510625,female,45-49,6105,0.040455647886763944,6.723976961629475e-06
E07000012,150906,8,48133,0.00016620613716161468,25.081503334510625,male,45-49,5887,0.03901103998515632,6.483874262590126e-06
E07000136,64855,84,27123,0.0030970025439663756,200.8560999889393,female,45-49,2368,0.036512219566725776,0.0001130784368840086
E07000136,64855,84,27123,0.0030970025439663756,200.8560999889393,male,45-49,2158,0.03327422712204148,0.00010305036604547743
E07000137,136651,9,58719,0.00015327236499259185,20.94482194860267,female,45-49,4989,0.03650906323407805,5.595830465551227e-06
E07000137,136651,9,58719,0.00015327236499259185,20.94482194860267,male,45-49,4536,0.03319404907391823,5.0877304052396e-06
E07000140,88546,6438,37605,0.1712006382130036,15159.131711208616,female,45-49,3357,0.03791249745894789,0.0064906437612207565
E07000140,88546,6438,37605,0.1712006382130036,15159.131711208616,male,45-49,3272,0.03695254444017799,0.006326299191752849
E07000141,135212,9,53231,0.00016907441152711765,22.860889331404632,female,45-49,5515,0.040787799899417214,6.896173265479794e-06
E07000141,135212,9,53231,0.00016907441152711765,22.860889331404632,male,45-49,5246,0.03879833150903766,6.5598050681245685e-06
E07000143,131857,7523,49276,0.1526706713207241,20130.696708336716,female,45-49,4742,0.03596320256034947,0.005490526277731737
E07000143,131857,7523,49276,0.1526706713207241,20130.696708336716,male,45-49,4839,0.03669884799441819,0.005602837760005035
E07000144,125173,24,43244,0.0005549902876699658,69.46979927851262,female,45-49,4962,0.03964113666685307,2.2000445842301215e-05
E07000144,125173,24,43244,0.0005549902876699658,69.46979927851262,male,45-49,4880,0.038986043316050586,2.163687539508866e-05
E07000146,148579,55171,67431,0.8181845145407899,121565.03698595602,female,45-49,5187,0.03491072089595434,0.02856341122852541
E07000146,148579,55171,67431,0.8181845145407899,121565.03698595602,male,45-49,5162,0.034742460240006996,0.02842574296542282
E07000147,101829,3496,38923,0.0898183593248208,9146.113711687176,female,45-49,3484,0.034214221881782206,0.0030730652749970605
E07000147,101829,3496,38923,0.0898183593248208,9146.113711687176,male,45-49,3251,0.03192607214054935,0.002867547419350012
E07000148,133867,97,44372,0.002186063283151537,292.6417335256468,female,45-49,3859,0.028827119454383827,6.301790739825186e-05
E07000148,133867,97,44372,0.002186063283151537,292.6417335256468,male,45-49,4144,0.03095609821688691,6.767198970156924e-05
E07000149,125987,41,42447,0.0009659104294767592,121.69215727848847,female,45-49,4923,0.03907546016652512,3.7743394511450276e-05
E07000149,125987,41,42447,0.0009659104294767592,121.69215727848847,male,45-49,4607,0.03656726487653488,3.532070252168422e-05
E07000245,171468,50,62016,0.0008062435500515995,138.24496904024767,female,45-49,6176,0.03601838243870577,2.9039588524498328e-05
E07000245,171468,50,62016,0.0008062435500515995,138.24496904024767,male,45-49,6048,0.03527188746588285,2.8437731767513903e-05
E06000031,186596,64,68123,0.0009394771222641399,175.30267310599945,female,50-54,5711,0.0306062295011683,2.8753852415113417e-05
E06000031,186596,64,68123,0.0009394771222641399,175.30267310599945,male,50-54,5702,0.03055799695599048,2.8708539042370283e-05
E07000009,85220,1566,28808,0.05435990002777007,4632.550680366565,female,50-54,2931,0.03439333489791129,0.0018696182466720731
E07000009,85220,1566,28808,0.05435990002777007,4632.550680366565,male,50-54,2902,0.03405303919267778,0.0018511198061557
E07000010,95975,13636,40858,0.3337412501835626,32030.81648636742,female,50-54,3233,0.03368585569158635,0.011242359592013107
E07000010,95975,13636,40858,0.3337412501835626,32030.81648636742,male,50-54,3209,0.03343579057046106,0.011158902545861448
E07000012,150906,8,48133,0.00016620613716161468,25.081503334510625,female,50-54,5292,0.03506818814361258,5.8285480886065825e-06
E07000012,150906,8,48133,0.00016620613716161468,25.081503334510625,male,50-54,5281,0.03499529508435715,5.816432814801844e-06
E07000136,64855,84,27123,0.0030970025439663756,200.8560999889393,female,50-54,2168,0.033428417238455015,0.00010352789322826463
E07000136,64855,84,27123,0.0030970025439663756,200.8560999889393,male,50-54,2102,0.03241076247012566,0.00010037621382186911
E07000137,136651,9,58719,0.00015327236499259185,20.94482194860267,female,50-54,5018,0.036721282683624706,5.628357842480669e-06
E07000137,136651,9,58719,0.00015327236499259185,20.94482194860267,male,50-54,4610,0.033735574565864866,5.170731298094038e-06
E07000140,88546,6438,37605,0.1712006382130036,15159.131711208616,female,50-54,3026,0.034174327468208615,0.005850666673057494
E07000140,88546,6438,37605,0.1712006382130036,15159.131711208616,male,50-54,3047,0.034411492331669416,0.0058912694490436835
E07000141,135212,9,53231,0.00016907441152711765,22.860889331404632,female,50-54,5122,0.03788125314321214,6.4047505830983685e-06
E07000141,135212,9,53231,0.00016907441152711765,22.860889331404632,male,50-54,4813,0.03559595302192113,6.018364809928241e-06
E07000143,131857,7523,49276,0.1526706713207241,20130.696708336716,female,50-54,4288,0.03252007856996595,0.0049648622266793944
E07000143,131857,7523,49276,0.1526706713207241,20130.696708336716,male,50-54,4328,0.032823437511849955,0.0050111762399879705
E07000144,125173,24,43244,0.0005549902876699658,69.46979927851262,female,50-54,4487,0.035846388598180116,1.9894397520033363e-05
E07000144,125173,24,43244,0.0005549902876699658,69.46979927851262,male,50-54,4358,0.03481581491216157,1.9322439133564834e-05
E07000146,148579,55171,67431,0.8181845145407899,121565.03698595602,female,50-54,5081,0.03419729571473761,0.027979697792970427
E07000146,148579,55171,67431,0.8181845145407899,121565.03698595602,male,50-54,4763,0.032057020171087434,0.02622855748630548
E07000147,101829,3496,38923,0.0898183593248208,9146.113711687176,female,50-54,3615,0.035500692337153465,0.003188613940618362
E07000147,101829,3496,38923,0.0898183593248208,9146.113711687176,male,50-54,3379,0.03318308144045409,0.002980449932323498
E07000148,133867,97,44372,0.002186063283151537,292.6417335256468,female,50-54,3521,0.026302225343064384,5.749832908765089e-05
E07000148,133867,97,44372,0.002186063283151537,292.6417335256468,male,50-54,3642,0.02720610755451306,5.947427280239266e-05
E07000149,125987,41,42447,0.0009659104294767592,121.69215727848847,female,50-54,4553,0.03613864922571376,3.490669819431913e-05
E07000149,125987,41,42447,0.0009659104294767592,121.69215727848847,male,50-54,4316,0.034257502758221085,3.3089679201994595e-05
E07000245,171468,50,62016,0.0008062435500515995,138.24496904024767,female,50-54,5339,0.031137005155480905,2.5104009574529882e-05
E07000245,171468,50,62016,0.0008062435500515995,138.24496904024767,male,50-54,5397,0.03147526069004129,2.537672591753845e-05
E06000031,186596,64,68123,0.0009394771222641399,175.30267310599945,female,55-59,5071,0.027176359621856844,2.5531568131157438e-05
E06000031,186596,64,68123,0.0009394771222641399,175.30267310599945,male,55-59,4717,0.0252792128448627,2.374924213659429e-05
E07000009,85220,1566,28808,0.05435990002777007,4632.550680366565,female,55-59,2493,0.029253696315418916,0.001590228007148918
E07000009,85220,1566,28808,0.05435990002777007,4632.550680366565,male,55-59,2439,0.028620042243604787,0.0015557826351529124
E07000010,95975,13636,40858,0.3337412501835626,32030.81648636742,female,55-59,3116,0.032466788226100544,0.010835506492023767
E07000010,95975,13636,40858,0.3337412501835626,32030.81648636742,male,55-59,3030,0.03157072154206825,0.010536452076646987
E07000012,150906,8,48133,0.00016620613716161468,25.081503334510625,female,55-59,4564,0.030243992949253177,5.026737240438481e-06
E07000012,150906,8,48133,0.00016620613716161468,25.081503334510625,male,55-59,4465,0.0295879554159543,4.91769977619584e-06
E07000136,64855,84,27123,0.0030970025439663756,200.8560999889393,female,55-59,2096,0.03231824840027754,0.00010008969751219679
E07000136,64855,84,27123,0.0030970025439663756,200.8560999889393,male,55-59,1925,0.029681597409606044,9.192398268653571e-05
E07000137,136651,9,58719,0.00015327236499259185,20.94482194860267,female,55-59,5007,0.036640785651038045,5.616019871921225e-06
E07000137,136651,9,58719,0.00015327236499259185,20.94482194860267,male,55-59,4633,0.033903886543091524,5.196528872900147e-06
E07000140,88546,6438,37605,0.1712006382130036,15159.131711208616,female,55-59,2922,0.03299979671583132,0.005649586258649703
E07000140,88546,6438,37605,0.1712006382130036,15159.131711208616,male,55-59,2644,0.029860185666207396,0.005112082843213488
E07000141,135212,9,53231,0.00016907441152711765,22.860889331404632,female,55-59,4574,0.033828358429725175,5.719509794434194e-06
E07000141,135212,9,53231,0.00016907441152711765,22.860889331404632,male,55-59,4277,0.0316318078277076,5.348129294008537e-06
E07000143,131857,7523,49276,0.1526706713207241,20130.696708336716,female,55-59,4199,0.031845104924274024,0.004861813547067812
E07000143,131857,7523,49276,0.1526706713207241,20130.696708336716,male,55-59,3872,0.029365145574372236,0.0044831964882701995
E07000144,125173,24,43244,0.0005549902876699658,69.46979927851262,female,55-59,4293,0.03429653359750106,1.903424304735976e-05
E07000144,125173,24,43244,0.0005549902876699658,69.46979927851262,male,55-59,3991,0.031883872720155304,1.7695239692991566e-05
E07000146,148579,55171,67431,0.8181845145407899,121565.03698595602,female,55-59,4849,0.03263583682754629,0.026702136311378393
E07000146,148579,55171,67431,0.8181845145407899,121565.03698595602,male,55-59,4390,0.029546571184353106,0.02417454700081484
E07000147,101829,3496,38923,0.0898183593248208,9146.113711687176,female,55-59,3760,0.03692464818470181,0.003316511318596139
E07000147,101829,3496,38923,0.0898183593248208,9146.113711687176,male,55-59,3467,0.03404727533413861,0.0030580704099927693
E07000148,133867,97,44372,0.002186063283151537,292.6417335256468,female,55-59,3325,0.02483808556253595,5.429762687203614e-05
E07000148,133867,97,44372,0.002186063283151537,292.6417335256468,male,55-59,3013,0.022507414075164156,4.9202631508404476e-05
E07000149,125987,41,42447,0.0009659104294767592,121.69215727848847,female,55-59,4159,0.033011342440093024,3.1885999953914624e-05
E07000149,125987,41,42447,0.0009659104294767592,121.69215727848847,male,55-59,3969,0.03150325033535206,3.042931806133377e-05
E07000245,171468,50,62016,0.0008062435500515995,138.24496904024767,female,55-59,4962,0.028938344180838408,2.3331353344974205e-05
E07000245,171468,50,62016,0.0008062435500515995,138.24496904024767,male,55-59,4574,0.026675531294468938,2.1506975050365176e-05
E06000031,186596,64,68123,0.0009394771222641399,175.30267310599945,female,60-64,4587,0.02458252052562756,2.309471564141573e-05
E06000031,186596,64,68123,0.0009394771222641399,175.30267310599945,male,60-64,4520,0.02422345602263714,2.2757382755439088e-05
E07000009,85220,1566,28808,0.05435990002777007,4632.550680366565,female,60-64,2624,0.03079089415630134,0.0016737899281021903
E07000009,85220,1566,28808,0.05435990002777007,4632.550680366565,male,60-64,2533,0.0297230697019479,0.0016157430975163292
E07000010,95975,13636,40858,0.3337412501835626,32030.81648636742,female,60-64,3265,0.03401927585308674,0.011353635653548652
E07000010,95975,13636,40858,0.3337412501835626,32030.81648636742,male,60-64,3142,0.03273769210731962,0.0109259182920214
E07000012,150906,8,48133,0.00016620613716161468,25.081503334510625,female,60-64,4590,0.030416285634766012,5.05537334215877e-06
E07000012,150906,8,48133,0.00016620613716161468,25.081503334510625,male,60-64,4576,0.0303235126502591,5.039953902770922e-06
E07000136,64855,84,27123,0.0030970025439663756,200.8560999889393,female,60-64,2108,0.032503276539973786,0.00010066273013154143
E07000136,64855,84,27123,0.0030970025439663756,200.8560999889393,male,60-64,2103,0.03242618148176702,0.00010042396654014784
E07000137,136651,9,58719,0.00015327236499259185,20.94482194860267,female,60-64,5945,0.04350498715706435,6.668112270535588e-06
E07000137,136651,9,58719,0.00015327236499259185,20.94482194860267,male,60-64,5448,0.039867984866557876,6.110660327986187e-06
E07000140,88546,6438,37605,0.1712006382130036,15159.131711208616,female,60-64,3110,0.03512298692205181,0.006013077777002249
E07000140,88546,6438,37605,0.1712006382130036,15159.131711208616,male,60-64,3019,0.03409527251372168,0.005837132414395431
E07000141,135212,9,53231,0.00016907441152711765,22.860889331404632,female,60-64,4710,0.03483418631482413,5.889569552204864e-06
E07000141,135212,9,53231,0.00016907441152711765,22.860889331404632,male,60-64,4433,0.03278555157826228,5.543197839686658e-06
E07000143,131857,7523,49276,0.1526706713207241,20130.696708336716,female,60-64,4746,0.03599353845453787,0.005495157679062595
E07000143,131857,7523,49276,0.1526706713207241,20130.696708336716,male,60-64,4326,0.03280826956475576,0.005008860539322542
E07000144,125173,24,43244,0.0005549902876699658,69.46979927851262,female,60-64,4613,0.036852995454291264,2.045305454867705e-05
E07000144,125173,24,43244,0.0005549902876699658,69.46979927851262,male,60-64,4313,0.034456312463550444,1.9122918766192088e-05
E07000146,148579,55171,67431,0.8181845145407899,121565.03698595602,female,60-64,5522,0.03716541368564871,0.03040816595410012
E07000146,148579,55171,67431,0.8181845145407899,121565.03698595602,male,60-64,4997,0.03363193991075455,0.027517132428945726
E07000147,101829,3496,38923,0.0898183593248208,9146.113711687176,female,60-64,4437,0.04357304893497923,0.003913659766119964
E07000147,101829,3496,38923,0.0898183593248208,9146.113711687176,male,60-64,4094,0.04020465682664074,0.0036111163133863275
E07000148,133867,97,44372,0.002186063283151537,292.6417335256468,female,60-64,3172,0.023695160121613244,5.1799119530255224e-05
E07000148,133867,97,44372,0.002186063283151537,292.6417335256468,male,60-64,3035,0.02267175629542755,4.956189400199388e-05
E07000149,125987,41,42447,0.0009659104294767592,121.69215727848847,female,60-64,4515,0.03583703080476557,3.4615361815802965e-05
E07000149,125987,41,42447,0.0009659104294767592,121.69215727848847,male,60-64,4279,0.03396382166413995,3.2806009570281475e-05
E07000245,171468,50,62016,0.0008062435500515995,138.24496904024767,female,60-64,5261,0.03068210978141694,2.47372531132425e-05
E07000245,171468,50,62016,0.0008062435500515995,138.24496904024767,male,60-64,5034,0.029358247603051297,2.366989777077794e-05
E06000031,186596,64,68123,0.0009394771222641399,175.30267310599945,female,65-69,4055,0.021731441188449913,2.0416191830377323e-05
E06000031,186596,64,68123,0.0009394771222641399,175.30267310599945,male,65-69,3821,0.020477395013826664,1.923804413905592e-05
E07000009,85220,1566,28808,0.05435990002777007,4632.550680366565,female,65-69,2515,0.029511851678009855,0.001604261306850994
E07000009,85220,1566,28808,0.05435990002777007,4632.550680366565,male,65-69,2429,0.02850269889697254,0.0015494038625610594
E07000010,95975,13636,40858,0.3337412501835626,32030.81648636742,female,65-69,3087,0.032164626204740816,0.010734662561257179
E07000010,95975,13636,40858,0.3337412501835626,32030.81648636742,male,65-69,3043,0.031706173482677784,0.010581657976645804
E07000012,150906,8,48133,0.00016620613716161468,25.081503334510625,female,65-69,4390,0.029090957284667276,4.835095636618083e-06
E07000012,150906,8,48133,0.00016620613716161468,25.081503334510625,male,65-69,4199,0.02782526871032298,4.6247304278267265e-06
E07000136,64855,84,27123,0.0030970025439663756,200.8560999889393,female,65-69,2054,0.031670649911340686,9.808408334449057e-05
E07000136,64855,84,27123,0.0030970025439663756,200.8560999889393,male,65-69,2034,0.031362269678513605,9.712902897891616e-05
E07000137,136651,9,58719,0.00015327236499259185,20.94482194860267,female,65-69,6065,0.0443831366034643,6.802708313002244e-06
E07000137,136651,9,58719,0.00015327236499259185,20.94482194860267,male,65-69,6111,0.04471976055791761,6.854303462614461e-06
E07000140,88546,6438,37605,0.1712006382130036,15159.131711208616,female,65-69,3089,0.03488582205859102,0.005972475001016061
E07000140,88546,6438,37605,0.1712006382130036,15159.131711208616,male,65-69,3045,0.034388905201816006,0.005887402517997379
E07000141,135212,9,53231,0.00016907441152711765,22.860889331404632,female,65-69,4452,0.03292607165044523,5.566956188198739e-06
E07000141,135212,9,53231,0.00016907441152711765,22.860889331404632,male,65-69,4407,0.032593260953169834,5.510686415406971e-06
E07000143,131857,7523,49276,0.1526706713207241,20130.696708336716,female,65-69,4581,0.034742182819266325,0.005304112374164716
E07000143,131857,7523,49276,0.1526706713207241,20130.696708336716,male,65-69,4568,0.034643591163154026,0.00528906031983943
E07000144,125173,24,43244,0.0005549902876699658,69.46979927851262,female,65-69,4666,0.03727640944932214,2.0688045203582725e-05
E07000144,125173,24,43244,0.0005549902876699658,69.46979927851262,male,65-69,4346,0.034719947592531934,1.9269233702265434e-05
E07000146,148579,55171,67431,0.8181845145407899,121565.03698595602,female,65-69,5518,0.03713849198069714,0.030386139032003705
E07000146,148579,55171,67431,0.8181845145407899,121565.03698595602,male,65-69,5261,0.035408772437558474,0.028970909287309082
E07000147,101829,3496,38923,0.0898183593248208,9146.113711687176,female,65-69,4682,0.04597904329807815,0.004129762232358277
E07000147,101829,3496,38923,0.0898183593248208,9146.113711687176,male,65-69,4495,0.04414263127399857,0.003964818717311075
E07000148,133867,97,44372,0.002186063283151537,292.6417335256468,female,65-69,2961,0.022118968827268857,4.8353465614465863e-05
E07000148,133867,97,44372,0.002186063283151537,292.6417335256468,male,65-69,2664,0.019900348853713015,4.35034219510088e-05
E07000149,125987,41,42447,0.0009659104294767592,121.69215727848847,female,65-69,4612,0.03660695151087017,3.5359036255699504e-05
E07000149,125987,41,42447,0.0009659104294767592,121.69215727848847,male,65-69,4410,0.03500361148372451,3.3810353401481964e-05
E07000245,171468,50,62016,0.0008062435500515995,138.24496904024767,female,65-69,5299,0.030903725476473746,2.4915929337972254e-05
E07000245,171468,50,62016,0.0008062435500515995,138.24496904024767,male,65-69,4839,0.028221009167891387,2.2753006617559488e-05
E06000031,186596,64,68123,0.0009394771222641399,175.30267310599945,female,70-74,2965,0.015889944050247594,1.4928238909264801e-05
E06000031,186596,64,68123,0.0009394771222641399,175.30267310599945,male,70-74,2730,0.014630538703937919,1.3745056398749714e-05
E07000009,85220,1566,28808,0.05435990002777007,4632.550680366565,female,70-74,1671,0.0196080732222483,0.0010658929000986128
E07000009,85220,1566,28808,0.05435990002777007,4632.550680366565,male,70-74,1671,0.0196080732222483,0.0010658929000986128
E07000010,95975,13636,40858,0.3337412501835626,32030.81648636742,female,70-74,2326,0.024235477989059652,0.008088378722864982
E07000010,95975,13636,40858,0.3337412501835626,32030.81648636742,male,70-74,2195,0.022870539202917428,0.007632842345953842
E07000012,150906,8,48133,0.00016620613716161468,25.081503334510625,female,70-74,2990,0.01981365883397612,3.293151697833273e-06
E07000012,150906,8,48133,0.00016620613716161468,25.081503334510625,male,70-74,2762,0.018302784514863557,3.0420351135168896e-06
E07000136,64855,84,27123,0.0030970025439663756,200.8560999889393,female,70-74,1586,0.02445455246318711,7.573581119004968e-05
E07000136,64855,84,27123,0.0030970025439663756,200.8560999889393,male,70-74,1475,0.02274304217099684,7.043525946111177e-05
E07000137,136651,9,58719,0.00015327236499259185,20.94482194860267,female,70-74,4536,0.03319404907391823,5.0877304052396e-06
E07000137,136651,9,58719,0.00015327236499259185,20.94482194860267,male,70-74,4431,0.03242566830831827,4.969958868081276e-06
E07000140,88546,6438,37605,0.1712006382130036,15159.131711208616,female,70-74,2490,0.02812097666749486,0.004814329152648103
E07000140,88546,6438,37605,0.1712006382130036,15159.131711208616,male,70-74,2218,0.025049127007431164,0.0042884265303508
E07000141,135212,9,53231,0.00016907441152711765,22.860889331404632,female,70-74,3176,0.02348903943436973,3.971395519703323e-06
E07000141,135212,9,53231,0.00016907441152711765,22.860889331404632,male,70-74,3008,0.02224654616454161,3.761321701280729e-06
E07000143,131857,7523,49276,0.1526706713207241,20130.696708336716,female,70-74,3451,0.026172292711043023,0.003995741498197433
E07000143,131857,7523,49276,0.1526706713207241,20130.696708336716,male,70-74,3312,0.025118120387996087,0.0038348003019501296
E07000144,125173,24,43244,0.0005549902876699658,69.46979927851262,female,70-74,3316,0.026491335990988473,1.470243418240041e-05
E07000144,125173,24,43244,0.0005549902876699658,69.46979927851262,male,70-74,3211,0.025652496944229188,1.4236886658530675e-05
E07000146,148579,55171,67431,0.8181845145407899,121565.03698595602,female,70-74,4273,0.02875911131451955,0.023530259529494717
E07000146,148579,55171,67431,0.8181845145407899,121565.03698595602,male,70-74,3915,0.026349618721353624,0.021558850001865623
E07000147,101829,3496,38923,0.0898183593248208,9146.113711687176,female,70-74,3444,0.03382140647556197,0.003037783239692846
E07000147,101829,3496,38923,0.0898183593248208,9146.113711687176,male,70-74,3222,0.03164128097103969,0.0028419679437544573
E07000148,133867,97,44372,0.002186063283151537,292.6417335256468,female,70-74,2170,0.01621011899870767,3.5436345958592e-05
E07000148,133867,97,44372,0.002186063283151537,292.6417335256468,male,70-74,2005,0.014977552346732204,3.274187725667141e-05
E07000149,125987,41,42447,0.0009659104294767592,121.69215727848847,female,70-74,3188,0.025304198052179986,2.4441588808146143e-05
E07000149,125987,41,42447,0.0009659104294767592,121.69215727848847,male,70-74,3184,0.025272448744711757,2.441092182093392e-05
E07000245,171468,50,62016,0.0008062435500515995,138.24496904024767,female,70-74,3808,0.022208225441481794,1.7905238520286532e-05
E07000245,171468,50,62016,0.0008062435500515995,138.24496904024767,male,70-74,3649,0.021280938717428324,1.7157619579969946e-05
E06000031,186596,64,68123,0.0009394771222641399,175.30267310599945,female,75-79,2775,0.014871701429827007,1.3971623262465371e-05
E06000031,186596,64,68123,0.0009394771222641399,175.30267310599945,male,75-79,2246,0.012036699607708633,1.1308203909008008e-05
E07000009,85220,1566,28808,0.05435990002777007,4632.550680366565,female,75-79,1480,0.0173668153015724,0.0009440583435942231
E07000009,85220,1566,28808,0.05435990002777007,4632.550680366565,male,75-79,1336,0.01567707111006806,0.000852204018271542
E07000010,95975,13636,40858,0.3337412501835626,32030.81648636742,female,75-79,2033,0.021182599635321698,0.007069507284430141
E07000010,95975,13636,40858,0.3337412501835626,32030.81648636742,male,75-79,1804,0.018796561604584528,0.006273187969066392
E07000012,150906,8,48133,0.00016620613716161468,25.081503334510625,female,75-79,2475,0.01640093833247187,2.7259366060660034e-06
E07000012,150906,8,48133,0.00016620613716161468,25.081503334510625,male,75-79,2285,0.01514187639987807,2.516672785802351e-06
E07000136,64855,84,27123,0.0030970025439663756,200.8560999889393,female,75-79,1317,0.02030683833166294,6.289032997307404e-05
E07000136,64855,84,27123,0.0030970025439663756,200.8560999889393,male,75-79,1171,0.018055662632025286,5.5918433104380934e-05
E07000137,136651,9,58719,0.00015327236499259185,20.94482194860267,female,75-79,3488,0.025524877242025304,3.912258301030803e-06
E07000137,136651,9,58719,0.00015327236499259185,20.94482194860267,male,75-79,3325,0.024332057577332037,3.7294320100135963e-06
E07000140,88546,6438,37605,0.1712006382130036,15159.131711208616,female,75-79,2077,0.023456734352765796,0.00401580789158639
E07000140,88546,6438,37605,0.1712006382130036,15159.131711208616,male,75-79,1909,0.021559415445079395,0.0036909856836968794
E07000141,135212,9,53231,0.00016907441152711765,22.860889331404632,female,75-79,2546,0.018829689672514274,3.1836187006185957e-06
E07000141,135212,9,53231,0.00016907441152711765,22.860889331404632,male,75-79,2276,0.016832825488861936,2.8460000638679986e-06
E07000143,131857,7523,49276,0.1526706713207241,20130.696708336716,female,75-79,2916,0.02211486686334438,0.003376291570195222
E07000143,131857,7523,49276,0.1526706713207241,20130.696708336716,male,75-79,2716,0.020598072153924327,0.0031447215036523404
E07000144,125173,24,43244,0.0005549902876699658,69.46979927851262,female,75-79,2959,0.023639283232006904,1.3119572601243309e-05
E07000144,125173,24,43244,0.0005549902876699658,69.46979927851262,male,75-79,2637,0.02106684348861176,1.1691893528042785e-05
E07000146,148579,55171,67431,0.8181845145407899,121565.03698595602,female,75-79,3564,0.023987239111852954,0.019625987587905257
E07000146,148579,55171,67431,0.8181845145407899,121565.03698595602,male,75-79,3174,0.021362372879074432,0.01747836268350485
E07000147,101829,3496,38923,0.0898183593248208,9146.113711687176,female,75-79,3077,0.030217325123491342,0.00271407056577668
E07000147,101829,3496,38923,0.0898183593248208,9146.113711687176,male,75-79,2777,0.027271209576839605,0.0024494553009950736
E07000148,133867,97,44372,0.002186063283151537,292.6417335256468,female,75-79,1995,0.01490285133752157,3.257857612322168e-05
E07000148,133867,97,44372,0.002186063283151537,292.6417335256468,male,75-79,1593,0.011899870767254066,2.6013870558542426e-05
E07000149,125987,41,42447,0.0009659104294767592,121.69215727848847,female,75-79,2733,0.021692714327668727,2.0953219012755147e-05
E07000149,125987,41,42447,0.0009659104294767592,121.69215727848847,male,75-79,2515,0.019962377070650145,1.9281868209688693e-05
E07000245,171468,50,62016,0.0008062435500515995,138.24496904024767,female,75-79,3142,0.01832411878601255,1.4773702581601966e-05
E07000245,171468,50,62016,0.0008062435500515995,138.24496904024767,male,75-79,2802,0.016341241514451675,1.3175020570862095e-05
E06000031,186596,64,68123,0.0009394771222641399,175.30267310599945,female,80-84,2351,0.012599412634783168,1.1836859924344534e-05
E06000031,186596,64,68123,0.0009394771222641399,175.30267310599945,male,80-84,1611,0.0086336255868293,8.111093721020435e-06
E07000009,85220,1566,28808,0.05435990002777007,4632.550680366565,female,80-84,1249,0.014656183994367519,0.0007967086967224221
E07000009,85220,1566,28808,0.05435990002777007,4632.550680366565,male,80-84,903,0.010596104200891809,0.0005760031650443131
E07000010,95975,13636,40858,0.3337412501835626,32030.81648636742,female,80-84,1716,0.017879656160458453,0.005967178799843641
E07000010,95975,13636,40858,0.3337412501835626,32030.81648636742,male,80-84,1305,0.01359729096118781,0.004537976884496475
E07000012,150906,8,48133,0.00016620613716161468,25.081503334510625,female,80-84,2061,0.013657508647767484,2.269961755596781e-06
E07000012,150906,8,48133,0.00016620613716161468,25.081503334510625,male,80-84,1636,0.010841185903807669,1.8018716313228212e-06
E07000136,64855,84,27123,0.0030970025439663756,200.8560999889393,female,80-84,1124,0.01733096908488166,5.367405534528111e-05
E07000136,64855,84,27123,0.0030970025439663756,200.8560999889393,male,80-84,824,0.012705265592475522,3.9348239861665154e-05
E07000137,136651,9,58719,0.00015327236499259185,20.94482194860267,female,80-84,2691,0.01969250133551895,3.018316252314763e-06
E07000137,136651,9,58719,0.00015327236499259185,20.94482194860267,male,80-84,2174,0.01590914080394582,2.4384316360209194e-06
E07000140,88546,6438,37605,0.1712006382130036,15159.131711208616,female,80-84,1704,0.019244234635104916,0.0032946252514507502
E07000140,88546,6438,37605,0.1712006382130036,15159.131711208616,male,80-84,1369,0.015460890384658822,0.002646914301194881
E07000141,135212,9,53231,0.00016907441152711765,22.860889331404632,female,80-84,2115,0.01564210277194332,2.644679321213013e-06
E07000141,135212,9,53231,0.00016907441152711765,22.860889331404632,male,80-84,1503,0.011115877288998018,1.879410411244992e-06
E07000143,131857,7523,49276,0.1526706713207241,20130.696708336716,female,80-84,2330,0.017670658364743623,0.0026977912752245777
E07000143,131857,7523,49276,0.1526706713207241,20130.696708336716,male,80-84,1830,0.01387867159119349,0.002118866108867372
E07000144,125173,24,43244,0.0005549902876699658,69.46979927851262,female,80-84,2448,0.01955693320444505,1.0853907985077263e-05
E07000144,125173,24,43244,0.0005549902876699658,69.46979927851262,male,80-84,1847,0.014755578279660949,8.189202634165729e-06
E07000146,148579,55171,67431,0.8181845145407899,121565.03698595602,female,80-84,2882,0.01939708841760949,0.015870397370466596
E07000146,148579,55171,67431,0.8181845145407899,121565.03698595602,male,80-84,2213,0.014894433264458638,0.012186394649841283
E07000147,101829,3496,38923,0.0898183593248208,9146.113711687176,female,80-84,2530,0.02484557444342967,0.0022315887329915508
E07000147,101829,3496,38923,0.0898183593248208,9146.113711687176,male,80-84,2017,0.019807716858655195,0.001779096630215003
E07000148,133867,97,44372,0.002186063283151537,292.6417335256468,female,80-84,1771,0.013229548731203359,2.8920630733947667e-05
E07000148,133867,97,44372,0.002186063283151537,292.6417335256468,male,80-84,1275,0.00952437867435589,2.0820894514840923e-05
E07000149,125987,41,42447,0.0009659104294767592,121.69215727848847,female,80-84,2236,0.017747862874741043,1.7142845851635752e-05
E07000149,125987,41,42447,0.0009659104294767592,121.69215727848847,male,80-84,1772,0.014064943208426266,1.3585475335017242e-05
E07000245,171468,50,62016,0.0008062435500515995,138.24496904024767,female,80-84,2544,0.014836587584855484,1.1961903045065373e-05
E07000245,171468,50,62016,0.0008062435500515995,138.24496904024767,male,80-84,1935,0.011284904471971446,9.09838144347543e-06
E06000031,186596,64,68123,0.0009394771222641399,175.30267310599945,female,85-89,1460,0.007824390662179253,7.350836022774572e-06
E06000031,186596,64,68123,0.0009394771222641399,175.30267310599945,male,85-89,831,0.004453471671418466,4.183934749949089e-06
E07000009,85220,1566,28808,0.05435990002777007,4632.550680366565,female,85-89,829,0.00972776343581319,0.0005288002478646021
E07000009,85220,1566,28808,0.05435990002777007,4632.550680366565,male,85-89,457,0.00536259094109364,0.00029150990744767567
E07000010,95975,13636,40858,0.3337412501835626,32030.81648636742,female,85-89,1069,0.011138317270122428,0.0037173159306718253
E07000010,95975,13636,40858,0.3337412501835626,32030.81648636742,male,85-89,661,0.006887210210992446,0.002298546146093617
E07000012,150906,8,48133,0.00016620613716161468,25.081503334510625,female,85-89,1461,0.009681523597471273,1.6091286389747197e-06
E07000012,150906,8,48133,0.00016620613716161468,25.081503334510625,male,85-89,886,0.005871204590937405,9.758302355452441e-07
E07000136,64855,84,27123,0.0030970025439663756,200.8560999889393,female,85-89,712,0.010978336288643899,3.3999935414448534e-05
E07000136,64855,84,27123,0.0030970025439663756,200.8560999889393,male,85-89,436,0.0067226890756302525,2.0820185169521854e-05
E07000137,136651,9,58719,0.00015327236499259185,20.94482194860267,female,85-89,1616,0.011825745878186036,1.8125600385509688e-06
E07000137,136651,9,58719,0.00015327236499259185,20.94482194860267,male,85-89,1115,0.008159471939466232,1.2506215612526796e-06
E07000140,88546,6438,37605,0.1712006382130036,15159.131711208616,female,85-89,1057,0.011937298127526936,0.002043673057971504
E07000140,88546,6438,37605,0.1712006382130036,15159.131711208616,male,85-89,628,0.007092358773970592,0.001214216348539361
E07000141,135212,9,53231,0.00016907441152711765,22.860889331404632,female,85-89,1468,0.010857024524450493,1.8356450324069516e-06
E07000141,135212,9,53231,0.00016907441152711765,22.860889331404632,male,85-89,856,0.0063307990415051914,1.0703761224389307e-06
E07000143,131857,7523,49276,0.1526706713207241,20130.696708336716,female,85-89,1632,0.012377044828867636,0.0018896117429899187
E07000143,131857,7523,49276,0.1526706713207241,20130.696708336716,male,85-89,945,0.007166855002009753,0.0010941685644151186
E07000144,125173,24,43244,0.0005549902876699658,69.46979927851262,female,85-89,1591,0.012710408794228788,7.054153433111897e-06
E07000144,125173,24,43244,0.0005549902876699658,69.46979927851262,male,85-89,930,0.007429717271296526,4.123420925703372e-06
E07000146,148579,55171,67431,0.8181845145407899,121565.03698595602,female,85-89,1861,0.012525323228720076,0.010248025505356815
E07000146,148579,55171,67431,0.8181845145407899,121565.03698595602,male,85-89,1176,0.007914981255762928,0.006475915096345842
E07000147,101829,3496,38923,0.0898183593248208,9146.113711687176,female,85-89,1738,0.017067829400269078,0.0015330044339681088
E07000147,101829,3496,38923,0.0898183593248208,9146.113711687176,male,85-89,1023,0.010046254014082432,0.0009023380529052791
E07000148,133867,97,44372,0.002186063283151537,292.6417335256468,female,85-89,1367,0.010211627959093727,2.2323264942578465e-05
E07000148,133867,97,44372,0.002186063283151537,292.6417335256468,male,85-89,776,0.005796798314745232,1.267216795569926e-05
E07000149,125987,41,42447,0.0009659104294767592,121.69215727848847,female,85-89,1401,0.011120194940747855,1.0741112271083044e-05
E07000149,125987,41,42447,0.0009659104294767592,121.69215727848847,male,85-89,964,0.007651583099843635,7.3907439181470785e-06
E07000245,171468,50,62016,0.0008062435500515995,138.24496904024767,female,85-89,1784,0.010404273683719411,8.38837855047037e-06
E07000245,171468,50,62016,0.0008062435500515995,138.24496904024767,male,85-89,1029,0.006001119742459235,4.8383640854450745e-06
E06000031,186596,64,68123,0.0009394771222641399,175.30267310599945,female,90+,807,0.004324851550944286,4.0630990893007396e-06
E06000031,186596,64,68123,0.0009394771222641399,175.30267310599945,male,90+,331,0.0017738858282063924,1.666525153108482e-06
E07000009,85220,1566,28808,0.05435990002777007,4632.550680366565,female,90+,494,0.00579676132363295,0.00031511136603753126
E07000009,85220,1566,28808,0.05435990002777007,4632.550680366565,male,90+,192,0.0022529922553391223,0.0001224724337635749
E07000010,95975,13636,40858,0.3337412501835626,32030.81648636742,female,90+,687,0.007158114092211514,0.002388957946091248
E07000010,95975,13636,40858,0.3337412501835626,32030.81648636742,male,90+,229,0.002386038030737171,0.0007963193153637492
E07000012,150906,8,48133,0.00016620613716161468,25.081503334510625,female,90+,904,0.005990484142446291,9.95655229043906e-07
E07000012,150906,8,48133,0.00016620613716161468,25.081503334510625,male,90+,398,0.0026374034166964867,4.3835263402596747e-07
E07000136,64855,84,27123,0.0030970025439663756,200.8560999889393,female,90+,418,0.006445146866085884,1.9960636240504897e-05
E07000136,64855,84,27123,0.0030970025439663756,200.8560999889393,male,90+,145,0.0022357566879962995,6.924144150414378e-06
E07000137,136651,9,58719,0.00015327236499259185,20.94482194860267,female,90+,1029,0.007530131502879598,1.154161064151576e-06
E07000137,136651,9,58719,0.00015327236499259185,20.94482194860267,male,90+,436,0.003190609655253163,4.890322876288504e-07
E07000140,88546,6438,37605,0.1712006382130036,15159.131711208616,female,90+,668,0.007544101371038782,0.0012915549694654351
E07000140,88546,6438,37605,0.1712006382130036,15159.131711208616,male,90+,304,0.0034332437377182484,0.000587773519038162
E07000141,135212,9,53231,0.00016907441152711765,22.860889331404632,female,90+,963,0.007122148921693341,1.2041731377437971e-06
E07000141,135212,9,53231,0.00016907441152711765,22.860889331404632,male,90+,366,0.0027068603378398366,4.5766081870636527e-07
E07000143,131857,7523,49276,0.1526706713207241,20130.696708336716,female,90+,1040,0.007887332488984279,0.0012041643460229876
E07000143,131857,7523,49276,0.1526706713207241,20130.696708336716,male,90+,408,0.003094261207216909,0.0004724029357474797
E07000144,125173,24,43244,0.0005549902876699658,69.46979927851262,female,90+,1023,0.008172688998426178,4.535763018273709e-06
E07000144,125173,24,43244,0.0005549902876699658,69.46979927851262,male,90+,438,0.0034991571664815895,1.9419982424280396e-06
E07000146,148579,55171,67431,0.8181845145407899,121565.03698595602,female,90+,1103,0.007423660140396691,0.006073923768086279
E07000146,148579,55171,67431,0.8181845145407899,121565.03698595602,male,90+,499,0.003358482692708929,0.0027478585315277
E07000147,101829,3496,38923,0.0898183593248208,9146.113711687176,female,90+,1124,0.011038112914788518,0.0009914251920484201
E07000147,101829,3496,38923,0.0898183593248208,9146.113711687176,male,90+,411,0.004036178298912884,0.0003625229127508013
E07000148,133867,97,44372,0.002186063283151537,292.6417335256468,female,90+,894,0.006678270223430718,1.4599121330406105e-05
E07000148,133867,97,44372,0.002186063283151537,292.6417335256468,male,90+,335,0.0025024838085562534,5.470587970566046e-06
E07000149,125987,41,42447,0.0009659104294767592,121.69215727848847,female,90+,843,0.006691166548929652,6.463067554977165e-06
E07000149,125987,41,42447,0.0009659104294767592,121.69215727848847,male,90+,401,0.0031828680736901427,3.074365468025911e-06
E07000245,171468,50,62016,0.0008062435500515995,138.24496904024767,female,90+,1116,0.006508503044299811,5.247438599957922e-06
E07000245,171468,50,62016,0.0008062435500515995,138.24496904024767,male,90+,501,0.0029218279795647003,2.3557049628843364e-06
