msoa,ltla,ppln_msoa,ppln_ltla,patients_from_msoa_to_trust,total_patients_of_msoa,tfp_msoa,etc_msoa,sex,ag,ag_ppln_msoa,agf_ppln_msoa,ag_trust_factor
E02003597,E06000046,5739,141771,1738,2191,0.7932450935645824,4552.433591967138,female,0-4,86,0.014985189057327061,0.011886927695862361
E02003597,E06000046,5739,141771,1738,2191,0.7932450935645824,4552.433591967138,male,0-4,110,0.019167102282627635,0.01520420984354488
E02003593,E06000046,5269,141771,1627,2043,0.7963778756730299,4196.115026921194,female,0-4,86,0.016321882710191686,0.01299838627972681
E02003593,E06000046,5269,141771,1627,2043,0.7963778756730299,4196.115026921194,male,0-4,71,0.013475042702600113,0.010731225882100041
E02003590,E06000046,7460,141771,2414,3031,0.7964368195315078,5941.418673705049,female,0-4,91,0.012198391420911529,0.009715248066671208
E02003590,E06000046,7460,141771,2414,3031,0.7964368195315078,5941.418673705049,male,0-4,110,0.014745308310991957,0.011743706454217942
E02003592,E06000046,9487,141771,3275,4047,0.8092414133926366,7677.273288855943,female,0-4,139,0.014651628544323812,0.0118567045917125
E02003592,E06000046,9487,141771,3275,4047,0.8092414133926366,7677.273288855943,male,0-4,149,0.01570570254031833,0.012709704922051528
E02003583,E06000046,7434,141771,2549,3112,0.8190874035989717,6089.095758354755,female,0-4,171,0.023002421307506054,0.018840993545254796
E02003583,E06000046,7434,141771,2549,3112,0.8190874035989717,6089.095758354755,male,0-4,182,0.02448210922787194,0.020052987282084052
E02003587,E06000046,8769,141771,2698,3288,0.8205596107055961,7195.487226277372,female,0-4,274,0.031246436309727448,0.025639563614247157
E02003587,E06000046,8769,141771,2698,3288,0.8205596107055961,7195.487226277372,male,0-4,267,0.030448169688676016,0.024984538266437924
E02003595,E06000046,7906,141771,2869,3554,0.8072594259988745,6382.193021947101,female,0-4,115,0.01454591449532001,0.01174232658612074
E02003595,E06000046,7906,141771,2869,3554,0.8072594259988745,6382.193021947101,male,0-4,170,0.021502656210473058,0.017358221909917614
E02003589,E06000046,8133,141771,2591,3092,0.8379689521345407,6815.201487710219,female,0-4,249,0.030616008852821838,0.025655264856940935
E02003589,E06000046,8133,141771,2591,3092,0.8379689521345407,6815.201487710219,male,0-4,255,0.03135374400590188,0.026273464010120234
E02003588,E06000046,8437,141771,3163,3770,0.8389920424403183,7078.575862068966,female,0-4,232,0.02749792580301055,0.023070540932340153
E02003588,E06000046,8437,141771,3163,3770,0.8389920424403183,7078.575862068966,male,0-4,232,0.02749792580301055,0.023070540932340153
E02003584,E06000046,6468,141771,1916,2355,0.8135881104033971,5262.287898089172,female,0-4,136,0.021026592455163882,0.01710698562381911
E02003584,E06000046,6468,141771,1916,2355,0.8135881104033971,5262.287898089172,male,0-4,130,0.02009894867037724,0.01635226566982709
E02003596,E06000046,8949,141771,3251,3941,0.8249175336209084,7382.187008373509,female,0-4,170,0.018996535925801767,0.015670575563253374
E02003596,E06000046,8949,141771,3251,3941,0.8249175336209084,7382.187008373509,male,0-4,219,0.024472008045591687,0.02018738851972052
E02003582,E06000046,8608,141771,2558,3102,0.8246292714377821,7098.408768536428,female,0-4,226,0.0262546468401487,0.02165035029564809
E02003582,E06000046,8608,141771,2558,3102,0.8246292714377821,7098.408768536428,male,0-4,172,0.019981412639405203,0.0164772577471304
E02003585,E06000046,6782,141771,2240,2754,0.813362381989833,5516.223674655048,female,0-4,111,0.01636685343556473,0.013312182896029411
E02003585,E06000046,6782,141771,2240,2754,0.813362381989833,5516.223674655048,male,0-4,95,0.014007667354762606,0.011393309685790937
E02003581,E06000046,7885,141771,2471,3021,0.8179410791128765,6449.465408805031,female,0-4,211,0.02675967025998732,0.021887833569158778
E02003581,E06000046,7885,141771,2471,3021,0.8179410791128765,6449.465408805031,male,0-4,240,0.030437539632213063,0.0248961140123133
E02003598,E06000046,7529,141771,2443,3034,0.8052076466710613,6062.4083717864205,female,0-4,99,0.013149156594501261,0.010587801437167626
E02003598,E06000046,7529,141771,2443,3034,0.8052076466710613,6062.4083717864205,male,0-4,148,0.019657325009961483,0.01582822841111928
E02003594,E06000046,9430,141771,3252,3972,0.8187311178247734,7720.634441087613,female,0-4,188,0.019936373276776245,0.016322529178266956
E02003594,E06000046,9430,141771,3252,3972,0.8187311178247734,7720.634441087613,male,0-4,204,0.021633085896076352,0.01771168059769393
E02003591,E06000046,9618,141771,3014,3646,0.8266593527153044,7950.809654415798,female,0-4,262,0.027240590559367853,0.022518688959389663
E02003591,E06000046,9618,141771,3014,3646,0.8266593527153044,7950.809654415798,male,0-4,257,0.026720731960906633,0.022088942986882226
E02003586,E06000046,7868,141771,2553,3094,0.8251454427925016,6492.244343891402,female,0-4,166,0.021098118962887647,0.0174090167137208
E02003586,E06000046,7868,141771,2553,3094,0.8251454427925016,6492.244343891402,male,0-4,197,0.025038129130655822,0.02066009814821083
E02003597,E06000046,5739,141771,1738,2191,0.7932450935645824,4552.433591967138,female,5-9,148,0.025788464889353546,0.020456573244042202
E02003597,E06000046,5739,141771,1738,2191,0.7932450935645824,4552.433591967138,male,5-9,134,0.02334901550792821,0.0185214919912274
E02003593,E06000046,5269,141771,1627,2043,0.7963778756730299,4196.115026921194,female,5-9,104,0.019738090719301576,0.015718978756878936
E02003593,E06000046,5269,141771,1627,2043,0.7963778756730299,4196.115026921194,male,5-9,100,0.01897893338394382,0.015114402650845129
E02003590,E06000046,7460,141771,2414,3031,0.7964368195315078,5941.418673705049,female,5-9,125,0.01675603217158177,0.01334512097070221
E02003590,E06000046,7460,141771,2414,3031,0.7964368195315078,5941.418673705049,male,5-9,149,0.01997319034852547,0.015907384197077035
E02003592,E06000046,9487,141771,3275,4047,0.8092414133926366,7677.273288855943,female,5-9,158,0.016654369136713396,0.013477405219356654
E02003592,E06000046,9487,141771,3275,4047,0.8092414133926366,7677.273288855943,male,5-9,186,0.01960577632549805,0.015865806144305935
E02003583,E06000046,7434,141771,2549,3112,0.8190874035989717,6089.095758354755,female,5-9,188,0.025289211729889696,0.02071407477490001
E02003583,E06000046,7434,141771,2549,3112,0.8190874035989717,6089.095758354755,male,5-9,221,0.029728275490987357,0.02435005598538778
E02003587,E06000046,8769,141771,2698,3288,0.8205596107055961,7195.487226277372,female,5-9,308,0.03512373132626297,0.028821115303606298
E02003587,E06000046,8769,141771,2698,3288,0.8205596107055961,7195.487226277372,male,5-9,300,0.03421142661648991,0.02807251490611003
E02003595,E06000046,7906,141771,2869,3554,0.8072594259988745,6382.193021947101,female,5-9,187,0.023652921831520363,0.019094044100909376
E02003595,E06000046,7906,141771,2869,3554,0.8072594259988745,6382.193021947101,male,5-9,151,0.019099418163420187,0.015418185343515058
E02003589,E06000046,8133,141771,2591,3092,0.8379689521345407,6815.201487710219,female,5-9,235,0.0288946268289684,0.024212800166189236
E02003589,E06000046,8133,141771,2591,3092,0.8379689521345407,6815.201487710219,male,5-9,237,0.029140538546661748,0.024418866550582338
E02003588,E06000046,8437,141771,3163,3770,0.8389920424403183,7078.575862068966,female,5-9,264,0.03129074315514994,0.026252684509214655
E02003588,E06000046,8437,141771,3163,3770,0.8389920424403183,7078.575862068966,male,5-9,240,0.028446130141045394,0.023866076826558776
E02003584,E06000046,6468,141771,1916,2355,0.8135881104033971,5262.287898089172,female,5-9,110,0.017006802721088437,0.013836532489853693
E02003584,E06000046,6468,141771,1916,2355,0.8135881104033971,5262.287898089172,male,5-9,118,0.018243661100803957,0.014842825761843051
E02003596,E06000046,8949,141771,3251,3941,0.8249175336209084,7382.187008373509,female,5-9,183,0.020449212202480724,0.01686891369456098
E02003596,E06000046,8949,141771,3251,3941,0.8249175336209084,7382.187008373509,male,5-9,231,0.025812939993295342,0.0212935467947737
E02003582,E06000046,8608,141771,2558,3102,0.8246292714377821,7098.408768536428,female,5-9,206,0.023931226765799257,0.019734390092493392
E02003582,E06000046,8608,141771,2558,3102,0.8246292714377821,7098.408768536428,male,5-9,294,0.0341542750929368,0.028164614986374063
E02003585,E06000046,6782,141771,2240,2754,0.813362381989833,5516.223674655048,female,5-9,152,0.022412267767620172,0.0182292954972655
E02003585,E06000046,6782,141771,2240,2754,0.813362381989833,5516.223674655048,male,5-9,126,0.01857859038631672,0.01511112653062798
E02003581,E06000046,7885,141771,2471,3021,0.8179410791128765,6449.465408805031,female,5-9,230,0.029169308814204185,0.02385877592846691
E02003581,E06000046,7885,141771,2471,3021,0.8179410791128765,6449.465408805031,male,5-9,219,0.02777425491439442,0.022717704036235884
E02003598,E06000046,7529,141771,2443,3034,0.8052076466710613,6062.4083717864205,female,5-9,149,0.019790144773542302,0.0159351759003836
E02003598,E06000046,7529,141771,2443,3034,0.8052076466710613,6062.4083717864205,male,5-9,141,0.018727586664895737,0.015079595986269045
E02003594,E06000046,9430,141771,3252,3972,0.8187311178247734,7720.634441087613,female,5-9,229,0.02428419936373277,0.01988222969054858
E02003594,E06000046,9430,141771,3252,3972,0.8187311178247734,7720.634441087613,male,5-9,279,0.0295864262990456,0.024223327876257878
E02003591,E06000046,9618,141771,3014,3646,0.8266593527153044,7950.809654415798,female,5-9,257,0.026720731960906633,0.022088942986882226
E02003591,E06000046,9618,141771,3014,3646,0.8266593527153044,7950.809654415798,male,5-9,297,0.030879600748596383,0.025526910766941715
E02003586,E06000046,7868,141771,2553,3094,0.8251454427925016,6492.244343891402,female,5-9,259,0.03291814946619217,0.027162261017190888
E02003586,E06000046,7868,141771,2553,3094,0.8251454427925016,6492.244343891402,male,5-9,257,0.03266395526182003,0.02695251382786895
E02003597,E06000046,5739,141771,1738,2191,0.7932450935645824,4552.433591967138,female,10-14,119,0.02073531974211535,0.016448190648925824
E02003597,E06000046,5739,141771,1738,2191,0.7932450935645824,4552.433591967138,male,10-14,134,0.02334901550792821,0.0185214919912274
E02003593,E06000046,5269,141771,1627,2043,0.7963778756730299,4196.115026921194,female,10-14,92,0.017460618713228317,0.01390525043877752
E02003593,E06000046,5269,141771,1627,2043,0.7963778756730299,4196.115026921194,male,10-14,158,0.02998671474663124,0.023880756188335305
E02003590,E06000046,7460,141771,2414,3031,0.7964368195315078,5941.418673705049,female,10-14,182,0.024396782841823058,0.019430496133342415
E02003590,E06000046,7460,141771,2414,3031,0.7964368195315078,5941.418673705049,male,10-14,145,0.01943699731903485,0.015480340326014561
E02003592,E06000046,9487,141771,3275,4047,0.8092414133926366,7677.273288855943,female,10-14,162,0.017075998735111207,0.013818605351492267
E02003592,E06000046,9487,141771,3275,4047,0.8092414133926366,7677.273288855943,male,10-14,191,0.02013281332349531,0.016292306309475448
E02003583,E06000046,7434,141771,2549,3112,0.8190874035989717,6089.095758354755,female,10-14,185,0.024885660478880817,0.02038353102849203
E02003583,E06000046,7434,141771,2549,3112,0.8190874035989717,6089.095758354755,male,10-14,225,0.03026634382566586,0.024790780980598417
E02003587,E06000046,8769,141771,2698,3288,0.8205596107055961,7195.487226277372,female,10-14,267,0.030448169688676016,0.024984538266437924
E02003587,E06000046,8769,141771,2698,3288,0.8205596107055961,7195.487226277372,male,10-14,292,0.03329912190671684,0.02732391450861376
E02003595,E06000046,7906,141771,2869,3554,0.8072594259988745,6382.193021947101,female,10-14,141,0.01783455603339236,0.01439711346646108
E02003595,E06000046,7906,141771,2869,3554,0.8072594259988745,6382.193021947101,male,10-14,157,0.019858335441436885,0.016030828469747446
E02003589,E06000046,8133,141771,2591,3092,0.8379689521345407,6815.201487710219,female,10-14,209,0.025697774498954874,0.021533937169078938
E02003589,E06000046,8133,141771,2591,3092,0.8379689521345407,6815.201487710219,male,10-14,206,0.025328906922414855,0.02122483759248929
E02003588,E06000046,8437,141771,3163,3770,0.8389920424403183,7078.575862068966,female,10-14,213,0.02524594050017779,0.021181143183570915
E02003588,E06000046,8437,141771,3163,3770,0.8389920424403183,7078.575862068966,male,10-14,252,0.029868436648097664,0.025059380667886714
E02003584,E06000046,6468,141771,1916,2355,0.8135881104033971,5262.287898089172,female,10-14,122,0.01886209029066172,0.015345972397837731
E02003584,E06000046,6468,141771,1916,2355,0.8135881104033971,5262.287898089172,male,10-14,121,0.01870748299319728,0.01522018573883906
E02003596,E06000046,8949,141771,3251,3941,0.8249175336209084,7382.187008373509,female,10-14,190,0.021231422505307854,0.017514172688342003
E02003596,E06000046,8949,141771,3251,3941,0.8249175336209084,7382.187008373509,male,10-14,182,0.02033746787350542,0.01677673383830655
E02003582,E06000046,8608,141771,2558,3102,0.8246292714377821,7098.408768536428,female,10-14,251,0.029158921933085502,0.02404530054959146
E02003582,E06000046,8608,141771,2558,3102,0.8246292714377821,7098.408768536428,male,10-14,254,0.02950743494423792,0.02433269458006467
E02003585,E06000046,6782,141771,2240,2754,0.813362381989833,5516.223674655048,female,10-14,165,0.024329106458271896,0.019788379980584258
E02003585,E06000046,6782,141771,2240,2754,0.813362381989833,5516.223674655048,male,10-14,180,0.026540843409023886,0.021587323615182827
E02003581,E06000046,7885,141771,2471,3021,0.8179410791128765,6449.465408805031,female,10-14,212,0.026886493341788206,0.021991567377543413
E02003581,E06000046,7885,141771,2471,3021,0.8179410791128765,6449.465408805031,male,10-14,211,0.02675967025998732,0.021887833569158778
E02003598,E06000046,7529,141771,2443,3034,0.8052076466710613,6062.4083717864205,female,10-14,181,0.024040377208128568,0.01935749555684182
E02003598,E06000046,7529,141771,2443,3034,0.8052076466710613,6062.4083717864205,male,10-14,215,0.028556249169876476,0.022993710191828685
E02003594,E06000046,9430,141771,3252,3972,0.8187311178247734,7720.634441087613,female,10-14,203,0.021527041357370096,0.017624858633979744
E02003594,E06000046,9430,141771,3252,3972,0.8187311178247734,7720.634441087613,male,10-14,269,0.028525980911983034,0.023355108239116018
E02003591,E06000046,9618,141771,3014,3646,0.8266593527153044,7950.809654415798,female,10-14,312,0.032439176543980035,0.02681614868446402
E02003591,E06000046,9618,141771,3014,3646,0.8266593527153044,7950.809654415798,male,10-14,315,0.03275109170305677,0.027073996267968487
E02003586,E06000046,7868,141771,2553,3094,0.8251454427925016,6492.244343891402,female,10-14,218,0.027707168276563294,0.022862443636091172
E02003586,E06000046,7868,141771,2553,3094,0.8251454427925016,6492.244343891402,male,10-14,277,0.03520589730554143,0.029049985721088325
E02003597,E06000046,5739,141771,1738,2191,0.7932450935645824,4552.433591967138,female,15-19,154,0.02683394319567869,0.021285893780962833
E02003597,E06000046,5739,141771,1738,2191,0.7932450935645824,4552.433591967138,male,15-19,147,0.02561421850496602,0.02031835315455543
E02003593,E06000046,5269,141771,1627,2043,0.7963778756730299,4196.115026921194,female,15-19,103,0.01954830138546214,0.015567834730370484
E02003593,E06000046,5269,141771,1627,2043,0.7963778756730299,4196.115026921194,male,15-19,105,0.019927880053141014,0.015870122783387387
E02003590,E06000046,7460,141771,2414,3031,0.7964368195315078,5941.418673705049,female,15-19,142,0.01903485254691689,0.015160057422717711
E02003590,E06000046,7460,141771,2414,3031,0.7964368195315078,5941.418673705049,male,15-19,153,0.020509383378016086,0.016334428068139503
E02003592,E06000046,9487,141771,3275,4047,0.8092414133926366,7677.273288855943,female,15-19,162,0.017075998735111207,0.013818605351492267
E02003592,E06000046,9487,141771,3275,4047,0.8092414133926366,7677.273288855943,male,15-19,202,0.02129229471908928,0.01723060667284838
E02003583,E06000046,7434,141771,2549,3112,0.8190874035989717,6089.095758354755,female,15-19,189,0.025423728813559324,0.02082425602370267
E02003583,E06000046,7434,141771,2549,3112,0.8190874035989717,6089.095758354755,male,15-19,197,0.02649986548291633,0.021705706014123947
E02003587,E06000046,8769,141771,2698,3288,0.8205596107055961,7195.487226277372,female,15-19,221,0.0252024176074809,0.02068008598083439
E02003587,E06000046,8769,141771,2698,3288,0.8205596107055961,7195.487226277372,male,15-19,268,0.03056220777739765,0.02507811331612496
E02003595,E06000046,7906,141771,2869,3554,0.8072594259988745,6382.193021947101,female,15-19,159,0.02011130786744245,0.01623504284515824
E02003595,E06000046,7906,141771,2869,3554,0.8072594259988745,6382.193021947101,male,15-19,160,0.02023779408044523,0.016337150032863637
E02003589,E06000046,8133,141771,2591,3092,0.8379689521345407,6815.201487710219,female,15-19,182,0.022377966310094675,0.018752040979772087
E02003589,E06000046,8133,141771,2591,3092,0.8379689521345407,6815.201487710219,male,15-19,230,0.02827984753473503,0.02369763420520649
E02003588,E06000046,8437,141771,3163,3770,0.8389920424403183,7078.575862068966,female,15-19,206,0.0244162617043973,0.020485049276129617
E02003588,E06000046,8437,141771,3163,3770,0.8389920424403183,7078.575862068966,male,15-19,215,0.0254829915846865,0.021380027157125572
E02003584,E06000046,6468,141771,1916,2355,0.8135881104033971,5262.287898089172,female,15-19,176,0.027210884353741496,0.022138451983765906
E02003584,E06000046,6468,141771,1916,2355,0.8135881104033971,5262.287898089172,male,15-19,212,0.03277674706246135,0.026666771707718025
E02003596,E06000046,8949,141771,3251,3941,0.8249175336209084,7382.187008373509,female,15-19,179,0.020002234886579505,0.016500194269543255
E02003596,E06000046,8949,141771,3251,3941,0.8249175336209084,7382.187008373509,male,15-19,190,0.021231422505307854,0.017514172688342003
E02003582,E06000046,8608,141771,2558,3102,0.8246292714377821,7098.408768536428,female,15-19,207,0.02404739776951673,0.019830188102651126
E02003582,E06000046,8608,141771,2558,3102,0.8246292714377821,7098.408768536428,male,15-19,250,0.02904275092936803,0.023949502539433728
E02003585,E06000046,6782,141771,2240,2754,0.813362381989833,5516.223674655048,female,15-19,153,0.022559716897670303,0.018349225072905404
E02003585,E06000046,6782,141771,2240,2754,0.813362381989833,5516.223674655048,male,15-19,136,0.020053081686818047,0.016310422287027025
E02003581,E06000046,7885,141771,2471,3021,0.8179410791128765,6449.465408805031,female,15-19,198,0.025110970196575776,0.02053929406015847
E02003581,E06000046,7885,141771,2471,3021,0.8179410791128765,6449.465408805031,male,15-19,161,0.02041851616994293,0.016701143149926836
E02003598,E06000046,7529,141771,2443,3034,0.8052076466710613,6062.4083717864205,female,15-19,141,0.018727586664895737,0.015079595986269045
E02003598,E06000046,7529,141771,2443,3034,0.8052076466710613,6062.4083717864205,male,15-19,167,0.02218090051799708,0.01786023070714135
E02003594,E06000046,9430,141771,3252,3972,0.8187311178247734,7720.634441087613,female,15-19,225,0.02386002120890774,0.019534941835691835
E02003594,E06000046,9430,141771,3252,3972,0.8187311178247734,7720.634441087613,male,15-19,252,0.02672322375397667,0.021879134855974855
E02003591,E06000046,9618,141771,3014,3646,0.8266593527153044,7950.809654415798,female,15-19,260,0.027032647119983363,0.022346790570386688
E02003591,E06000046,9618,141771,3014,3646,0.8266593527153044,7950.809654415798,male,15-19,277,0.028800166354751508,0.02380792687691197
E02003586,E06000046,7868,141771,2553,3094,0.8251454427925016,6492.244343891402,female,15-19,199,0.025292323335027962,0.020869845337532767
E02003586,E06000046,7868,141771,2553,3094,0.8251454427925016,6492.244343891402,male,15-19,215,0.027325876970005086,0.022547822852108268
E02003597,E06000046,5739,141771,1738,2191,0.7932450935645824,4552.433591967138,female,20-24,84,0.014636696288552013,0.011610487516888817
E02003597,E06000046,5739,141771,1738,2191,0.7932450935645824,4552.433591967138,male,20-24,145,0.025265725736190976,0.020041912975581888
E02003593,E06000046,5269,141771,1627,2043,0.7963778756730299,4196.115026921194,female,20-24,76,0.014423989371797305,0.011486946014642297
E02003593,E06000046,5269,141771,1627,2043,0.7963778756730299,4196.115026921194,male,20-24,84,0.01594230404251281,0.012696098226709909
E02003590,E06000046,7460,141771,2414,3031,0.7964368195315078,5941.418673705049,female,20-24,105,0.014075067024128687,0.011209901615389855
E02003590,E06000046,7460,141771,2414,3031,0.7964368195315078,5941.418673705049,male,20-24,142,0.01903485254691689,0.015160057422717711
E02003592,E06000046,9487,141771,3275,4047,0.8092414133926366,7677.273288855943,female,20-24,179,0.018867924528301886,0.015268705913068614
E02003592,E06000046,9487,141771,3275,4047,0.8092414133926366,7677.273288855943,male,20-24,190,0.020027405923895857,0.016207006276441546
E02003583,E06000046,7434,141771,2549,3112,0.8190874035989717,6089.095758354755,female,20-24,150,0.020177562550443905,0.016527187320398942
E02003583,E06000046,7434,141771,2549,3112,0.8190874035989717,6089.095758354755,male,20-24,147,0.01977401129943503,0.016196643573990966
E02003587,E06000046,8769,141771,2698,3288,0.8205596107055961,7195.487226277372,female,20-24,266,0.030334131599954385,0.024890963216750894
E02003587,E06000046,8769,141771,2698,3288,0.8205596107055961,7195.487226277372,male,20-24,199,0.02269357965560497,0.01862143488771965
E02003595,E06000046,7906,141771,2869,3554,0.8072594259988745,6382.193021947101,female,20-24,143,0.018087528459397925,0.014601327841871875
E02003595,E06000046,7906,141771,2869,3554,0.8072594259988745,6382.193021947101,male,20-24,167,0.02112319757146471,0.01705190034680142
E02003589,E06000046,8133,141771,2591,3092,0.8379689521345407,6815.201487710219,female,20-24,254,0.031230788147055207,0.026170430817923685
E02003589,E06000046,8133,141771,2591,3092,0.8379689521345407,6815.201487710219,male,20-24,257,0.03159965572359523,0.026479530394513336
E02003588,E06000046,8437,141771,3163,3770,0.8389920424403183,7078.575862068966,female,20-24,198,0.02346805736636245,0.01968951338191099
E02003588,E06000046,8437,141771,3163,3770,0.8389920424403183,7078.575862068966,male,20-24,247,0.029275808936825885,0.024562170734000074
E02003584,E06000046,6468,141771,1916,2355,0.8135881104033971,5262.287898089172,female,20-24,217,0.03354978354978355,0.027295705002711376
E02003584,E06000046,6468,141771,1916,2355,0.8135881104033971,5262.287898089172,male,20-24,219,0.03385899814471243,0.027547278320708714
E02003596,E06000046,8949,141771,3251,3941,0.8249175336209084,7382.187008373509,female,20-24,213,0.02380154207173986,0.01963430938219393
E02003596,E06000046,8949,141771,3251,3941,0.8249175336209084,7382.187008373509,male,20-24,202,0.02257235445301151,0.018620330963395184
E02003582,E06000046,8608,141771,2558,3102,0.8246292714377821,7098.408768536428,female,20-24,114,0.01324349442379182,0.01092097315798178
E02003582,E06000046,8608,141771,2558,3102,0.8246292714377821,7098.408768536428,male,20-24,189,0.021956319702602232,0.0181058239198119
E02003585,E06000046,6782,141771,2240,2754,0.813362381989833,5516.223674655048,female,20-24,110,0.016219404305514596,0.013192253320389506
E02003585,E06000046,6782,141771,2240,2754,0.813362381989833,5516.223674655048,male,20-24,154,0.022707166027720438,0.01846915464854531
E02003581,E06000046,7885,141771,2471,3021,0.8179410791128765,6449.465408805031,female,20-24,168,0.021306277742549146,0.01742727980861931
E02003581,E06000046,7885,141771,2471,3021,0.8179410791128765,6449.465408805031,male,20-24,246,0.03119847812301839,0.025518516862621132
E02003598,E06000046,7529,141771,2443,3034,0.8052076466710613,6062.4083717864205,female,20-24,157,0.02085270288218887,0.016790755814498157
E02003598,E06000046,7529,141771,2443,3034,0.8052076466710613,6062.4083717864205,male,20-24,140,0.018594766901314917,0.014972648497004727
E02003594,E06000046,9430,141771,3252,3972,0.8187311178247734,7720.634441087613,female,20-24,232,0.024602332979851538,0.02014269558169114
E02003594,E06000046,9430,141771,3252,3972,0.8187311178247734,7720.634441087613,male,20-24,221,0.023435843054082715,0.019187653980835093
E02003591,E06000046,9618,141771,3014,3646,0.8266593527153044,7950.809654415798,female,20-24,205,0.021314202536909962,0.017619584872804888
E02003591,E06000046,9618,141771,3014,3646,0.8266593527153044,7950.809654415798,male,20-24,278,0.028904138074443753,0.02389387607141346
E02003586,E06000046,7868,141771,2553,3094,0.8251454427925016,6492.244343891402,female,20-24,159,0.020208439247585155,0.01667490155109402
E02003586,E06000046,7868,141771,2553,3094,0.8251454427925016,6492.244343891402,male,20-24,197,0.025038129130655822,0.02066009814821083
E02003597,E06000046,5739,141771,1738,2191,0.7932450935645824,4552.433591967138,female,25-29,84,0.014636696288552013,0.011610487516888817
E02003597,E06000046,5739,141771,1738,2191,0.7932450935645824,4552.433591967138,male,25-29,98,0.01707614566997735,0.013545568769703621
E02003593,E06000046,5269,141771,1627,2043,0.7963778756730299,4196.115026921194,female,25-29,61,0.011577149364205732,0.009219785617015528
E02003593,E06000046,5269,141771,1627,2043,0.7963778756730299,4196.115026921194,male,25-29,96,0.01821977604858607,0.014509826544811325
E02003590,E06000046,7460,141771,2414,3031,0.7964368195315078,5941.418673705049,female,25-29,88,0.011796246648793566,0.009394965163374354
E02003590,E06000046,7460,141771,2414,3031,0.7964368195315078,5941.418673705049,male,25-29,104,0.013941018766756031,0.011103140647624236
E02003592,E06000046,9487,141771,3275,4047,0.8092414133926366,7677.273288855943,female,25-29,204,0.021503109518288183,0.017401206738916184
E02003592,E06000046,9487,141771,3275,4047,0.8092414133926366,7677.273288855943,male,25-29,136,0.014335406345525456,0.01160080449261079
E02003583,E06000046,7434,141771,2549,3112,0.8190874035989717,6089.095758354755,female,25-29,177,0.023809523809523808,0.019502081038070752
E02003583,E06000046,7434,141771,2549,3112,0.8190874035989717,6089.095758354755,male,25-29,180,0.024213075060532687,0.019832624784478732
E02003587,E06000046,8769,141771,2698,3288,0.8205596107055961,7195.487226277372,female,25-29,232,0.026456836583418863,0.021709411527391757
E02003587,E06000046,8769,141771,2698,3288,0.8205596107055961,7195.487226277372,male,25-29,254,0.028965674535294788,0.02376806262050649
E02003595,E06000046,7906,141771,2869,3554,0.8072594259988745,6382.193021947101,female,25-29,121,0.015304831773336707,0.012354969712353127
E02003595,E06000046,7906,141771,2869,3554,0.8072594259988745,6382.193021947101,male,25-29,146,0.018466987098406273,0.014907649404988068
E02003589,E06000046,8133,141771,2591,3092,0.8379689521345407,6815.201487710219,female,25-29,304,0.03737858108938891,0.03132209042775118
E02003589,E06000046,8133,141771,2591,3092,0.8379689521345407,6815.201487710219,male,25-29,401,0.049305299397516295,0.04131631007081653
E02003588,E06000046,8437,141771,3163,3770,0.8389920424403183,7078.575862068966,female,25-29,250,0.029631385563588953,0.02486049669433206
E02003588,E06000046,8437,141771,3163,3770,0.8389920424403183,7078.575862068966,male,25-29,299,0.03543913713405239,0.029733154046421142
E02003584,E06000046,6468,141771,1916,2355,0.8135881104033971,5262.287898089172,female,25-29,199,0.030766852195423623,0.025031545140735315
E02003584,E06000046,6468,141771,1916,2355,0.8135881104033971,5262.287898089172,male,25-29,262,0.04050711193568336,0.03295610465765152
E02003596,E06000046,8949,141771,3251,3941,0.8249175336209084,7382.187008373509,female,25-29,198,0.02212537713711029,0.018251611538377455
E02003596,E06000046,8949,141771,3251,3941,0.8249175336209084,7382.187008373509,male,25-29,248,0.027712593585875515,0.022860604351099035
E02003582,E06000046,8608,141771,2558,3102,0.8246292714377821,7098.408768536428,female,25-29,155,0.018006505576208177,0.01484869157444891
E02003582,E06000046,8608,141771,2558,3102,0.8246292714377821,7098.408768536428,male,25-29,151,0.01754182156133829,0.014465499533817972
E02003585,E06000046,6782,141771,2240,2754,0.813362381989833,5516.223674655048,female,25-29,126,0.01857859038631672,0.01511112653062798
E02003585,E06000046,6782,141771,2240,2754,0.813362381989833,5516.223674655048,male,25-29,110,0.016219404305514596,0.013192253320389506
E02003581,E06000046,7885,141771,2471,3021,0.8179410791128765,6449.465408805031,female,25-29,278,0.0352568167406468,0.02883799873092957
E02003581,E06000046,7885,141771,2471,3021,0.8179410791128765,6449.465408805031,male,25-29,246,0.03119847812301839,0.025518516862621132
E02003598,E06000046,7529,141771,2443,3034,0.8052076466710613,6062.4083717864205,female,25-29,125,0.016602470447602602,0.013368436158039933
E02003598,E06000046,7529,141771,2443,3034,0.8052076466710613,6062.4083717864205,male,25-29,143,0.01899322619205738,0.015293490964797684
E02003594,E06000046,9430,141771,3252,3972,0.8187311178247734,7720.634441087613,female,25-29,202,0.02142099681866384,0.017538036670265558
E02003594,E06000046,9430,141771,3252,3972,0.8187311178247734,7720.634441087613,male,25-29,232,0.024602332979851538,0.02014269558169114
E02003591,E06000046,9618,141771,3014,3646,0.8266593527153044,7950.809654415798,female,25-29,243,0.025265127885215222,0.020885654263861405
E02003591,E06000046,9618,141771,3014,3646,0.8266593527153044,7950.809654415798,male,25-29,229,0.023809523809523808,0.01968236554084058
E02003586,E06000046,7868,141771,2553,3094,0.8251454427925016,6492.244343891402,female,25-29,173,0.02198779867819014,0.01814313187634758
E02003586,E06000046,7868,141771,2553,3094,0.8251454427925016,6492.244343891402,male,25-29,185,0.02351296390442298,0.019401615012279206
E02003597,E06000046,5739,141771,1738,2191,0.7932450935645824,4552.433591967138,female,30-34,107,0.018644363129465064,0.014789549575084566
E02003597,E06000046,5739,141771,1738,2191,0.7932450935645824,4552.433591967138,male,30-34,110,0.019167102282627635,0.01520420984354488
E02003593,E06000046,5269,141771,1627,2043,0.7963778756730299,4196.115026921194,female,30-34,79,0.01499335737331562,0.011940378094167653
E02003593,E06000046,5269,141771,1627,2043,0.7963778756730299,4196.115026921194,male,30-34,99,0.018789144050104383,0.014963258624336678
E02003590,E06000046,7460,141771,2414,3031,0.7964368195315078,5941.418673705049,female,30-34,98,0.013136729222520108,0.010462574841030532
E02003590,E06000046,7460,141771,2414,3031,0.7964368195315078,5941.418673705049,male,30-34,101,0.01353887399463807,0.010782857744327384
E02003592,E06000046,9487,141771,3275,4047,0.8092414133926366,7677.273288855943,female,30-34,155,0.016338146937915042,0.013221505120254946
E02003592,E06000046,9487,141771,3275,4047,0.8092414133926366,7677.273288855943,male,30-34,145,0.015284072941920523,0.012368504789915916
E02003583,E06000046,7434,141771,2549,3112,0.8190874035989717,6089.095758354755,female,30-34,201,0.027037933817594836,0.022146431009334586
E02003583,E06000046,7434,141771,2549,3112,0.8190874035989717,6089.095758354755,male,30-34,208,0.027979553403282217,0.022917699750953202
E02003587,E06000046,8769,141771,2698,3288,0.8205596107055961,7195.487226277372,female,30-34,255,0.029079712624016422,0.023861637670193524
E02003587,E06000046,8769,141771,2698,3288,0.8205596107055961,7195.487226277372,male,30-34,238,0.02714106511574866,0.022270861825513955
E02003595,E06000046,7906,141771,2869,3554,0.8072594259988745,6382.193021947101,female,30-34,142,0.017961042246395144,0.014499220654166478
E02003595,E06000046,7906,141771,2869,3554,0.8072594259988745,6382.193021947101,male,30-34,133,0.016822666329370097,0.013580255964817897
E02003589,E06000046,8133,141771,2591,3092,0.8379689521345407,6815.201487710219,female,30-34,274,0.03368990532398869,0.028231094661854687
E02003589,E06000046,8133,141771,2591,3092,0.8379689521345407,6815.201487710219,male,30-34,361,0.04438706504364933,0.03719498238295453
E02003588,E06000046,8437,141771,3163,3770,0.8389920424403183,7078.575862068966,female,30-34,319,0.03780964797913951,0.03172199378196771
E02003588,E06000046,8437,141771,3163,3770,0.8389920424403183,7078.575862068966,male,30-34,279,0.03306862628896527,0.02774431431087458
E02003584,E06000046,6468,141771,1916,2355,0.8135881104033971,5262.287898089172,female,30-34,155,0.02396413110698825,0.019496932144793838
E02003584,E06000046,6468,141771,1916,2355,0.8135881104033971,5262.287898089172,male,30-34,209,0.03231292517006803,0.026289411730722016
E02003596,E06000046,8949,141771,3251,3941,0.8249175336209084,7382.187008373509,female,30-34,156,0.017432115320147504,0.01438005757569133
E02003596,E06000046,8949,141771,3251,3941,0.8249175336209084,7382.187008373509,male,30-34,213,0.02380154207173986,0.01963430938219393
E02003582,E06000046,8608,141771,2558,3102,0.8246292714377821,7098.408768536428,female,30-34,190,0.022072490706319704,0.018201621929969634
E02003582,E06000046,8608,141771,2558,3102,0.8246292714377821,7098.408768536428,male,30-34,190,0.022072490706319704,0.018201621929969634
E02003585,E06000046,6782,141771,2240,2754,0.813362381989833,5516.223674655048,female,30-34,126,0.01857859038631672,0.01511112653062798
E02003585,E06000046,6782,141771,2240,2754,0.813362381989833,5516.223674655048,male,30-34,85,0.01253317605426128,0.010194013929391892
E02003581,E06000046,7885,141771,2471,3021,0.8179410791128765,6449.465408805031,female,30-34,205,0.02599873176918199,0.021265430718850942
E02003581,E06000046,7885,141771,2471,3021,0.8179410791128765,6449.465408805031,male,30-34,275,0.03487634749524413,0.028526797305775654
E02003598,E06000046,7529,141771,2443,3034,0.8052076466710613,6062.4083717864205,female,30-34,159,0.02111834240935051,0.017004650793026793
E02003598,E06000046,7529,141771,2443,3034,0.8052076466710613,6062.4083717864205,male,30-34,144,0.0191260459556382,0.015400438454062002
E02003594,E06000046,9430,141771,3252,3972,0.8187311178247734,7720.634441087613,female,30-34,221,0.023435843054082715,0.019187653980835093
E02003594,E06000046,9430,141771,3252,3972,0.8187311178247734,7720.634441087613,male,30-34,237,0.02513255567338282,0.020576805400262067
E02003591,E06000046,9618,141771,3014,3646,0.8266593527153044,7950.809654415798,female,30-34,283,0.02942399667290497,0.024323622043920894
E02003591,E06000046,9618,141771,3014,3646,0.8266593527153044,7950.809654415798,male,30-34,244,0.025369099604907464,0.020971603458362888
E02003586,E06000046,7868,141771,2553,3094,0.8251454427925016,6492.244343891402,female,30-34,174,0.022114895780376207,0.01824800547100855
E02003586,E06000046,7868,141771,2553,3094,0.8251454427925016,6492.244343891402,male,30-34,142,0.018047788510421964,0.014892050441857554
E02003597,E06000046,5739,141771,1738,2191,0.7932450935645824,4552.433591967138,female,35-39,104,0.01812162397630249,0.014374889306624249
E02003597,E06000046,5739,141771,1738,2191,0.7932450935645824,4552.433591967138,male,35-39,107,0.018644363129465064,0.014789549575084566
E02003593,E06000046,5269,141771,1627,2043,0.7963778756730299,4196.115026921194,female,35-39,101,0.01916872271778326,0.015265546677353579
E02003593,E06000046,5269,141771,1627,2043,0.7963778756730299,4196.115026921194,male,35-39,106,0.020117669386980452,0.016021266809895837
E02003590,E06000046,7460,141771,2414,3031,0.7964368195315078,5941.418673705049,female,35-39,128,0.017158176943699734,0.013665403873999064
E02003590,E06000046,7460,141771,2414,3031,0.7964368195315078,5941.418673705049,male,35-39,135,0.018096514745308313,0.014412730648358386
E02003592,E06000046,9487,141771,3275,4047,0.8092414133926366,7677.273288855943,female,35-39,157,0.016548961737113944,0.01339210518632275
E02003592,E06000046,9487,141771,3275,4047,0.8092414133926366,7677.273288855943,male,35-39,123,0.012965110150732581,0.010491904063170052
E02003583,E06000046,7434,141771,2549,3112,0.8190874035989717,6089.095758354755,female,35-39,235,0.03161151466236212,0.025892593468625012
E02003583,E06000046,7434,141771,2549,3112,0.8190874035989717,6089.095758354755,male,35-39,184,0.024751143395211193,0.020273349779689375
E02003587,E06000046,8769,141771,2698,3288,0.8205596107055961,7195.487226277372,female,35-39,261,0.02976394115634622,0.024423087968315726
E02003587,E06000046,8769,141771,2698,3288,0.8205596107055961,7195.487226277372,male,35-39,239,0.027255103204470294,0.02236443687520099
E02003595,E06000046,7906,141771,2869,3554,0.8072594259988745,6382.193021947101,female,35-39,149,0.018846445737414622,0.015213970968104262
E02003595,E06000046,7906,141771,2869,3554,0.8072594259988745,6382.193021947101,male,35-39,159,0.02011130786744245,0.01623504284515824
E02003589,E06000046,8133,141771,2591,3092,0.8379689521345407,6815.201487710219,female,35-39,197,0.024222304192794787,0.02029753886272034
E02003589,E06000046,8133,141771,2591,3092,0.8379689521345407,6815.201487710219,male,35-39,297,0.036517890077462194,0.030600858082375337
E02003588,E06000046,8437,141771,3163,3770,0.8389920424403183,7078.575862068966,female,35-39,193,0.022875429655090672,0.01919230344802435
E02003588,E06000046,8437,141771,3163,3770,0.8389920424403183,7078.575862068966,male,35-39,268,0.03176484532416736,0.02665045245632397
E02003584,E06000046,6468,141771,1916,2355,0.8135881104033971,5262.287898089172,female,35-39,159,0.02458256029684601,0.020000078780788518
E02003584,E06000046,6468,141771,1916,2355,0.8135881104033971,5262.287898089172,male,35-39,155,0.02396413110698825,0.019496932144793838
E02003596,E06000046,8949,141771,3251,3941,0.8249175336209084,7382.187008373509,female,35-39,170,0.018996535925801767,0.015670575563253374
E02003596,E06000046,8949,141771,3251,3941,0.8249175336209084,7382.187008373509,male,35-39,218,0.02436026371661638,0.020095208663466087
E02003582,E06000046,8608,141771,2558,3102,0.8246292714377821,7098.408768536428,female,35-39,236,0.02741635687732342,0.02260833039722544
E02003582,E06000046,8608,141771,2558,3102,0.8246292714377821,7098.408768536428,male,35-39,200,0.023234200743494422,0.01915960203154698
E02003585,E06000046,6782,141771,2240,2754,0.813362381989833,5516.223674655048,female,35-39,121,0.017841344736066057,0.014511478652428456
E02003585,E06000046,6782,141771,2240,2754,0.813362381989833,5516.223674655048,male,35-39,137,0.020200530816868182,0.01643035186266693
E02003581,E06000046,7885,141771,2471,3021,0.8179410791128765,6449.465408805031,female,35-39,275,0.03487634749524413,0.028526797305775654
E02003581,E06000046,7885,141771,2471,3021,0.8179410791128765,6449.465408805031,male,35-39,212,0.026886493341788206,0.021991567377543413
E02003598,E06000046,7529,141771,2443,3034,0.8052076466710613,6062.4083717864205,female,35-39,153,0.020321423827865587,0.01636296585744088
E02003598,E06000046,7529,141771,2443,3034,0.8052076466710613,6062.4083717864205,male,35-39,144,0.0191260459556382,0.015400438454062002
E02003594,E06000046,9430,141771,3252,3972,0.8187311178247734,7720.634441087613,female,35-39,269,0.028525980911983034,0.023355108239116018
E02003594,E06000046,9430,141771,3252,3972,0.8187311178247734,7720.634441087613,male,35-39,208,0.022057264050901377,0.018058968452550672
E02003591,E06000046,9618,141771,3014,3646,0.8266593527153044,7950.809654415798,female,35-39,285,0.029631940112289458,0.02449552043292387
E02003591,E06000046,9618,141771,3014,3646,0.8266593527153044,7950.809654415798,male,35-39,242,0.025161156165522978,0.020799705069359915
E02003586,E06000046,7868,141771,2553,3094,0.8251454427925016,6492.244343891402,female,35-39,209,0.026563294356888662,0.021918581284142452
E02003586,E06000046,7868,141771,2553,3094,0.8251454427925016,6492.244343891402,male,35-39,208,0.026436197254702594,0.021813707689481487
E02003597,E06000046,5739,141771,1738,2191,0.7932450935645824,4552.433591967138,female,40-44,122,0.021258058895277925,0.01686285091738614
E02003597,E06000046,5739,141771,1738,2191,0.7932450935645824,4552.433591967138,male,40-44,122,0.021258058895277925,0.01686285091738614
E02003593,E06000046,5269,141771,1627,2043,0.7963778756730299,4196.115026921194,female,40-44,129,0.02448282406528753,0.019497579419590214
E02003593,E06000046,5269,141771,1627,2043,0.7963778756730299,4196.115026921194,male,40-44,113,0.021446194723856518,0.017079274995454995
E02003590,E06000046,7460,141771,2414,3031,0.7964368195315078,5941.418673705049,female,40-44,161,0.021581769436997317,0.017188515810264444
E02003590,E06000046,7460,141771,2414,3031,0.7964368195315078,5941.418673705049,male,40-44,133,0.017828418230563,0.01419920871282715
E02003592,E06000046,9487,141771,3275,4047,0.8092414133926366,7677.273288855943,female,40-44,169,0.017813850532307367,0.014415705582729586
E02003592,E06000046,9487,141771,3275,4047,0.8092414133926366,7677.273288855943,male,40-44,158,0.016654369136713396,0.013477405219356654
E02003583,E06000046,7434,141771,2549,3112,0.8190874035989717,6089.095758354755,female,40-44,196,0.026365348399246705,0.021595524765321287
E02003583,E06000046,7434,141771,2549,3112,0.8190874035989717,6089.095758354755,male,40-44,172,0.023136938391175678,0.018951174794057456
E02003587,E06000046,8769,141771,2698,3288,0.8205596107055961,7195.487226277372,female,40-44,278,0.03170258866461398,0.02601386381299529
E02003587,E06000046,8769,141771,2698,3288,0.8205596107055961,7195.487226277372,male,40-44,249,0.028395484091686622,0.02330018737207132
E02003595,E06000046,7906,141771,2869,3554,0.8072594259988745,6382.193021947101,female,40-44,152,0.01922590437642297,0.015520292531220456
E02003595,E06000046,7906,141771,2869,3554,0.8072594259988745,6382.193021947101,male,40-44,151,0.019099418163420187,0.015418185343515058
E02003589,E06000046,8133,141771,2591,3092,0.8379689521345407,6815.201487710219,female,40-44,210,0.02582073035780155,0.021636970361275487
E02003589,E06000046,8133,141771,2591,3092,0.8379689521345407,6815.201487710219,male,40-44,251,0.030861920570515185,0.025861331241334037
E02003588,E06000046,8437,141771,3163,3770,0.8389920424403183,7078.575862068966,female,40-44,185,0.021927225317055824,0.01839676755380572
E02003588,E06000046,8437,141771,3163,3770,0.8389920424403183,7078.575862068966,male,40-44,243,0.028801706767808462,0.024164402786890762
E02003584,E06000046,6468,141771,1916,2355,0.8135881104033971,5262.287898089172,female,40-44,170,0.026283240568954855,0.021383732029773887
E02003584,E06000046,6468,141771,1916,2355,0.8135881104033971,5262.287898089172,male,40-44,182,0.02813852813852814,0.022893171937757927
E02003596,E06000046,8949,141771,3251,3941,0.8249175336209084,7382.187008373509,female,40-44,190,0.021231422505307854,0.017514172688342003
E02003596,E06000046,8949,141771,3251,3941,0.8249175336209084,7382.187008373509,male,40-44,192,0.021454911163258466,0.01769853240085087
E02003582,E06000046,8608,141771,2558,3102,0.8246292714377821,7098.408768536428,female,40-44,247,0.028694237918215612,0.02366210850896052
E02003582,E06000046,8608,141771,2558,3102,0.8246292714377821,7098.408768536428,male,40-44,216,0.02509293680297398,0.02069237019407074
E02003585,E06000046,6782,141771,2240,2754,0.813362381989833,5516.223674655048,female,40-44,160,0.023591860808021232,0.019188732102384736
E02003585,E06000046,6782,141771,2240,2754,0.813362381989833,5516.223674655048,male,40-44,125,0.01843114125626659,0.014991196954988077
E02003581,E06000046,7885,141771,2471,3021,0.8179410791128765,6449.465408805031,female,40-44,237,0.030057070386810398,0.02458491258715938
E02003581,E06000046,7885,141771,2471,3021,0.8179410791128765,6449.465408805031,male,40-44,220,0.027901077996195307,0.022821437844620523
E02003598,E06000046,7529,141771,2443,3034,0.8052076466710613,6062.4083717864205,female,40-44,160,0.021251162172931333,0.017111598282291116
E02003598,E06000046,7529,141771,2443,3034,0.8052076466710613,6062.4083717864205,male,40-44,172,0.022844999335901183,0.01839496815346295
E02003594,E06000046,9430,141771,3252,3972,0.8187311178247734,7720.634441087613,female,40-44,234,0.02481442205726405,0.02031633950911951
E02003594,E06000046,9430,141771,3252,3972,0.8187311178247734,7720.634441087613,male,40-44,212,0.022481442205726405,0.01840625630740742
E02003591,E06000046,9618,141771,3014,3646,0.8266593527153044,7950.809654415798,female,40-44,258,0.026824703680598878,0.022174892181383712
E02003591,E06000046,9618,141771,3014,3646,0.8266593527153044,7950.809654415798,male,40-44,273,0.028384279475982533,0.023464130098906022
E02003586,E06000046,7868,141771,2553,3094,0.8251454427925016,6492.244343891402,female,40-44,203,0.025800711743772242,0.021289339716176643
E02003586,E06000046,7868,141771,2553,3094,0.8251454427925016,6492.244343891402,male,40-44,205,0.026054905948144382,0.02149908690549858
E02003597,E06000046,5739,141771,1738,2191,0.7932450935645824,4552.433591967138,female,45-49,191,0.033281059418017074,0.02640003709197338
E02003597,E06000046,5739,141771,1738,2191,0.7932450935645824,4552.433591967138,male,45-49,170,0.029621885345879072,0.02349741521275118
E02003593,E06000046,5269,141771,1627,2043,0.7963778756730299,4196.115026921194,female,45-49,178,0.03378250142342001,0.026903636718504334
E02003593,E06000046,5269,141771,1627,2043,0.7963778756730299,4196.115026921194,male,45-49,151,0.02865818940975517,0.022822748002776144
E02003590,E06000046,7460,141771,2414,3031,0.7964368195315078,5941.418673705049,female,45-49,213,0.028552278820375334,0.022740086134076562
E02003590,E06000046,7460,141771,2414,3031,0.7964368195315078,5941.418673705049,male,45-49,198,0.026541554959785524,0.021138671617592298
E02003592,E06000046,9487,141771,3275,4047,0.8092414133926366,7677.273288855943,female,45-49,290,0.030568145883841047,0.024737009579831833
E02003592,E06000046,9487,141771,3275,4047,0.8092414133926366,7677.273288855943,male,45-49,225,0.023716664909876672,0.019192507432628146
E02003583,E06000046,7434,141771,2549,3112,0.8190874035989717,6089.095758354755,female,45-49,235,0.03161151466236212,0.025892593468625012
E02003583,E06000046,7434,141771,2549,3112,0.8190874035989717,6089.095758354755,male,45-49,223,0.02999730965832661,0.024570418482993097
E02003587,E06000046,8769,141771,2698,3288,0.8205596107055961,7195.487226277372,female,45-49,350,0.03991333105257156,0.032751267390461705
E02003587,E06000046,8769,141771,2698,3288,0.8205596107055961,7195.487226277372,male,45-49,273,0.031132398221005816,0.025545988564560126
E02003595,E06000046,7906,141771,2869,3554,0.8072594259988745,6382.193021947101,female,45-49,246,0.031115608398684543,0.02511836817552784
E02003595,E06000046,7906,141771,2869,3554,0.8072594259988745,6382.193021947101,male,45-49,209,0.026435618517581583,0.021340402230428126
E02003589,E06000046,8133,141771,2591,3092,0.8379689521345407,6815.201487710219,female,45-49,254,0.031230788147055207,0.026170430817923685
E02003589,E06000046,8133,141771,2591,3092,0.8379689521345407,6815.201487710219,male,45-49,312,0.0383622279601623,0.032146355965323586
E02003588,E06000046,8437,141771,3163,3770,0.8389920424403183,7078.575862068966,female,45-49,275,0.03259452411994785,0.027346546363765267
E02003588,E06000046,8437,141771,3163,3770,0.8389920424403183,7078.575862068966,male,45-49,264,0.03129074315514994,0.026252684509214655
E02003584,E06000046,6468,141771,1916,2355,0.8135881104033971,5262.287898089172,female,45-49,249,0.03849721706864564,0.03132087809066881
E02003584,E06000046,6468,141771,1916,2355,0.8135881104033971,5262.287898089172,male,45-49,204,0.03153988868274583,0.025660478435728665
E02003596,E06000046,8949,141771,3251,3941,0.8249175336209084,7382.187008373509,female,45-49,251,0.02804782657280143,0.02313714391986233
E02003596,E06000046,8949,141771,3251,3941,0.8249175336209084,7382.187008373509,male,45-49,229,0.02558945133534473,0.021109187082264835
E02003582,E06000046,8608,141771,2558,3102,0.8246292714377821,7098.408768536428,female,45-49,328,0.03810408921933085,0.03142174733173705
E02003582,E06000046,8608,141771,2558,3102,0.8246292714377821,7098.408768536428,male,45-49,262,0.030436802973977696,0.025099078661326546
E02003585,E06000046,6782,141771,2240,2754,0.813362381989833,5516.223674655048,female,45-49,222,0.03273370687112946,0.026624365792058822
E02003585,E06000046,6782,141771,2240,2754,0.813362381989833,5516.223674655048,male,45-49,163,0.02403420819817163,0.019548520829304448
E02003581,E06000046,7885,141771,2471,3021,0.8179410791128765,6449.465408805031,female,45-49,272,0.034495878249841475,0.028215595880621742
E02003581,E06000046,7885,141771,2471,3021,0.8179410791128765,6449.465408805031,male,45-49,246,0.03119847812301839,0.025518516862621132
E02003598,E06000046,7529,141771,2443,3034,0.8052076466710613,6062.4083717864205,female,45-49,220,0.02922034798778058,0.02352844763815028
E02003598,E06000046,7529,141771,2443,3034,0.8052076466710613,6062.4083717864205,male,45-49,213,0.028290609642714837,0.022779815213300046
E02003594,E06000046,9430,141771,3252,3972,0.8187311178247734,7720.634441087613,female,45-49,305,0.03234358430540827,0.02648069893282671
E02003594,E06000046,9430,141771,3252,3972,0.8187311178247734,7720.634441087613,male,45-49,272,0.028844114528101802,0.023615574130258575
E02003591,E06000046,9618,141771,3014,3646,0.8266593527153044,7950.809654415798,female,45-49,347,0.03607818673320857,0.02982437049201608
E02003591,E06000046,9618,141771,3014,3646,0.8266593527153044,7950.809654415798,male,45-49,288,0.02994385527136619,0.02475336801642833
E02003586,E06000046,7868,141771,2553,3094,0.8251454427925016,6492.244343891402,female,45-49,283,0.035968479918657856,0.029679227289054137
E02003586,E06000046,7868,141771,2553,3094,0.8251454427925016,6492.244343891402,male,45-49,246,0.03126588713777326,0.025798904286598295
E02003597,E06000046,5739,141771,1738,2191,0.7932450935645824,4552.433591967138,female,50-54,244,0.04251611779055585,0.03372570183477228
E02003597,E06000046,5739,141771,1738,2191,0.7932450935645824,4552.433591967138,male,50-54,208,0.03624324795260498,0.028749778613248497
E02003593,E06000046,5269,141771,1627,2043,0.7963778756730299,4196.115026921194,female,50-54,226,0.042892389447713036,0.03415854999090999
E02003593,E06000046,5269,141771,1627,2043,0.7963778756730299,4196.115026921194,male,50-54,167,0.03169481875118618,0.025241052426911364
E02003590,E06000046,7460,141771,2414,3031,0.7964368195315078,5941.418673705049,female,50-54,258,0.03458445040214477,0.027544329683529357
E02003590,E06000046,7460,141771,2414,3031,0.7964368195315078,5941.418673705049,male,50-54,228,0.030563002680965148,0.02434150065056083
E02003592,E06000046,9487,141771,3275,4047,0.8092414133926366,7677.273288855943,female,50-54,319,0.03362496047222515,0.027210710537815017
E02003592,E06000046,9487,141771,3275,4047,0.8092414133926366,7677.273288855943,male,50-54,319,0.03362496047222515,0.027210710537815017
E02003583,E06000046,7434,141771,2549,3112,0.8190874035989717,6089.095758354755,female,50-54,274,0.03685768092547754,0.03018966217192874
E02003583,E06000046,7434,141771,2549,3112,0.8190874035989717,6089.095758354755,male,50-54,253,0.03403282216841539,0.027875855947072887
E02003587,E06000046,8769,141771,2698,3288,0.8205596107055961,7195.487226277372,female,50-54,364,0.041509864294674424,0.03406131808608017
E02003587,E06000046,8769,141771,2698,3288,0.8205596107055961,7195.487226277372,male,50-54,307,0.03500969323754134,0.028727540253919267
E02003595,E06000046,7906,141771,2869,3554,0.8072594259988745,6382.193021947101,female,50-54,313,0.039590184669870986,0.03195954975178949
E02003595,E06000046,7906,141771,2869,3554,0.8072594259988745,6382.193021947101,male,50-54,257,0.03250695674171515,0.026241547240287214
E02003589,E06000046,8133,141771,2591,3092,0.8379689521345407,6815.201487710219,female,50-54,303,0.03725562523054224,0.031219057235554636
E02003589,E06000046,8133,141771,2591,3092,0.8379689521345407,6815.201487710219,male,50-54,380,0.046723226361736134,0.03915261303468898
E02003588,E06000046,8437,141771,3163,3770,0.8389920424403183,7078.575862068966,female,50-54,320,0.03792817352139386,0.031821435768745035
E02003588,E06000046,8437,141771,3163,3770,0.8389920424403183,7078.575862068966,male,50-54,354,0.04195804195804196,0.0352024633191742
E02003584,E06000046,6468,141771,1916,2355,0.8135881104033971,5262.287898089172,female,50-54,264,0.04081632653061224,0.03320767797564886
E02003584,E06000046,6468,141771,1916,2355,0.8135881104033971,5262.287898089172,male,50-54,285,0.04406307977736549,0.035849197814620926
E02003596,E06000046,8949,141771,3251,3941,0.8249175336209084,7382.187008373509,female,50-54,343,0.03832830483852945,0.03161769069527004
E02003596,E06000046,8949,141771,3251,3941,0.8249175336209084,7382.187008373509,male,50-54,323,0.036093418259023353,0.029774093570181404
E02003582,E06000046,8608,141771,2558,3102,0.8246292714377821,7098.408768536428,female,50-54,367,0.04263475836431227,0.035157869727888716
E02003582,E06000046,8608,141771,2558,3102,0.8246292714377821,7098.408768536428,male,50-54,315,0.03659386617100372,0.0301763731996865
E02003585,E06000046,6782,141771,2240,2754,0.813362381989833,5516.223674655048,female,50-54,260,0.038336773813034505,0.0311816896663752
E02003585,E06000046,6782,141771,2240,2754,0.813362381989833,5516.223674655048,male,50-54,246,0.03627248599233265,0.029502675607416533
E02003581,E06000046,7885,141771,2471,3021,0.8179410791128765,6449.465408805031,female,50-54,322,0.04083703233988586,0.03340228629985367
E02003581,E06000046,7885,141771,2471,3021,0.8179410791128765,6449.465408805031,male,50-54,291,0.03690551680405834,0.030186538239929877
E02003598,E06000046,7529,141771,2443,3034,0.8052076466710613,6062.4083717864205,female,50-54,301,0.039978748837827066,0.03219119426856016
E02003598,E06000046,7529,141771,2443,3034,0.8052076466710613,6062.4083717864205,male,50-54,279,0.03705671403904901,0.02983834950474513
E02003594,E06000046,9430,141771,3252,3972,0.8187311178247734,7720.634441087613,female,50-54,421,0.04464475079533404,0.03655204672367228
E02003594,E06000046,9430,141771,3252,3972,0.8187311178247734,7720.634441087613,male,50-54,286,0.030328738069989397,0.024831081622257178
E02003591,E06000046,9618,141771,3014,3646,0.8266593527153044,7950.809654415798,female,50-54,369,0.03836556456643793,0.0317152527710488
E02003591,E06000046,9618,141771,3014,3646,0.8266593527153044,7950.809654415798,male,50-54,338,0.035142441255978374,0.029050827741502694
E02003586,E06000046,7868,141771,2553,3094,0.8251454427925016,6492.244343891402,female,50-54,312,0.03965429588205389,0.032720561534222224
E02003586,E06000046,7868,141771,2553,3094,0.8251454427925016,6492.244343891402,male,50-54,283,0.035968479918657856,0.029679227289054137
E02003597,E06000046,5739,141771,1738,2191,0.7932450935645824,4552.433591967138,female,55-59,225,0.03920543648719289,0.03109952013452362
E02003597,E06000046,5739,141771,1738,2191,0.7932450935645824,4552.433591967138,male,55-59,235,0.040947900331068134,0.032481721029391335
E02003593,E06000046,5269,141771,1627,2043,0.7963778756730299,4196.115026921194,female,55-59,267,0.05067375213513001,0.040355455077756494
E02003593,E06000046,5269,141771,1627,2043,0.7963778756730299,4196.115026921194,male,55-59,204,0.0387170241032454,0.030833381407724066
E02003590,E06000046,7460,141771,2414,3031,0.7964368195315078,5941.418673705049,female,55-59,296,0.03967828418230563,0.03160124645862283
E02003590,E06000046,7460,141771,2414,3031,0.7964368195315078,5941.418673705049,male,55-59,265,0.035522788203753354,0.028291656457888684
E02003592,E06000046,9487,141771,3275,4047,0.8092414133926366,7677.273288855943,female,55-59,390,0.04110888584378623,0.03326701288322212
E02003592,E06000046,9487,141771,3275,4047,0.8092414133926366,7677.273288855943,male,55-59,345,0.036365552861810896,0.02942851139669649
E02003583,E06000046,7434,141771,2549,3112,0.8190874035989717,6089.095758354755,female,55-59,242,0.0325531342480495,0.02666386221024363
E02003583,E06000046,7434,141771,2549,3112,0.8190874035989717,6089.095758354755,male,55-59,238,0.032015065913371,0.026223137215032992
E02003587,E06000046,8769,141771,2698,3288,0.8205596107055961,7195.487226277372,female,55-59,322,0.036720264568365836,0.030131165999224767
E02003587,E06000046,8769,141771,2698,3288,0.8205596107055961,7195.487226277372,male,55-59,283,0.03227277910822215,0.026481739061430462
E02003595,E06000046,7906,141771,2869,3554,0.8072594259988745,6382.193021947101,female,55-59,345,0.04363774348596003,0.03522697975836222
E02003595,E06000046,7906,141771,2869,3554,0.8072594259988745,6382.193021947101,male,55-59,321,0.040602074373893245,0.03277640725343267
E02003589,E06000046,8133,141771,2591,3092,0.8379689521345407,6815.201487710219,female,55-59,222,0.02729620066396164,0.02287336866763409
E02003589,E06000046,8133,141771,2591,3092,0.8379689521345407,6815.201487710219,male,55-59,290,0.03565719906553547,0.029879625736999486
E02003588,E06000046,8437,141771,3163,3770,0.8389920424403183,7078.575862068966,female,55-59,269,0.03188337086642171,0.026749894443101295
E02003588,E06000046,8437,141771,3163,3770,0.8389920424403183,7078.575862068966,male,55-59,320,0.03792817352139386,0.031821435768745035
E02003584,E06000046,6468,141771,1916,2355,0.8135881104033971,5262.287898089172,female,55-59,261,0.040352504638218926,0.03283031799865285
E02003584,E06000046,6468,141771,1916,2355,0.8135881104033971,5262.287898089172,male,55-59,230,0.035559678416821276,0.028930931569694084
E02003596,E06000046,8949,141771,3251,3941,0.8249175336209084,7382.187008373509,female,55-59,403,0.04503296457704772,0.037148482070535935
E02003596,E06000046,8949,141771,3251,3941,0.8249175336209084,7382.187008373509,male,55-59,353,0.03944574812828249,0.03253948925781436
E02003582,E06000046,8608,141771,2558,3102,0.8246292714377821,7098.408768536428,female,55-59,357,0.041473048327137545,0.03419988962631136
E02003582,E06000046,8608,141771,2558,3102,0.8246292714377821,7098.408768536428,male,55-59,315,0.03659386617100372,0.0301763731996865
E02003585,E06000046,6782,141771,2240,2754,0.813362381989833,5516.223674655048,female,55-59,278,0.04099085815393689,0.03334042202789348
E02003585,E06000046,6782,141771,2240,2754,0.813362381989833,5516.223674655048,male,55-59,259,0.03818932468298437,0.031061760090735288
E02003581,E06000046,7885,141771,2471,3021,0.8179410791128765,6449.465408805031,female,55-59,284,0.03601775523145213,0.029460401581237406
E02003581,E06000046,7885,141771,2471,3021,0.8179410791128765,6449.465408805031,male,55-59,283,0.035890932149651236,0.029356667772852764
E02003598,E06000046,7529,141771,2443,3034,0.8052076466710613,6062.4083717864205,female,55-59,331,0.0439633417452517,0.03539961894648975
E02003598,E06000046,7529,141771,2443,3034,0.8052076466710613,6062.4083717864205,male,55-59,305,0.04051002789215035,0.03261898422561744
E02003594,E06000046,9430,141771,3252,3972,0.8187311178247734,7720.634441087613,female,55-59,381,0.040402969247083774,0.03307916817510484
E02003594,E06000046,9430,141771,3252,3972,0.8187311178247734,7720.634441087613,male,55-59,334,0.03541887592788971,0.0289985358805381
E02003591,E06000046,9618,141771,3014,3646,0.8266593527153044,7950.809654415798,female,55-59,343,0.03566229985443959,0.02948057371401013
E02003591,E06000046,9618,141771,3014,3646,0.8266593527153044,7950.809654415798,male,55-59,311,0.0323352048242878,0.02673019948996254
E02003586,E06000046,7868,141771,2553,3094,0.8251454427925016,6492.244343891402,female,55-59,326,0.04143365531265887,0.03418879185947579
E02003586,E06000046,7868,141771,2553,3094,0.8251454427925016,6492.244343891402,male,55-59,269,0.03418912048805287,0.028210996963800576
E02003597,E06000046,5739,141771,1738,2191,0.7932450935645824,4552.433591967138,female,60-64,269,0.046872277400243946,0.03718120407194157
E02003597,E06000046,5739,141771,1738,2191,0.7932450935645824,4552.433591967138,male,60-64,227,0.039553929255967936,0.03137596031349716
E02003593,E06000046,5269,141771,1627,2043,0.7963778756730299,4196.115026921194,female,60-64,252,0.04782691212753843,0.038088294680129725
E02003593,E06000046,5269,141771,1627,2043,0.7963778756730299,4196.115026921194,male,60-64,250,0.047447333459859554,0.037786006627112824
E02003590,E06000046,7460,141771,2414,3031,0.7964368195315078,5941.418673705049,female,60-64,333,0.04463806970509383,0.03555140226595068
E02003590,E06000046,7460,141771,2414,3031,0.7964368195315078,5941.418673705049,male,60-64,277,0.0371313672922252,0.029572788071076092
E02003592,E06000046,9487,141771,3275,4047,0.8092414133926366,7677.273288855943,female,60-64,427,0.04500895962896596,0.03642311410547653
E02003592,E06000046,9487,141771,3275,4047,0.8092414133926366,7677.273288855943,male,60-64,338,0.035627701064614735,0.028831411165459172
E02003583,E06000046,7434,141771,2549,3112,0.8190874035989717,6089.095758354755,female,60-64,284,0.0382028517621738,0.03129147465995534
E02003583,E06000046,7434,141771,2549,3112,0.8190874035989717,6089.095758354755,male,60-64,232,0.03120796341135324,0.025562049722217033
E02003587,E06000046,8769,141771,2698,3288,0.8205596107055961,7195.487226277372,female,60-64,257,0.029307788801459688,0.024048787769567592
E02003587,E06000046,8769,141771,2698,3288,0.8205596107055961,7195.487226277372,male,60-64,253,0.028851636446573157,0.02367448757081946
E02003595,E06000046,7906,141771,2869,3554,0.8072594259988745,6382.193021947101,female,60-64,371,0.04692638502403238,0.03788176663870256
E02003595,E06000046,7906,141771,2869,3554,0.8072594259988745,6382.193021947101,male,60-64,361,0.045661522894004554,0.036860694761648584
E02003589,E06000046,8133,141771,2591,3092,0.8379689521345407,6815.201487710219,female,60-64,208,0.0255748186401082,0.02143090397688239
E02003589,E06000046,8133,141771,2591,3092,0.8379689521345407,6815.201487710219,male,60-64,253,0.031107832288208532,0.026067397625727136
E02003588,E06000046,8437,141771,3163,3770,0.8389920424403183,7078.575862068966,female,60-64,231,0.027379400260756193,0.02297109894556282
E02003588,E06000046,8437,141771,3163,3770,0.8389920424403183,7078.575862068966,male,60-64,255,0.030224013274860732,0.0253577066282187
E02003584,E06000046,6468,141771,1916,2355,0.8135881104033971,5262.287898089172,female,60-64,250,0.03865182436611008,0.03144666474966748
E02003584,E06000046,6468,141771,1916,2355,0.8135881104033971,5262.287898089172,male,60-64,233,0.0360235003092146,0.029308291546690096
E02003596,E06000046,8949,141771,3251,3941,0.8249175336209084,7382.187008373509,female,60-64,372,0.04156889037881328,0.034290906526648554
E02003596,E06000046,8949,141771,3251,3941,0.8249175336209084,7382.187008373509,male,60-64,331,0.03698737289082579,0.03051153242021686
E02003582,E06000046,8608,141771,2558,3102,0.8246292714377821,7098.408768536428,female,60-64,300,0.03485130111524164,0.028739403047320474
E02003582,E06000046,8608,141771,2558,3102,0.8246292714377821,7098.408768536428,male,60-64,295,0.03427044609665428,0.0282604129965318
E02003585,E06000046,6782,141771,2240,2754,0.813362381989833,5516.223674655048,female,60-64,294,0.04335004423473902,0.035259295238131955
E02003585,E06000046,6782,141771,2240,2754,0.813362381989833,5516.223674655048,male,60-64,263,0.0387791212031849,0.03154147839329491
E02003581,E06000046,7885,141771,2471,3021,0.8179410791128765,6449.465408805031,female,60-64,241,0.03056436271401395,0.024999847820697935
E02003581,E06000046,7885,141771,2471,3021,0.8179410791128765,6449.465408805031,male,60-64,283,0.035890932149651236,0.029356667772852764
E02003598,E06000046,7529,141771,2443,3034,0.8052076466710613,6062.4083717864205,female,60-64,315,0.04183822552795856,0.03368845911826063
E02003598,E06000046,7529,141771,2443,3034,0.8052076466710613,6062.4083717864205,male,60-64,319,0.04236950458228184,0.034116249075317906
E02003594,E06000046,9430,141771,3252,3972,0.8187311178247734,7720.634441087613,female,60-64,369,0.0391304347826087,0.03203730461053461
E02003594,E06000046,9430,141771,3252,3972,0.8187311178247734,7720.634441087613,male,60-64,363,0.038494167550371154,0.03151637282824949
E02003591,E06000046,9618,141771,3014,3646,0.8266593527153044,7950.809654415798,female,60-64,313,0.03254314826367228,0.02690209787896551
E02003591,E06000046,9618,141771,3014,3646,0.8266593527153044,7950.809654415798,male,60-64,291,0.03025577043044292,0.02501121559993279
E02003586,E06000046,7868,141771,2553,3094,0.8251454427925016,6492.244343891402,female,60-64,278,0.035332994407727504,0.029154859315749293
E02003586,E06000046,7868,141771,2553,3094,0.8251454427925016,6492.244343891402,male,60-64,246,0.03126588713777326,0.025798904286598295
E02003597,E06000046,5739,141771,1738,2191,0.7932450935645824,4552.433591967138,female,65-69,261,0.045478306325143755,0.0360754433560474
E02003597,E06000046,5739,141771,1738,2191,0.7932450935645824,4552.433591967138,male,65-69,248,0.04321310332810594,0.03427858219271936
E02003593,E06000046,5269,141771,1627,2043,0.7963778756730299,4196.115026921194,female,65-69,248,0.04706775479218068,0.03748371857409592
E02003593,E06000046,5269,141771,1627,2043,0.7963778756730299,4196.115026921194,male,65-69,254,0.048206490795217306,0.038390582733146626
E02003590,E06000046,7460,141771,2414,3031,0.7964368195315078,5941.418673705049,female,65-69,350,0.04691689008042895,0.03736633871796618
E02003590,E06000046,7460,141771,2414,3031,0.7964368195315078,5941.418673705049,male,65-69,315,0.04222520107238606,0.03362970484616957
E02003592,E06000046,9487,141771,3275,4047,0.8092414133926366,7677.273288855943,female,65-69,510,0.05375777379572046,0.043503016847290465
E02003592,E06000046,9487,141771,3275,4047,0.8092414133926366,7677.273288855943,male,65-69,462,0.04869821861494677,0.03940861526166313
E02003583,E06000046,7434,141771,2549,3112,0.8190874035989717,6089.095758354755,female,65-69,295,0.03968253968253968,0.03250346839678459
E02003583,E06000046,7434,141771,2549,3112,0.8190874035989717,6089.095758354755,male,65-69,251,0.033763788001076135,0.027655493449467567
E02003587,E06000046,8769,141771,2698,3288,0.8205596107055961,7195.487226277372,female,65-69,245,0.02793933173680009,0.022925887173323188
E02003587,E06000046,8769,141771,2698,3288,0.8205596107055961,7195.487226277372,male,65-69,245,0.02793933173680009,0.022925887173323188
E02003595,E06000046,7906,141771,2869,3554,0.8072594259988745,6382.193021947101,female,65-69,395,0.049962054136099165,0.0403323391436321
E02003595,E06000046,7906,141771,2869,3554,0.8072594259988745,6382.193021947101,male,65-69,318,0.0402226157348849,0.03247008569031648
E02003589,E06000046,8133,141771,2591,3092,0.8379689521345407,6815.201487710219,female,65-69,185,0.022746833886634697,0.01906114055636174
E02003589,E06000046,8133,141771,2591,3092,0.8379689521345407,6815.201487710219,male,65-69,188,0.02311570146317472,0.01937024013295139
E02003588,E06000046,8437,141771,3163,3770,0.8389920424403183,7078.575862068966,female,65-69,261,0.03093516652838687,0.025954358548882672
E02003588,E06000046,8437,141771,3163,3770,0.8389920424403183,7078.575862068966,male,65-69,251,0.02974991110584331,0.02495993868110939
E02003584,E06000046,6468,141771,1916,2355,0.8135881104033971,5262.287898089172,female,65-69,198,0.030612244897959183,0.024905758481736644
E02003584,E06000046,6468,141771,1916,2355,0.8135881104033971,5262.287898089172,male,65-69,220,0.034013605442176874,0.027673064979707385
E02003596,E06000046,8949,141771,3251,3941,0.8249175336209084,7382.187008373509,female,65-69,419,0.04682087384065259,0.03862335977060684
E02003596,E06000046,8949,141771,3251,3941,0.8249175336209084,7382.187008373509,male,65-69,354,0.039557492457257794,0.032631669114068784
E02003582,E06000046,8608,141771,2558,3102,0.8246292714377821,7098.408768536428,female,65-69,282,0.03276022304832714,0.027015038864481245
E02003582,E06000046,8608,141771,2558,3102,0.8246292714377821,7098.408768536428,male,65-69,295,0.03427044609665428,0.0282604129965318
E02003585,E06000046,6782,141771,2240,2754,0.813362381989833,5516.223674655048,female,65-69,309,0.04556178118549101,0.03705823887273052
E02003585,E06000046,6782,141771,2240,2754,0.813362381989833,5516.223674655048,male,65-69,283,0.04172810380418755,0.033940069906093
E02003581,E06000046,7885,141771,2471,3021,0.8179410791128765,6449.465408805031,female,65-69,226,0.028662016487000633,0.023443840694928355
E02003581,E06000046,7885,141771,2471,3021,0.8179410791128765,6449.465408805031,male,65-69,186,0.023589093214965124,0.019294488359542807
E02003598,E06000046,7529,141771,2443,3034,0.8052076466710613,6062.4083717864205,female,65-69,359,0.047682295125514675,0.038394148645890684
E02003598,E06000046,7529,141771,2443,3034,0.8052076466710613,6062.4083717864205,male,65-69,321,0.04263514410944348,0.034330144053846545
E02003594,E06000046,9430,141771,3252,3972,0.8187311178247734,7720.634441087613,female,65-69,346,0.036691410392364794,0.030040399445108334
E02003594,E06000046,9430,141771,3252,3972,0.8187311178247734,7720.634441087613,male,65-69,341,0.03616118769883351,0.029606289626537403
E02003591,E06000046,9618,141771,3014,3646,0.8266593527153044,7950.809654415798,female,65-69,293,0.030463713869827408,0.025183113988935767
E02003591,E06000046,9618,141771,3014,3646,0.8266593527153044,7950.809654415798,male,65-69,250,0.025992929923060928,0.021487298625371815
E02003586,E06000046,7868,141771,2553,3094,0.8251454427925016,6492.244343891402,female,65-69,275,0.034951703101169296,0.02884023853176639
E02003586,E06000046,7868,141771,2553,3094,0.8251454427925016,6492.244343891402,male,65-69,228,0.028978139298423997,0.02391117958270086
E02003597,E06000046,5739,141771,1738,2191,0.7932450935645824,4552.433591967138,female,70-74,291,0.05070569785676947,0.04022204604065054
E02003597,E06000046,5739,141771,1738,2191,0.7932450935645824,4552.433591967138,male,70-74,283,0.04931172678166928,0.03911628532475637
E02003593,E06000046,5269,141771,1627,2043,0.7963778756730299,4196.115026921194,female,70-74,275,0.05219206680584551,0.041564607289824106
E02003593,E06000046,5269,141771,1627,2043,0.7963778756730299,4196.115026921194,male,70-74,248,0.04706775479218068,0.03748371857409592
E02003590,E06000046,7460,141771,2414,3031,0.7964368195315078,5941.418673705049,female,70-74,454,0.060857908847184984,0.04846947936559042
E02003590,E06000046,7460,141771,2414,3031,0.7964368195315078,5941.418673705049,male,70-74,445,0.0596514745308311,0.04750863065569986
E02003592,E06000046,9487,141771,3275,4047,0.8092414133926366,7677.273288855943,female,70-74,529,0.05576051438811005,0.04512371747493462
E02003592,E06000046,9487,141771,3275,4047,0.8092414133926366,7677.273288855943,male,70-74,515,0.05428481079371772,0.04392951701245998
E02003583,E06000046,7434,141771,2549,3112,0.8190874035989717,6089.095758354755,female,70-74,348,0.046811945117029866,0.03834307458332555
E02003583,E06000046,7434,141771,2549,3112,0.8190874035989717,6089.095758354755,male,70-74,301,0.04048964218455744,0.03316455588960055
E02003587,E06000046,8769,141771,2698,3288,0.8205596107055961,7195.487226277372,female,70-74,257,0.029307788801459688,0.024048787769567592
E02003587,E06000046,8769,141771,2698,3288,0.8205596107055961,7195.487226277372,male,70-74,227,0.025886646139810697,0.02124153627895659
E02003595,E06000046,7906,141771,2869,3554,0.8072594259988745,6382.193021947101,female,70-74,423,0.05350366810017708,0.043191340399383236
E02003595,E06000046,7906,141771,2869,3554,0.8072594259988745,6382.193021947101,male,70-74,366,0.04629395395901847,0.03737123070017557
E02003589,E06000046,8133,141771,2591,3092,0.8379689521345407,6815.201487710219,female,70-74,156,0.01918111398008115,0.016073177982661793
E02003589,E06000046,8133,141771,2591,3092,0.8379689521345407,6815.201487710219,male,70-74,162,0.019918849133161196,0.016691377135841092
E02003588,E06000046,8437,141771,3163,3770,0.8389920424403183,7078.575862068966,female,70-74,222,0.02631267038046699,0.02207612106456687
E02003588,E06000046,8437,141771,3163,3770,0.8389920424403183,7078.575862068966,male,70-74,237,0.02809055351428233,0.023567750866226794
E02003584,E06000046,6468,141771,1916,2355,0.8135881104033971,5262.287898089172,female,70-74,237,0.036641929499072357,0.029811438182684773
E02003584,E06000046,6468,141771,1916,2355,0.8135881104033971,5262.287898089172,male,70-74,214,0.03308596165739023,0.026918345025715364
E02003596,E06000046,8949,141771,3251,3941,0.8249175336209084,7382.187008373509,female,70-74,362,0.04045144708906023,0.03336910796410424
E02003596,E06000046,8949,141771,3251,3941,0.8249175336209084,7382.187008373509,male,70-74,375,0.04190412336573919,0.03456744609541185
E02003582,E06000046,8608,141771,2558,3102,0.8246292714377821,7098.408768536428,female,70-74,343,0.03984665427509294,0.03285871748410307
E02003582,E06000046,8608,141771,2558,3102,0.8246292714377821,7098.408768536428,male,70-74,311,0.03612918215613383,0.02979318115905556
E02003585,E06000046,6782,141771,2240,2754,0.813362381989833,5516.223674655048,female,70-74,340,0.05013270421704512,0.040776055717567566
E02003585,E06000046,6782,141771,2240,2754,0.813362381989833,5516.223674655048,male,70-74,324,0.047773518136243,0.03885718250732909
E02003581,E06000046,7885,141771,2471,3021,0.8179410791128765,6449.465408805031,female,70-74,211,0.02675967025998732,0.021887833569158778
E02003581,E06000046,7885,141771,2471,3021,0.8179410791128765,6449.465408805031,male,70-74,243,0.030818008877615728,0.025207315437467216
E02003598,E06000046,7529,141771,2443,3034,0.8052076466710613,6062.4083717864205,female,70-74,369,0.04901049276132288,0.03946362353853388
E02003598,E06000046,7529,141771,2443,3034,0.8052076466710613,6062.4083717864205,male,70-74,396,0.052596626378005044,0.042351205748670503
E02003594,E06000046,9430,141771,3252,3972,0.8187311178247734,7720.634441087613,female,70-74,340,0.036055143160127257,0.02951946766282322
E02003594,E06000046,9430,141771,3252,3972,0.8187311178247734,7720.634441087613,male,70-74,353,0.03743372216330859,0.030648153191107638
E02003591,E06000046,9618,141771,3014,3646,0.8266593527153044,7950.809654415798,female,70-74,327,0.03399875233936369,0.028105386601986332
E02003591,E06000046,9618,141771,3014,3646,0.8266593527153044,7950.809654415798,male,70-74,314,0.032647119983364524,0.026988047073466997
E02003586,E06000046,7868,141771,2553,3094,0.8251454427925016,6492.244343891402,female,70-74,288,0.03660396542958821,0.03020359526235898
E02003586,E06000046,7868,141771,2553,3094,0.8251454427925016,6492.244343891402,male,70-74,256,0.03253685815963396,0.026847640233207983
E02003597,E06000046,5739,141771,1738,2191,0.7932450935645824,4552.433591967138,female,75-79,185,0.03223558111169193,0.02557071655505275
E02003597,E06000046,5739,141771,1738,2191,0.7932450935645824,4552.433591967138,male,75-79,142,0.0247429865830284,0.01962725270712157
E02003593,E06000046,5269,141771,1627,2043,0.7963778756730299,4196.115026921194,female,75-79,159,0.03017650408047068,0.024031900214843756
E02003593,E06000046,5269,141771,1627,2043,0.7963778756730299,4196.115026921194,male,75-79,168,0.03188460808502562,0.025392196453419818
E02003590,E06000046,7460,141771,2414,3031,0.7964368195315078,5941.418673705049,female,75-79,308,0.04128686327077748,0.03288237807181024
E02003590,E06000046,7460,141771,2414,3031,0.7964368195315078,5941.418673705049,male,75-79,271,0.036327077747989274,0.028932222264482388
E02003592,E06000046,9487,141771,3275,4047,0.8092414133926366,7677.273288855943,female,75-79,384,0.040476441446189525,0.03275521268501871
E02003592,E06000046,9487,141771,3275,4047,0.8092414133926366,7677.273288855943,male,75-79,389,0.04100347844418678,0.033181712850188214
E02003583,E06000046,7434,141771,2549,3112,0.8190874035989717,6089.095758354755,female,75-79,215,0.0289211729889696,0.02368896849257182
E02003583,E06000046,7434,141771,2549,3112,0.8190874035989717,6089.095758354755,male,75-79,197,0.02649986548291633,0.021705706014123947
E02003587,E06000046,8769,141771,2698,3288,0.8205596107055961,7195.487226277372,female,75-79,167,0.019044360816512715,0.015627033297734582
E02003587,E06000046,8769,141771,2698,3288,0.8205596107055961,7195.487226277372,male,75-79,151,0.017219751396966586,0.014129832502742048
E02003595,E06000046,7906,141771,2869,3554,0.8072594259988745,6382.193021947101,female,75-79,295,0.03731343283582089,0.030121620373092326
E02003595,E06000046,7906,141771,2869,3554,0.8072594259988745,6382.193021947101,male,75-79,284,0.03592208449279029,0.028998441308332956
E02003589,E06000046,8133,141771,2591,3092,0.8379689521345407,6815.201487710219,female,75-79,138,0.016967908520841016,0.014218580523123891
E02003589,E06000046,8133,141771,2591,3092,0.8379689521345407,6815.201487710219,male,75-79,123,0.015123570638140908,0.012673082640175644
E02003588,E06000046,8437,141771,3163,3770,0.8389920424403183,7078.575862068966,female,75-79,187,0.02216427640156454,0.018595651527360382
E02003588,E06000046,8437,141771,3163,3770,0.8389920424403183,7078.575862068966,male,75-79,174,0.02062344435225791,0.017302905699255113
E02003584,E06000046,6468,141771,1916,2355,0.8135881104033971,5262.287898089172,female,75-79,128,0.019789734075448363,0.016100692351829753
E02003584,E06000046,6468,141771,1916,2355,0.8135881104033971,5262.287898089172,male,75-79,124,0.0191713048855906,0.015597545715835071
E02003596,E06000046,8949,141771,3251,3941,0.8249175336209084,7382.187008373509,female,75-79,269,0.030059224494356912,0.0247963813324421
E02003596,E06000046,8949,141771,3251,3941,0.8249175336209084,7382.187008373509,male,75-79,239,0.026706894625097777,0.022030985644809153
E02003582,E06000046,8608,141771,2558,3102,0.8246292714377821,7098.408768536428,female,75-79,258,0.029972118959107806,0.024715886620695605
E02003582,E06000046,8608,141771,2558,3102,0.8246292714377821,7098.408768536428,male,75-79,205,0.023815055762081785,0.019638592082335656
E02003585,E06000046,6782,141771,2240,2754,0.813362381989833,5516.223674655048,female,75-79,262,0.03863167207313477,0.03142154881765501
E02003585,E06000046,6782,141771,2240,2754,0.813362381989833,5516.223674655048,male,75-79,254,0.037452079032733704,0.030462112212535766
E02003581,E06000046,7885,141771,2471,3021,0.8179410791128765,6449.465408805031,female,75-79,156,0.01978440076093849,0.016182474108003643
E02003581,E06000046,7885,141771,2471,3021,0.8179410791128765,6449.465408805031,male,75-79,136,0.017247939124920737,0.014107797940310871
E02003598,E06000046,7529,141771,2443,3034,0.8052076466710613,6062.4083717864205,female,75-79,224,0.029751627042103865,0.02395623759520756
E02003598,E06000046,7529,141771,2443,3034,0.8052076466710613,6062.4083717864205,male,75-79,256,0.034001859476690134,0.027378557251665787
E02003594,E06000046,9430,141771,3252,3972,0.8187311178247734,7720.634441087613,female,75-79,247,0.02619300106044539,0.021445025037403927
E02003594,E06000046,9430,141771,3252,3972,0.8187311178247734,7720.634441087613,male,75-79,226,0.023966065747613997,0.01962176379940602
E02003591,E06000046,9618,141771,3014,3646,0.8266593527153044,7950.809654415798,female,75-79,248,0.02578498648367644,0.02131540023636884
E02003591,E06000046,9618,141771,3014,3646,0.8266593527153044,7950.809654415798,male,75-79,206,0.021418174256602203,0.017705534067306374
E02003586,E06000046,7868,141771,2553,3094,0.8251454427925016,6492.244343891402,female,75-79,233,0.029613624809354346,0.0244355475560057
E02003586,E06000046,7868,141771,2553,3094,0.8251454427925016,6492.244343891402,male,75-79,196,0.02491103202846975,0.02055522455354986
E02003597,E06000046,5739,141771,1738,2191,0.7932450935645824,4552.433591967138,female,80-84,100,0.017424638438752395,0.013822008948677163
E02003597,E06000046,5739,141771,1738,2191,0.7932450935645824,4552.433591967138,male,80-84,106,0.01847011674507754,0.014651329485597792
E02003593,E06000046,5269,141771,1627,2043,0.7963778756730299,4196.115026921194,female,80-84,133,0.025241981400645284,0.020102155525624023
E02003593,E06000046,5269,141771,1627,2043,0.7963778756730299,4196.115026921194,male,80-84,96,0.01821977604858607,0.014509826544811325
E02003590,E06000046,7460,141771,2414,3031,0.7964368195315078,5941.418673705049,female,80-84,256,0.03431635388739947,0.027330807747998127
E02003590,E06000046,7460,141771,2414,3031,0.7964368195315078,5941.418673705049,male,80-84,215,0.028820375335120642,0.022953608069607796
E02003592,E06000046,9487,141771,3275,4047,0.8092414133926366,7677.273288855943,female,80-84,291,0.030673553283440496,0.024822309612865735
E02003592,E06000046,9487,141771,3275,4047,0.8092414133926366,7677.273288855943,male,80-84,263,0.027722146094655845,0.022433908687916455
E02003583,E06000046,7434,141771,2549,3112,0.8190874035989717,6089.095758354755,female,80-84,131,0.01762173796072101,0.014433743593148411
E02003583,E06000046,7434,141771,2549,3112,0.8190874035989717,6089.095758354755,male,80-84,112,0.015065913370998116,0.012340299865897878
E02003587,E06000046,8769,141771,2698,3288,0.8205596107055961,7195.487226277372,female,80-84,113,0.012886304025544531,0.010573980614634777
E02003587,E06000046,8769,141771,2698,3288,0.8205596107055961,7195.487226277372,male,80-84,80,0.009123047097730642,0.007486003974962674
E02003595,E06000046,7906,141771,2869,3554,0.8072594259988745,6382.193021947101,female,80-84,189,0.023905894257525928,0.01929825847632017
E02003595,E06000046,7906,141771,2869,3554,0.8072594259988745,6382.193021947101,male,80-84,170,0.021502656210473058,0.017358221909917614
E02003589,E06000046,8133,141771,2591,3092,0.8379689521345407,6815.201487710219,female,80-84,98,0.012049674166974056,0.010097252835261894
E02003589,E06000046,8133,141771,2591,3092,0.8379689521345407,6815.201487710219,male,80-84,81,0.009959424566580598,0.008345688567920546
E02003588,E06000046,8437,141771,3163,3770,0.8389920424403183,7078.575862068966,female,80-84,134,0.01588242266208368,0.013325226228161985
E02003588,E06000046,8437,141771,3163,3770,0.8389920424403183,7078.575862068966,male,80-84,93,0.01102287542965509,0.009248104770291527
E02003584,E06000046,6468,141771,1916,2355,0.8135881104033971,5262.287898089172,female,80-84,80,0.012368583797155226,0.010062932719893595
E02003584,E06000046,6468,141771,1916,2355,0.8135881104033971,5262.287898089172,male,80-84,58,0.008967223252937539,0.0072956262219228555
E02003596,E06000046,8949,141771,3251,3941,0.8249175336209084,7382.187008373509,female,80-84,198,0.02212537713711029,0.018251611538377455
E02003596,E06000046,8949,141771,3251,3941,0.8249175336209084,7382.187008373509,male,80-84,179,0.020002234886579505,0.016500194269543255
E02003582,E06000046,8608,141771,2558,3102,0.8246292714377821,7098.408768536428,female,80-84,206,0.023931226765799257,0.019734390092493392
E02003582,E06000046,8608,141771,2558,3102,0.8246292714377821,7098.408768536428,male,80-84,138,0.016031598513011152,0.013220125401767417
E02003585,E06000046,6782,141771,2240,2754,0.813362381989833,5516.223674655048,female,80-84,204,0.03007962253022707,0.024465633430540538
E02003585,E06000046,6782,141771,2240,2754,0.813362381989833,5516.223674655048,male,80-84,142,0.020937776467118845,0.017029999740866456
E02003581,E06000046,7885,141771,2471,3021,0.8179410791128765,6449.465408805031,female,80-84,118,0.014965123652504755,0.012240589389387371
E02003581,E06000046,7885,141771,2471,3021,0.8179410791128765,6449.465408805031,male,80-84,80,0.010145846544071021,0.008298704670771099
E02003598,E06000046,7529,141771,2443,3034,0.8052076466710613,6062.4083717864205,female,80-84,146,0.01939168548279984,0.015614333432590641
E02003598,E06000046,7529,141771,2443,3034,0.8052076466710613,6062.4083717864205,male,80-84,135,0.01793066808341081,0.014437911050683127
E02003594,E06000046,9430,141771,3252,3972,0.8187311178247734,7720.634441087613,female,80-84,183,0.019406150583244963,0.015888419359696027
E02003594,E06000046,9430,141771,3252,3972,0.8187311178247734,7720.634441087613,male,80-84,170,0.018027571580063628,0.01475973383141161
E02003591,E06000046,9618,141771,3014,3646,0.8266593527153044,7950.809654415798,female,80-84,140,0.01455604075691412,0.012032887230208216
E02003591,E06000046,9618,141771,3014,3646,0.8266593527153044,7950.809654415798,male,80-84,127,0.013204408400914951,0.010915547701688882
E02003586,E06000046,7868,141771,2553,3094,0.8251454427925016,6492.244343891402,female,80-84,163,0.020716827656329435,0.017094395929737896
E02003586,E06000046,7868,141771,2553,3094,0.8251454427925016,6492.244343891402,male,80-84,101,0.012836807320793085,0.010592233060757836
E02003597,E06000046,5739,141771,1738,2191,0.7932450935645824,4552.433591967138,female,85-89,90,0.015682174594877155,0.012439808053809445
E02003597,E06000046,5739,141771,1738,2191,0.7932450935645824,4552.433591967138,male,85-89,82,0.014288203519776964,0.011334047337915274
E02003593,E06000046,5269,141771,1627,2043,0.7963778756730299,4196.115026921194,female,85-89,78,0.01480356803947618,0.0117892340676592
E02003593,E06000046,5269,141771,1627,2043,0.7963778756730299,4196.115026921194,male,85-89,78,0.01480356803947618,0.0117892340676592
E02003590,E06000046,7460,141771,2414,3031,0.7964368195315078,5941.418673705049,female,85-89,183,0.02453083109919571,0.019537257101108034
E02003590,E06000046,7460,141771,2414,3031,0.7964368195315078,5941.418673705049,male,85-89,124,0.016621983914209115,0.01323836000293659
E02003592,E06000046,9487,141771,3275,4047,0.8092414133926366,7677.273288855943,female,85-89,174,0.018340887530304627,0.0148422057478991
E02003592,E06000046,9487,141771,3275,4047,0.8092414133926366,7677.273288855943,male,85-89,137,0.014440813745124908,0.011686104525644694
E02003583,E06000046,7434,141771,2549,3112,0.8190874035989717,6089.095758354755,female,85-89,70,0.009416195856873822,0.007712687416186173
E02003583,E06000046,7434,141771,2549,3112,0.8190874035989717,6089.095758354755,male,85-89,46,0.006187785848802798,0.005068337444922344
E02003587,E06000046,8769,141771,2698,3288,0.8205596107055961,7195.487226277372,female,85-89,73,0.00832478047667921,0.00683097862715344
E02003587,E06000046,8769,141771,2698,3288,0.8205596107055961,7195.487226277372,male,85-89,61,0.006956323412019615,0.005708078030909039
E02003595,E06000046,7906,141771,2869,3554,0.8072594259988745,6382.193021947101,female,85-89,119,0.01505185934733114,0.01215075533694233
E02003595,E06000046,7906,141771,2869,3554,0.8072594259988745,6382.193021947101,male,85-89,97,0.012269162661269921,0.009904397207423579
E02003589,E06000046,8133,141771,2591,3092,0.8379689521345407,6815.201487710219,female,85-89,78,0.009590556990040576,0.008036588991330897
E02003589,E06000046,8133,141771,2591,3092,0.8379689521345407,6815.201487710219,male,85-89,40,0.004918234353866961,0.0041213276878619975
E02003588,E06000046,8437,141771,3163,3770,0.8389920424403183,7078.575862068966,female,85-89,99,0.011734028683181226,0.009844756690955496
E02003588,E06000046,8437,141771,3163,3770,0.8389920424403183,7078.575862068966,male,85-89,51,0.006044802654972146,0.00507154132564374
E02003584,E06000046,6468,141771,1916,2355,0.8135881104033971,5262.287898089172,female,85-89,77,0.011904761904761904,0.009685572742897584
E02003584,E06000046,6468,141771,1916,2355,0.8135881104033971,5262.287898089172,male,85-89,36,0.0055658627087198514,0.004528319723952117
E02003596,E06000046,8949,141771,3251,3941,0.8249175336209084,7382.187008373509,female,85-89,140,0.01564420605654263,0.012905179875620423
E02003596,E06000046,8949,141771,3251,3941,0.8249175336209084,7382.187008373509,male,85-89,90,0.010056989607777405,0.008296187062898844
E02003582,E06000046,8608,141771,2558,3102,0.8246292714377821,7098.408768536428,female,85-89,89,0.010339219330855019,0.008526022904038408
E02003582,E06000046,8608,141771,2558,3102,0.8246292714377821,7098.408768536428,male,85-89,84,0.009758364312267658,0.008047032853249732
E02003585,E06000046,6782,141771,2240,2754,0.813362381989833,5516.223674655048,female,85-89,108,0.015924506045414333,0.012952394169109697
E02003585,E06000046,6782,141771,2240,2754,0.813362381989833,5516.223674655048,male,85-89,64,0.009436744323208493,0.007675492840953895
E02003581,E06000046,7885,141771,2471,3021,0.8179410791128765,6449.465408805031,female,85-89,104,0.013189600507292327,0.01078831607200243
E02003581,E06000046,7885,141771,2471,3021,0.8179410791128765,6449.465408805031,male,85-89,57,0.007228915662650603,0.005912827077924409
E02003598,E06000046,7529,141771,2443,3034,0.8052076466710613,6062.4083717864205,female,85-89,107,0.014211714703147828,0.011443381351282183
E02003598,E06000046,7529,141771,2443,3034,0.8052076466710613,6062.4083717864205,male,85-89,76,0.010094302032142382,0.00812800918408828
E02003594,E06000046,9430,141771,3252,3972,0.8187311178247734,7720.634441087613,female,85-89,130,0.013785790031813362,0.011286855282844172
E02003594,E06000046,9430,141771,3252,3972,0.8187311178247734,7720.634441087613,male,85-89,89,0.00943796394485684,0.007727154770562548
E02003591,E06000046,9618,141771,3014,3646,0.8266593527153044,7950.809654415798,female,85-89,121,0.012580578082761489,0.010399852534679958
E02003591,E06000046,9618,141771,3014,3646,0.8266593527153044,7950.809654415798,male,85-89,78,0.008109794135995009,0.006704037171116005
E02003586,E06000046,7868,141771,2553,3094,0.8251454427925016,6492.244343891402,female,85-89,99,0.012582613116420945,0.0103824858714359
E02003586,E06000046,7868,141771,2553,3094,0.8251454427925016,6492.244343891402,male,85-89,44,0.005592272496187087,0.004614438165082621
E02003597,E06000046,5739,141771,1738,2191,0.7932450935645824,4552.433591967138,female,90+,41,0.007144101759888482,0.005667023668957637
E02003597,E06000046,5739,141771,1738,2191,0.7932450935645824,4552.433591967138,male,90+,26,0.0045304059940756225,0.003593722326656062
E02003593,E06000046,5269,141771,1627,2043,0.7963778756730299,4196.115026921194,female,90+,55,0.010438413361169102,0.008312921457964821
E02003593,E06000046,5269,141771,1627,2043,0.7963778756730299,4196.115026921194,male,90+,19,0.003605997342949326,0.0028717365036605744
E02003590,E06000046,7460,141771,2414,3031,0.7964368195315078,5941.418673705049,female,90+,117,0.015683646112600536,0.012491033228577267
E02003590,E06000046,7460,141771,2414,3031,0.7964368195315078,5941.418673705049,male,90+,62,0.008310991957104557,0.006619180001468295
E02003592,E06000046,9487,141771,3275,4047,0.8092414133926366,7677.273288855943,female,90+,141,0.014862443343522715,0.012027304657780305
E02003592,E06000046,9487,141771,3275,4047,0.8092414133926366,7677.273288855943,male,90+,74,0.007800147570359439,0.006312202444508812
E02003583,E06000046,7434,141771,2549,3112,0.8190874035989717,6089.095758354755,female,90+,55,0.007398439601829432,0.006059968684146279
E02003583,E06000046,7434,141771,2549,3112,0.8190874035989717,6089.095758354755,male,90+,24,0.003228410008071025,0.002644349971263831
E02003587,E06000046,8769,141771,2698,3288,0.8205596107055961,7195.487226277372,female,90+,52,0.005929980613524917,0.004865902583725738
E02003587,E06000046,8769,141771,2698,3288,0.8205596107055961,7195.487226277372,male,90+,21,0.0023947998631542937,0.001965076043427702
E02003595,E06000046,7906,141771,2869,3554,0.8072594259988745,6382.193021947101,female,90+,86,0.010877814318239311,0.008781218142664204
E02003595,E06000046,7906,141771,2869,3554,0.8072594259988745,6382.193021947101,male,90+,38,0.004806476094105743,0.003880073132805114
E02003589,E06000046,8133,141771,2591,3092,0.8379689521345407,6815.201487710219,female,90+,38,0.004672322636173613,0.003915261303468897
E02003589,E06000046,8133,141771,2591,3092,0.8379689521345407,6815.201487710219,male,90+,15,0.0018443378827001106,0.001545497882948249
E02003588,E06000046,8437,141771,3163,3770,0.8389920424403183,7078.575862068966,female,90+,65,0.007704160246533128,0.006463729140526335
E02003588,E06000046,8437,141771,3163,3770,0.8389920424403183,7078.575862068966,male,90+,40,0.004741021690174233,0.003977679471093129
E02003584,E06000046,6468,141771,1916,2355,0.8135881104033971,5262.287898089172,female,90+,52,0.008039579468150896,0.0065409062679308355
E02003584,E06000046,6468,141771,1916,2355,0.8135881104033971,5262.287898089172,male,90+,16,0.0024737167594310453,0.002012586543978719
E02003596,E06000046,8949,141771,3251,3941,0.8249175336209084,7382.187008373509,female,90+,135,0.015085484411666107,0.012444280594348265
E02003596,E06000046,8949,141771,3251,3941,0.8249175336209084,7382.187008373509,male,90+,40,0.00446977315901218,0.003687194250177264
E02003582,E06000046,8608,141771,2558,3102,0.8246292714377821,7098.408768536428,female,90+,79,0.009177509293680297,0.007568042802461057
E02003582,E06000046,8608,141771,2558,3102,0.8246292714377821,7098.408768536428,male,90+,31,0.0036013011152416356,0.002969738314889782
E02003585,E06000046,6782,141771,2240,2754,0.813362381989833,5516.223674655048,female,90+,89,0.01312297257446181,0.010673732231951508
E02003585,E06000046,6782,141771,2240,2754,0.813362381989833,5516.223674655048,male,90+,46,0.006782659982306104,0.005516760479435612
E02003581,E06000046,7885,141771,2471,3021,0.8179410791128765,6449.465408805031,female,90+,72,0.009131261889663919,0.007468834203693989
E02003581,E06000046,7885,141771,2471,3021,0.8179410791128765,6449.465408805031,male,90+,30,0.003804692454026633,0.0031120142515391625
E02003598,E06000046,7529,141771,2443,3034,0.8052076466710613,6062.4083717864205,female,90+,72,0.0095630229778191,0.007700219227031001
E02003598,E06000046,7529,141771,2443,3034,0.8052076466710613,6062.4083717864205,male,90+,47,0.006242528888298579,0.005026531995423015
E02003594,E06000046,9430,141771,3252,3972,0.8187311178247734,7720.634441087613,female,90+,93,0.009862142099681866,0.008074442625419292
E02003594,E06000046,9430,141771,3252,3972,0.8187311178247734,7720.634441087613,male,90+,64,0.006786850477200424,0.005556605677707899
E02003591,E06000046,9618,141771,3014,3646,0.8266593527153044,7950.809654415798,female,90+,80,0.008317737575379496,0.00687593556011898
E02003591,E06000046,9618,141771,3014,3646,0.8266593527153044,7950.809654415798,male,90+,57,0.005926388022457892,0.004899104086584774
E02003586,E06000046,7868,141771,2553,3094,0.8251454427925016,6492.244343891402,female,90+,73,0.009278088459583122,0.0076557724102507135
E02003586,E06000046,7868,141771,2553,3094,0.8251454427925016,6492.244343891402,male,90+,26,0.0033045246568378242,0.002726713461185186
